alignment	ts	sha	stage	rc
all-runs	2026-09-19T01:55:04Z	7f0f4cc	10-fixture-integrity	0
all-runs	2026-09-19T01:55:04Z	7f0f4cc	20-receipt-freshness	0
all-runs	2026-09-19T01:55:04Z	7f0f4cc	30-no-secrets	0
all-runs	2026-09-19T01:55:05Z	7f0f4cc	40-omp-compact-replay	0
all-runs	2026-09-19T01:55:06Z	7f0f4cc	50-house-gates	0
all-runs	2026-09-19T01:55:09Z	7f0f4cc	60-staged-deletion-lane	0
all-runs	2026-09-19T01:55:09Z	7f0f4cc	70-tests-registry-sync	0
all-runs	2026-09-19T02:00:44Z	7f0f4cc	10-fixture-integrity	0
all-runs	2026-09-19T02:00:44Z	7f0f4cc	20-receipt-freshness	0
all-runs	2026-09-19T02:00:44Z	7f0f4cc	30-no-secrets	0
all-runs	2026-09-19T02:00:45Z	7f0f4cc	40-omp-compact-replay	0
all-runs	2026-09-19T02:00:45Z	7f0f4cc	50-house-gates	0
all-runs	2026-09-19T02:00:48Z	7f0f4cc	60-staged-deletion-lane	0
all-runs	2026-09-19T02:00:48Z	7f0f4cc	70-tests-registry-sync	0
all-runs	2026-09-19T02:06:33Z	7f0f4cc	10-fixture-integrity	0
all-runs	2026-09-19T02:06:33Z	7f0f4cc	20-receipt-freshness	0
all-runs	2026-09-19T02:06:33Z	7f0f4cc	30-no-secrets	0
all-runs	2026-09-19T02:06:34Z	7f0f4cc	40-omp-compact-replay	0
all-runs	2026-09-19T02:06:35Z	7f0f4cc	50-house-gates	0
all-runs	2026-09-19T02:06:38Z	7f0f4cc	60-staged-deletion-lane	0
all-runs	2026-09-19T02:06:38Z	7f0f4cc	70-tests-registry-sync	0
all-runs	2026-09-19T02:06:54Z	7f0f4cc	80-lane-instrument-selftests	0
all-runs	2026-09-19T02:06:54Z	7f0f4cc	90-sidecar-verifier-wrapper	0
all-runs	2026-09-19T02:06:54Z	7f0f4cc	95-numerals-ratchet	0
all-runs	2026-09-19T02:06:54Z	7f0f4cc	96-verdict-status-agreement	0
all-runs	2026-09-19T02:06:54Z	7f0f4cc	97-readme-counts	0
all-runs	2026-09-19T02:07:54Z	7f0f4cc	10-fixture-integrity	0
all-runs	2026-09-19T02:07:54Z	7f0f4cc	20-receipt-freshness	0
all-runs	2026-09-19T02:07:54Z	7f0f4cc	30-no-secrets	0
all-runs	2026-09-19T02:07:55Z	7f0f4cc	40-omp-compact-replay	0
all-runs	2026-09-19T02:07:55Z	7f0f4cc	50-house-gates	0
all-runs	2026-09-19T02:07:58Z	7f0f4cc	60-staged-deletion-lane	0
all-runs	2026-09-19T02:07:58Z	7f0f4cc	70-tests-registry-sync	0
all-runs	2026-09-19T02:08:16Z	7f0f4cc	80-lane-instrument-selftests	0
all-runs	2026-09-19T02:08:16Z	7f0f4cc	90-sidecar-verifier-wrapper	0
all-runs	2026-09-19T02:08:16Z	7f0f4cc	95-numerals-ratchet	0
all-runs	2026-09-19T02:08:16Z	7f0f4cc	96-verdict-status-agreement	0
all-runs	2026-09-19T02:08:16Z	7f0f4cc	97-readme-counts	0
all-runs	2026-09-19T02:25:36Z	b4375e7	10-fixture-integrity	0
all-runs	2026-09-19T02:25:36Z	b4375e7	20-receipt-freshness	0
all-runs	2026-09-19T02:25:36Z	b4375e7	30-no-secrets	0
all-runs	2026-09-19T02:25:37Z	b4375e7	40-omp-compact-replay	0
all-runs	2026-09-19T02:25:38Z	b4375e7	50-house-gates	0
all-runs	2026-09-19T02:25:41Z	b4375e7	60-staged-deletion-lane	0
all-runs	2026-09-19T02:25:41Z	b4375e7	70-tests-registry-sync	0
all-runs	2026-09-19T02:25:57Z	b4375e7	80-lane-instrument-selftests	0
all-runs	2026-09-19T02:25:57Z	b4375e7	90-sidecar-verifier-wrapper	0
all-runs	2026-09-19T02:25:58Z	b4375e7	95-numerals-ratchet	0
all-runs	2026-09-19T02:25:58Z	b4375e7	96-verdict-status-agreement	0
all-runs	2026-09-19T02:25:58Z	b4375e7	97-readme-counts	0
all-runs	2026-09-19T02:43:49Z	1fd02d2	10-fixture-integrity	0
all-runs	2026-09-19T02:43:49Z	1fd02d2	20-receipt-freshness	0
all-runs	2026-09-19T02:43:49Z	1fd02d2	30-no-secrets	0
all-runs	2026-09-19T02:43:50Z	1fd02d2	40-omp-compact-replay	0
all-runs	2026-09-19T02:43:50Z	1fd02d2	50-house-gates	0
all-runs	2026-09-19T02:43:55Z	1fd02d2	60-staged-deletion-lane	0
all-runs	2026-09-19T02:43:55Z	1fd02d2	70-tests-registry-sync	0
all-runs	2026-09-19T02:44:10Z	1fd02d2	80-lane-instrument-selftests	0
all-runs	2026-09-19T02:44:10Z	1fd02d2	90-sidecar-verifier-wrapper	0
all-runs	2026-09-19T02:44:10Z	1fd02d2	95-numerals-ratchet	0
all-runs	2026-09-19T02:44:10Z	1fd02d2	96-verdict-status-agreement	0
all-runs	2026-09-19T02:44:10Z	1fd02d2	97-readme-counts	0
all-runs	2026-09-19T02:46:33Z	dfba8c1	10-fixture-integrity	0
all-runs	2026-09-19T02:46:33Z	dfba8c1	20-receipt-freshness	0
all-runs	2026-09-19T02:46:33Z	dfba8c1	30-no-secrets	0
all-runs	2026-09-19T02:46:34Z	dfba8c1	40-omp-compact-replay	0
all-runs	2026-09-19T02:46:34Z	dfba8c1	50-house-gates	0
all-runs	2026-09-19T02:46:37Z	dfba8c1	60-staged-deletion-lane	0
all-runs	2026-09-19T02:46:37Z	dfba8c1	70-tests-registry-sync	0
all-runs	2026-09-19T02:46:53Z	dfba8c1	80-lane-instrument-selftests	0
all-runs	2026-09-19T02:46:53Z	dfba8c1	90-sidecar-verifier-wrapper	0
all-runs	2026-09-19T02:46:53Z	dfba8c1	95-numerals-ratchet	0
all-runs	2026-09-19T02:46:53Z	dfba8c1	96-verdict-status-agreement	0
all-runs	2026-09-19T02:46:53Z	dfba8c1	97-readme-counts	0
all-runs	2026-09-19T02:51:08Z	155b76b	10-fixture-integrity	0
all-runs	2026-09-19T02:51:08Z	155b76b	20-receipt-freshness	0
all-runs	2026-09-19T02:51:08Z	155b76b	30-no-secrets	0
all-runs	2026-09-19T02:51:09Z	155b76b	40-omp-compact-replay	0
all-runs	2026-09-19T02:51:09Z	155b76b	50-house-gates	0
all-runs	2026-09-19T02:51:13Z	155b76b	60-staged-deletion-lane	0
all-runs	2026-09-19T02:51:13Z	155b76b	70-tests-registry-sync	0
all-runs	2026-09-19T02:51:28Z	155b76b	80-lane-instrument-selftests	0
all-runs	2026-09-19T02:51:28Z	155b76b	90-sidecar-verifier-wrapper	0
all-runs	2026-09-19T02:51:28Z	155b76b	95-numerals-ratchet	0
all-runs	2026-09-19T02:51:28Z	155b76b	96-verdict-status-agreement	0
all-runs	2026-09-19T02:51:28Z	155b76b	97-readme-counts	0
all-runs	2026-09-19T02:53:37Z	d185fdf	10-fixture-integrity	0
all-runs	2026-09-19T02:53:37Z	d185fdf	20-receipt-freshness	0
all-runs	2026-09-19T02:53:37Z	d185fdf	30-no-secrets	0
all-runs	2026-09-19T02:54:08Z	d185fdf	10-fixture-integrity	0
all-runs	2026-09-19T02:54:08Z	d185fdf	20-receipt-freshness	0
all-runs	2026-09-19T02:54:08Z	d185fdf	30-no-secrets	0
all-runs	2026-09-19T02:54:09Z	d185fdf	40-omp-compact-replay	0
all-runs	2026-09-19T02:54:10Z	d185fdf	50-house-gates	0
all-runs	2026-09-19T02:54:12Z	d185fdf	60-staged-deletion-lane	0
all-runs	2026-09-19T02:54:12Z	d185fdf	70-tests-registry-sync	0
all-runs	2026-09-19T02:54:27Z	d185fdf	80-lane-instrument-selftests	0
all-runs	2026-09-19T02:54:27Z	d185fdf	90-sidecar-verifier-wrapper	0
all-runs	2026-09-19T02:54:28Z	d185fdf	95-numerals-ratchet	0
all-runs	2026-09-19T02:54:28Z	d185fdf	96-verdict-status-agreement	0
all-runs	2026-09-19T02:54:28Z	d185fdf	97-readme-counts	0
all-runs	2026-09-19T03:01:17Z	d6c65cd	10-fixture-integrity	0
all-runs	2026-09-19T03:01:17Z	d6c65cd	20-receipt-freshness	0
all-runs	2026-09-19T03:01:17Z	d6c65cd	30-no-secrets	0
all-runs	2026-09-19T03:01:18Z	d6c65cd	40-omp-compact-replay	0
all-runs	2026-09-19T03:01:19Z	d6c65cd	50-house-gates	0
all-runs	2026-09-19T03:01:22Z	d6c65cd	60-staged-deletion-lane	0
all-runs	2026-09-19T03:01:22Z	d6c65cd	70-tests-registry-sync	0
all-runs	2026-09-19T03:01:37Z	d6c65cd	80-lane-instrument-selftests	0
all-runs	2026-09-19T03:01:38Z	d6c65cd	90-sidecar-verifier-wrapper	0
all-runs	2026-09-19T03:01:38Z	d6c65cd	95-numerals-ratchet	0
all-runs	2026-09-19T03:01:38Z	d6c65cd	96-verdict-status-agreement	0
all-runs	2026-09-19T03:01:38Z	d6c65cd	97-readme-counts	0
all-runs	2026-09-19T03:04:46Z	4c19790	10-fixture-integrity	0
all-runs	2026-09-19T03:04:46Z	4c19790	20-receipt-freshness	0
all-runs	2026-09-19T03:04:46Z	4c19790	30-no-secrets	0
all-runs	2026-09-19T03:04:47Z	4c19790	40-omp-compact-replay	0
all-runs	2026-09-19T03:04:47Z	4c19790	50-house-gates	0
all-runs	2026-09-19T03:04:50Z	4c19790	60-staged-deletion-lane	0
all-runs	2026-09-19T03:04:50Z	4c19790	70-tests-registry-sync	0
all-runs	2026-09-19T03:05:05Z	4c19790	80-lane-instrument-selftests	0
all-runs	2026-09-19T03:05:05Z	4c19790	90-sidecar-verifier-wrapper	0
all-runs	2026-09-19T03:05:05Z	4c19790	95-numerals-ratchet	0
all-runs	2026-09-19T03:05:05Z	4c19790	96-verdict-status-agreement	0
all-runs	2026-09-19T03:05:05Z	4c19790	97-readme-counts	0
all-runs	2026-09-19T03:22:12Z	762cfd1	10-fixture-integrity	0
all-runs	2026-09-19T03:22:12Z	762cfd1	20-receipt-freshness	0
all-runs	2026-09-19T03:22:12Z	762cfd1	30-no-secrets	0
all-runs	2026-09-19T03:22:13Z	762cfd1	40-omp-compact-replay	0
all-runs	2026-09-19T03:22:13Z	762cfd1	50-house-gates	0
all-runs	2026-09-19T03:22:17Z	762cfd1	60-staged-deletion-lane	0
all-runs	2026-09-19T03:22:17Z	762cfd1	70-tests-registry-sync	0
all-runs	2026-09-19T03:22:32Z	762cfd1	80-lane-instrument-selftests	0
all-runs	2026-09-19T03:22:32Z	762cfd1	90-sidecar-verifier-wrapper	0
all-runs	2026-09-19T03:22:33Z	762cfd1	95-numerals-ratchet	0
all-runs	2026-09-19T03:22:33Z	762cfd1	96-verdict-status-agreement	0
all-runs	2026-09-19T03:22:33Z	762cfd1	97-readme-counts	0
all-runs	2026-09-19T03:41:38Z	88fd55b	10-fixture-integrity	0
all-runs	2026-09-19T03:41:38Z	88fd55b	20-receipt-freshness	0
all-runs	2026-09-19T03:41:38Z	88fd55b	30-no-secrets	0
all-runs	2026-09-19T03:41:39Z	88fd55b	40-omp-compact-replay	0
all-runs	2026-09-19T03:41:40Z	88fd55b	50-house-gates	0
all-runs	2026-09-19T03:41:42Z	88fd55b	60-staged-deletion-lane	0
all-runs	2026-09-19T03:41:43Z	88fd55b	70-tests-registry-sync	0
all-runs	2026-09-19T03:41:58Z	88fd55b	80-lane-instrument-selftests	0
all-runs	2026-09-19T03:41:58Z	88fd55b	90-sidecar-verifier-wrapper	0
all-runs	2026-09-19T03:41:58Z	88fd55b	95-numerals-ratchet	0
all-runs	2026-09-19T03:41:58Z	88fd55b	96-verdict-status-agreement	0
all-runs	2026-09-19T03:41:58Z	88fd55b	97-readme-counts	0
all-runs	2026-09-19T03:47:58Z	aac5d5a	10-fixture-integrity	0
all-runs	2026-09-19T03:47:58Z	aac5d5a	20-receipt-freshness	0
all-runs	2026-09-19T03:47:58Z	aac5d5a	30-no-secrets	0
all-runs	2026-09-19T03:47:59Z	aac5d5a	40-omp-compact-replay	0
all-runs	2026-09-19T03:48:00Z	aac5d5a	50-house-gates	0
all-runs	2026-09-19T03:48:03Z	aac5d5a	60-staged-deletion-lane	0
all-runs	2026-09-19T03:48:03Z	aac5d5a	70-tests-registry-sync	0
all-runs	2026-09-19T03:48:18Z	aac5d5a	80-lane-instrument-selftests	0
all-runs	2026-09-19T03:48:18Z	aac5d5a	90-sidecar-verifier-wrapper	0
all-runs	2026-09-19T03:48:18Z	aac5d5a	95-numerals-ratchet	0
all-runs	2026-09-19T03:48:18Z	aac5d5a	96-verdict-status-agreement	0
all-runs	2026-09-19T03:48:18Z	aac5d5a	97-readme-counts	0
all-runs	2026-09-19T03:50:11Z	871a55c	10-fixture-integrity	0
all-runs	2026-09-19T03:50:11Z	871a55c	20-receipt-freshness	0
all-runs	2026-09-19T03:50:11Z	871a55c	30-no-secrets	0
all-runs	2026-09-19T03:50:12Z	871a55c	40-omp-compact-replay	0
all-runs	2026-09-19T03:50:13Z	871a55c	50-house-gates	0
all-runs	2026-09-19T03:50:16Z	871a55c	60-staged-deletion-lane	0
all-runs	2026-09-19T03:50:16Z	871a55c	70-tests-registry-sync	0
all-runs	2026-09-19T03:50:34Z	871a55c	10-fixture-integrity	0
all-runs	2026-09-19T03:50:34Z	871a55c	20-receipt-freshness	0
all-runs	2026-09-19T03:50:35Z	871a55c	30-no-secrets	0
all-runs	2026-09-19T03:50:35Z	871a55c	40-omp-compact-replay	0
all-runs	2026-09-19T03:50:36Z	871a55c	50-house-gates	0
all-runs	2026-09-19T03:50:38Z	871a55c	60-staged-deletion-lane	0
all-runs	2026-09-19T03:50:38Z	871a55c	70-tests-registry-sync	0
all-runs	2026-09-19T03:50:54Z	871a55c	80-lane-instrument-selftests	0
all-runs	2026-09-19T03:50:54Z	871a55c	90-sidecar-verifier-wrapper	0
all-runs	2026-09-19T03:50:54Z	871a55c	95-numerals-ratchet	0
all-runs	2026-09-19T03:50:54Z	871a55c	96-verdict-status-agreement	0
all-runs	2026-09-19T03:50:54Z	871a55c	97-readme-counts	0
all-runs	2026-09-19T03:53:15Z	df19add	10-fixture-integrity	0
all-runs	2026-09-19T03:53:15Z	df19add	20-receipt-freshness	0
all-runs	2026-09-19T03:53:16Z	df19add	30-no-secrets	0
all-runs	2026-09-19T03:53:16Z	df19add	40-omp-compact-replay	0
all-runs	2026-09-19T03:53:17Z	df19add	50-house-gates	0
all-runs	2026-09-19T03:53:19Z	df19add	60-staged-deletion-lane	0
all-runs	2026-09-19T03:53:19Z	df19add	70-tests-registry-sync	0
all-runs	2026-09-19T03:53:34Z	df19add	80-lane-instrument-selftests	0
all-runs	2026-09-19T03:53:35Z	df19add	90-sidecar-verifier-wrapper	0
all-runs	2026-09-19T03:53:35Z	df19add	95-numerals-ratchet	0
all-runs	2026-09-19T03:53:35Z	df19add	96-verdict-status-agreement	0
all-runs	2026-09-19T03:53:35Z	df19add	97-readme-counts	0
all-runs	2026-09-19T03:56:09Z	f43d590	10-fixture-integrity	0
all-runs	2026-09-19T03:56:09Z	f43d590	20-receipt-freshness	0
all-runs	2026-09-19T03:56:09Z	f43d590	30-no-secrets	0
all-runs	2026-09-19T03:56:10Z	f43d590	40-omp-compact-replay	0
all-runs	2026-09-19T03:56:11Z	f43d590	50-house-gates	0
all-runs	2026-09-19T03:56:13Z	f43d590	60-staged-deletion-lane	0
all-runs	2026-09-19T03:56:13Z	f43d590	70-tests-registry-sync	0
all-runs	2026-09-19T03:56:29Z	f43d590	80-lane-instrument-selftests	0
all-runs	2026-09-19T03:56:29Z	f43d590	90-sidecar-verifier-wrapper	0
all-runs	2026-09-19T03:56:29Z	f43d590	95-numerals-ratchet	0
all-runs	2026-09-19T03:56:29Z	f43d590	96-verdict-status-agreement	0
all-runs	2026-09-19T03:56:29Z	f43d590	97-readme-counts	0
all-runs	2026-09-19T04:01:06Z	61fb964	10-fixture-integrity	0
all-runs	2026-09-19T04:01:06Z	61fb964	20-receipt-freshness	0
all-runs	2026-09-19T04:01:06Z	61fb964	30-no-secrets	0
all-runs	2026-09-19T04:01:07Z	61fb964	40-omp-compact-replay	0
all-runs	2026-09-19T04:01:07Z	61fb964	50-house-gates	1
all-runs	2026-09-19T04:01:10Z	61fb964	60-staged-deletion-lane	0
all-runs	2026-09-19T04:01:10Z	61fb964	70-tests-registry-sync	0
all-runs	2026-09-19T04:01:26Z	61fb964	80-lane-instrument-selftests	0
all-runs	2026-09-19T04:01:27Z	61fb964	90-sidecar-verifier-wrapper	0
all-runs	2026-09-19T04:01:27Z	61fb964	95-numerals-ratchet	0
all-runs	2026-09-19T04:01:27Z	61fb964	96-verdict-status-agreement	0
all-runs	2026-09-19T04:01:27Z	61fb964	97-readme-counts	0
all-runs	2026-09-19T04:01:36Z	11525a1	10-fixture-integrity	0
all-runs	2026-09-19T04:01:36Z	11525a1	20-receipt-freshness	0
all-runs	2026-09-19T04:01:36Z	11525a1	30-no-secrets	0
all-runs	2026-09-19T04:01:37Z	11525a1	40-omp-compact-replay	0
all-runs	2026-09-19T04:01:38Z	11525a1	50-house-gates	1
all-runs	2026-09-19T04:01:40Z	11525a1	60-staged-deletion-lane	0
all-runs	2026-09-19T04:01:41Z	11525a1	70-tests-registry-sync	0
all-runs	2026-09-19T04:01:56Z	11525a1	80-lane-instrument-selftests	0
all-runs	2026-09-19T04:01:56Z	11525a1	90-sidecar-verifier-wrapper	0
all-runs	2026-09-19T04:01:56Z	11525a1	95-numerals-ratchet	0
all-runs	2026-09-19T04:01:57Z	11525a1	96-verdict-status-agreement	0
all-runs	2026-09-19T04:01:57Z	11525a1	97-readme-counts	0
all-runs	2026-09-19T04:02:36Z	11525a1	10-fixture-integrity	0
all-runs	2026-09-19T04:02:36Z	11525a1	20-receipt-freshness	0
all-runs	2026-09-19T04:02:36Z	11525a1	30-no-secrets	0
all-runs	2026-09-19T04:02:37Z	11525a1	40-omp-compact-replay	0
all-runs	2026-09-19T04:02:37Z	11525a1	50-house-gates	0
all-runs	2026-09-19T04:02:40Z	11525a1	60-staged-deletion-lane	0
all-runs	2026-09-19T04:02:40Z	11525a1	70-tests-registry-sync	0
all-runs	2026-09-19T04:02:55Z	11525a1	80-lane-instrument-selftests	0
all-runs	2026-09-19T04:02:55Z	11525a1	90-sidecar-verifier-wrapper	0
all-runs	2026-09-19T04:02:56Z	11525a1	95-numerals-ratchet	0
all-runs	2026-09-19T04:02:56Z	11525a1	96-verdict-status-agreement	0
all-runs	2026-09-19T04:02:56Z	11525a1	97-readme-counts	0
all-runs	2026-09-19T04:40:58Z	05a639d	10-fixture-integrity	0
all-runs	2026-09-19T04:40:58Z	05a639d	20-receipt-freshness	0
all-runs	2026-09-19T04:40:58Z	05a639d	30-no-secrets	0
all-runs	2026-09-19T04:40:59Z	05a639d	40-omp-compact-replay	0
all-runs	2026-09-19T04:40:59Z	05a639d	50-house-gates	0
all-runs	2026-09-19T04:41:03Z	05a639d	60-staged-deletion-lane	0
all-runs	2026-09-19T04:41:03Z	05a639d	70-tests-registry-sync	0
all-runs	2026-09-19T04:41:18Z	05a639d	80-lane-instrument-selftests	0
all-runs	2026-09-19T04:41:18Z	05a639d	90-sidecar-verifier-wrapper	0
all-runs	2026-09-19T04:41:18Z	05a639d	95-numerals-ratchet	0
all-runs	2026-09-19T04:41:18Z	05a639d	96-verdict-status-agreement	0
all-runs	2026-09-19T04:41:18Z	05a639d	97-readme-counts	0
all-runs	2026-09-19T05:01:13Z	103d9ae	10-fixture-integrity	0
all-runs	2026-09-19T05:01:13Z	103d9ae	20-receipt-freshness	0
all-runs	2026-09-19T05:01:13Z	103d9ae	30-no-secrets	0
all-runs	2026-09-19T05:01:14Z	103d9ae	40-omp-compact-replay	0
all-runs	2026-09-19T05:01:14Z	103d9ae	50-house-gates	0
all-runs	2026-09-19T05:01:17Z	103d9ae	60-staged-deletion-lane	0
all-runs	2026-09-19T05:01:17Z	103d9ae	70-tests-registry-sync	0
all-runs	2026-09-19T05:01:32Z	103d9ae	80-lane-instrument-selftests	0
all-runs	2026-09-19T05:01:32Z	103d9ae	90-sidecar-verifier-wrapper	0
all-runs	2026-09-19T05:01:33Z	103d9ae	95-numerals-ratchet	0
all-runs	2026-09-19T05:01:33Z	103d9ae	96-verdict-status-agreement	0
all-runs	2026-09-19T05:01:33Z	103d9ae	97-readme-counts	0
all-runs	2026-09-19T05:21:23Z	c447ccc	10-fixture-integrity	0
all-runs	2026-09-19T05:21:23Z	c447ccc	20-receipt-freshness	0
all-runs	2026-09-19T05:21:23Z	c447ccc	30-no-secrets	0
all-runs	2026-09-19T05:21:24Z	c447ccc	40-omp-compact-replay	0
all-runs	2026-09-19T05:21:25Z	c447ccc	50-house-gates	0
all-runs	2026-09-19T05:21:28Z	c447ccc	60-staged-deletion-lane	0
all-runs	2026-09-19T05:21:28Z	c447ccc	70-tests-registry-sync	0
all-runs	2026-09-19T05:21:45Z	c447ccc	80-lane-instrument-selftests	0
all-runs	2026-09-19T05:21:45Z	c447ccc	90-sidecar-verifier-wrapper	0
all-runs	2026-09-19T05:21:45Z	c447ccc	95-numerals-ratchet	0
all-runs	2026-09-19T05:21:45Z	c447ccc	96-verdict-status-agreement	0
all-runs	2026-09-19T05:21:45Z	c447ccc	97-readme-counts	0
all-runs	2026-09-19T05:41:10Z	db37dac	10-fixture-integrity	0
all-runs	2026-09-19T05:41:10Z	db37dac	20-receipt-freshness	0
all-runs	2026-09-19T05:41:10Z	db37dac	30-no-secrets	0
all-runs	2026-09-19T05:41:11Z	db37dac	40-omp-compact-replay	0
all-runs	2026-09-19T05:41:12Z	db37dac	50-house-gates	0
all-runs	2026-09-19T05:41:16Z	db37dac	60-staged-deletion-lane	0
all-runs	2026-09-19T05:41:16Z	db37dac	70-tests-registry-sync	0
all-runs	2026-09-19T05:41:32Z	db37dac	80-lane-instrument-selftests	0
all-runs	2026-09-19T05:41:32Z	db37dac	90-sidecar-verifier-wrapper	0
all-runs	2026-09-19T05:41:32Z	db37dac	95-numerals-ratchet	0
all-runs	2026-09-19T05:41:32Z	db37dac	96-verdict-status-agreement	0
all-runs	2026-09-19T05:41:32Z	db37dac	97-readme-counts	0
all-runs	2026-09-19T06:01:17Z	721f594	10-fixture-integrity	0
all-runs	2026-09-19T06:01:17Z	721f594	20-receipt-freshness	0
all-runs	2026-09-19T06:01:17Z	721f594	30-no-secrets	0
all-runs	2026-09-19T06:01:18Z	721f594	40-omp-compact-replay	0
all-runs	2026-09-19T06:01:18Z	721f594	50-house-gates	0
all-runs	2026-09-19T06:01:21Z	721f594	60-staged-deletion-lane	0
all-runs	2026-09-19T06:01:21Z	721f594	70-tests-registry-sync	0
all-runs	2026-09-19T06:01:37Z	721f594	80-lane-instrument-selftests	0
all-runs	2026-09-19T06:01:37Z	721f594	90-sidecar-verifier-wrapper	0
all-runs	2026-09-19T06:01:37Z	721f594	95-numerals-ratchet	0
all-runs	2026-09-19T06:01:37Z	721f594	96-verdict-status-agreement	0
all-runs	2026-09-19T06:01:37Z	721f594	97-readme-counts	0
all-runs	2026-09-19T06:21:06Z	ce33df4	10-fixture-integrity	0
all-runs	2026-09-19T06:21:06Z	ce33df4	20-receipt-freshness	0
all-runs	2026-09-19T06:21:06Z	ce33df4	30-no-secrets	0
all-runs	2026-09-19T06:21:07Z	ce33df4	40-omp-compact-replay	0
all-runs	2026-09-19T06:21:07Z	ce33df4	50-house-gates	0
all-runs	2026-09-19T06:21:10Z	ce33df4	60-staged-deletion-lane	0
all-runs	2026-09-19T06:21:11Z	ce33df4	70-tests-registry-sync	0
all-runs	2026-09-19T06:21:26Z	ce33df4	80-lane-instrument-selftests	0
all-runs	2026-09-19T06:21:26Z	ce33df4	90-sidecar-verifier-wrapper	0
all-runs	2026-09-19T06:21:27Z	ce33df4	95-numerals-ratchet	0
all-runs	2026-09-19T06:21:27Z	ce33df4	96-verdict-status-agreement	0
all-runs	2026-09-19T06:21:27Z	ce33df4	97-readme-counts	0
all-runs	2026-09-19T06:41:06Z	29151e7	10-fixture-integrity	0
all-runs	2026-09-19T06:41:06Z	29151e7	20-receipt-freshness	0
all-runs	2026-09-19T06:41:06Z	29151e7	30-no-secrets	0
all-runs	2026-09-19T06:41:07Z	29151e7	40-omp-compact-replay	0
all-runs	2026-09-19T06:41:08Z	29151e7	50-house-gates	0
all-runs	2026-09-19T06:41:10Z	29151e7	60-staged-deletion-lane	0
all-runs	2026-09-19T06:41:11Z	29151e7	70-tests-registry-sync	0
all-runs	2026-09-19T06:41:27Z	29151e7	80-lane-instrument-selftests	0
all-runs	2026-09-19T06:41:27Z	29151e7	90-sidecar-verifier-wrapper	0
all-runs	2026-09-19T06:41:27Z	29151e7	95-numerals-ratchet	0
all-runs	2026-09-19T06:41:27Z	29151e7	96-verdict-status-agreement	0
all-runs	2026-09-19T06:41:27Z	29151e7	97-readme-counts	0
all-runs	2026-09-19T07:01:23Z	d8c38df	10-fixture-integrity	0
all-runs	2026-09-19T07:01:23Z	d8c38df	20-receipt-freshness	0
all-runs	2026-09-19T07:01:23Z	d8c38df	30-no-secrets	0
all-runs	2026-09-19T07:01:24Z	d8c38df	40-omp-compact-replay	0
all-runs	2026-09-19T07:01:25Z	d8c38df	50-house-gates	0
all-runs	2026-09-19T07:01:27Z	d8c38df	60-staged-deletion-lane	0
all-runs	2026-09-19T07:01:27Z	d8c38df	70-tests-registry-sync	0
all-runs	2026-09-19T07:01:43Z	d8c38df	80-lane-instrument-selftests	0
all-runs	2026-09-19T07:01:43Z	d8c38df	90-sidecar-verifier-wrapper	0
all-runs	2026-09-19T07:01:43Z	d8c38df	95-numerals-ratchet	0
all-runs	2026-09-19T07:01:43Z	d8c38df	96-verdict-status-agreement	0
all-runs	2026-09-19T07:01:43Z	d8c38df	97-readme-counts	0
all-runs	2026-09-19T07:20:37Z	b234b2d	10-fixture-integrity	0
all-runs	2026-09-19T07:20:37Z	b234b2d	20-receipt-freshness	0
all-runs	2026-09-19T07:20:37Z	b234b2d	30-no-secrets	0
all-runs	2026-09-19T07:20:38Z	b234b2d	40-omp-compact-replay	0
all-runs	2026-09-19T07:20:39Z	b234b2d	50-house-gates	0
all-runs	2026-09-19T07:20:41Z	b234b2d	60-staged-deletion-lane	0
all-runs	2026-09-19T07:20:42Z	b234b2d	70-tests-registry-sync	0
all-runs	2026-09-19T07:20:57Z	b234b2d	80-lane-instrument-selftests	0
all-runs	2026-09-19T07:20:57Z	b234b2d	90-sidecar-verifier-wrapper	0
all-runs	2026-09-19T07:20:58Z	b234b2d	95-numerals-ratchet	0
all-runs	2026-09-19T07:20:58Z	b234b2d	96-verdict-status-agreement	0
all-runs	2026-09-19T07:20:58Z	b234b2d	97-readme-counts	0
all-runs	2026-09-19T07:41:00Z	221a466	10-fixture-integrity	0
all-runs	2026-09-19T07:41:00Z	221a466	20-receipt-freshness	0
all-runs	2026-09-19T07:41:00Z	221a466	30-no-secrets	0
all-runs	2026-09-19T07:41:01Z	221a466	40-omp-compact-replay	0
all-runs	2026-09-19T07:41:01Z	221a466	50-house-gates	0
all-runs	2026-09-19T07:41:04Z	221a466	60-staged-deletion-lane	0
all-runs	2026-09-19T07:41:04Z	221a466	70-tests-registry-sync	0
all-runs	2026-09-19T07:41:20Z	221a466	80-lane-instrument-selftests	0
all-runs	2026-09-19T07:41:20Z	221a466	90-sidecar-verifier-wrapper	0
all-runs	2026-09-19T07:41:20Z	221a466	95-numerals-ratchet	0
all-runs	2026-09-19T07:41:20Z	221a466	96-verdict-status-agreement	0
all-runs	2026-09-19T07:41:20Z	221a466	97-readme-counts	0
all-runs	2026-09-19T07:42:19Z	221a466	10-fixture-integrity	0
all-runs	2026-09-19T07:42:19Z	221a466	20-receipt-freshness	0
all-runs	2026-09-19T07:42:19Z	221a466	30-no-secrets	0
all-runs	2026-09-19T07:42:20Z	221a466	40-omp-compact-replay	0
all-runs	2026-09-19T07:42:20Z	221a466	50-house-gates	0
all-runs	2026-09-19T07:42:23Z	221a466	60-staged-deletion-lane	0
all-runs	2026-09-19T07:42:24Z	221a466	70-tests-registry-sync	0
all-runs	2026-09-19T07:42:39Z	221a466	80-lane-instrument-selftests	0
all-runs	2026-09-19T07:42:39Z	221a466	90-sidecar-verifier-wrapper	0
all-runs	2026-09-19T07:42:40Z	221a466	95-numerals-ratchet	0
all-runs	2026-09-19T07:42:40Z	221a466	96-verdict-status-agreement	0
all-runs	2026-09-19T07:42:40Z	221a466	97-readme-counts	0
all-runs	2026-09-19T08:01:01Z	62595a2	10-fixture-integrity	0
all-runs	2026-09-19T08:01:01Z	62595a2	20-receipt-freshness	0
all-runs	2026-09-19T08:01:01Z	62595a2	30-no-secrets	0
all-runs	2026-09-19T08:01:02Z	62595a2	40-omp-compact-replay	0
all-runs	2026-09-19T08:01:03Z	62595a2	50-house-gates	0
all-runs	2026-09-19T08:01:06Z	62595a2	60-staged-deletion-lane	0
all-runs	2026-09-19T08:01:06Z	62595a2	70-tests-registry-sync	0
all-runs	2026-09-19T08:01:22Z	62595a2	80-lane-instrument-selftests	0
all-runs	2026-09-19T08:01:22Z	62595a2	90-sidecar-verifier-wrapper	0
all-runs	2026-09-19T08:01:22Z	62595a2	95-numerals-ratchet	0
all-runs	2026-09-19T08:01:22Z	62595a2	96-verdict-status-agreement	0
all-runs	2026-09-19T08:01:22Z	62595a2	97-readme-counts	0
all-runs	2026-09-19T08:21:46Z	96a996c	10-fixture-integrity	0
all-runs	2026-09-19T08:21:46Z	96a996c	20-receipt-freshness	0
all-runs	2026-09-19T08:21:46Z	96a996c	30-no-secrets	0
all-runs	2026-09-19T08:21:47Z	96a996c	40-omp-compact-replay	0
all-runs	2026-09-19T08:21:48Z	96a996c	50-house-gates	0
all-runs	2026-09-19T08:21:50Z	96a996c	60-staged-deletion-lane	0
all-runs	2026-09-19T08:21:51Z	96a996c	70-tests-registry-sync	0
all-runs	2026-09-19T08:22:07Z	96a996c	80-lane-instrument-selftests	0
all-runs	2026-09-19T08:22:07Z	96a996c	90-sidecar-verifier-wrapper	0
all-runs	2026-09-19T08:22:07Z	96a996c	95-numerals-ratchet	0
all-runs	2026-09-19T08:22:07Z	96a996c	96-verdict-status-agreement	0
all-runs	2026-09-19T08:22:07Z	96a996c	97-readme-counts	0
all-runs	2026-09-19T08:41:32Z	a7d6053	10-fixture-integrity	0
all-runs	2026-09-19T08:41:32Z	a7d6053	20-receipt-freshness	0
all-runs	2026-09-19T08:41:32Z	a7d6053	30-no-secrets	0
all-runs	2026-09-19T08:41:33Z	a7d6053	40-omp-compact-replay	0
all-runs	2026-09-19T08:41:34Z	a7d6053	50-house-gates	0
all-runs	2026-09-19T08:41:37Z	a7d6053	60-staged-deletion-lane	0
all-runs	2026-09-19T08:41:37Z	a7d6053	70-tests-registry-sync	0
all-runs	2026-09-19T08:41:53Z	a7d6053	80-lane-instrument-selftests	0
all-runs	2026-09-19T08:41:53Z	a7d6053	90-sidecar-verifier-wrapper	0
all-runs	2026-09-19T08:41:54Z	a7d6053	95-numerals-ratchet	0
all-runs	2026-09-19T08:41:54Z	a7d6053	96-verdict-status-agreement	0
all-runs	2026-09-19T08:41:54Z	a7d6053	97-readme-counts	0
all-runs	2026-09-19T09:01:32Z	3734219	10-fixture-integrity	0
all-runs	2026-09-19T09:01:32Z	3734219	20-receipt-freshness	0
all-runs	2026-09-19T09:01:32Z	3734219	30-no-secrets	0
all-runs	2026-09-19T09:01:34Z	3734219	40-omp-compact-replay	0
all-runs	2026-09-19T09:01:34Z	3734219	50-house-gates	0
all-runs	2026-09-19T09:01:38Z	3734219	60-staged-deletion-lane	0
all-runs	2026-09-19T09:01:38Z	3734219	70-tests-registry-sync	0
all-runs	2026-09-19T09:01:54Z	3734219	80-lane-instrument-selftests	0
all-runs	2026-09-19T09:01:54Z	3734219	90-sidecar-verifier-wrapper	0
all-runs	2026-09-19T09:01:55Z	3734219	95-numerals-ratchet	0
all-runs	2026-09-19T09:01:55Z	3734219	96-verdict-status-agreement	0
all-runs	2026-09-19T09:01:55Z	3734219	97-readme-counts	0
all-runs	2026-09-19T09:20:59Z	bdbd11f	10-fixture-integrity	0
all-runs	2026-09-19T09:20:59Z	bdbd11f	20-receipt-freshness	0
all-runs	2026-09-19T09:20:59Z	bdbd11f	30-no-secrets	0
all-runs	2026-09-19T09:21:00Z	bdbd11f	40-omp-compact-replay	0
all-runs	2026-09-19T09:21:01Z	bdbd11f	50-house-gates	0
all-runs	2026-09-19T09:21:04Z	bdbd11f	60-staged-deletion-lane	0
all-runs	2026-09-19T09:21:04Z	bdbd11f	70-tests-registry-sync	0
all-runs	2026-09-19T09:21:20Z	bdbd11f	80-lane-instrument-selftests	0
all-runs	2026-09-19T09:21:20Z	bdbd11f	90-sidecar-verifier-wrapper	0
all-runs	2026-09-19T09:21:20Z	bdbd11f	95-numerals-ratchet	0
all-runs	2026-09-19T09:21:20Z	bdbd11f	96-verdict-status-agreement	0
all-runs	2026-09-19T09:21:20Z	bdbd11f	97-readme-counts	0
all-runs	2026-09-19T09:42:08Z	7cdb58f	10-fixture-integrity	0
all-runs	2026-09-19T09:42:09Z	7cdb58f	20-receipt-freshness	0
all-runs	2026-09-19T09:42:09Z	7cdb58f	30-no-secrets	0
all-runs	2026-09-19T09:42:10Z	7cdb58f	40-omp-compact-replay	0
all-runs	2026-09-19T09:42:10Z	7cdb58f	50-house-gates	0
all-runs	2026-09-19T09:42:13Z	7cdb58f	60-staged-deletion-lane	0
all-runs	2026-09-19T09:42:13Z	7cdb58f	70-tests-registry-sync	0
all-runs	2026-09-19T09:42:29Z	7cdb58f	80-lane-instrument-selftests	0
all-runs	2026-09-19T09:42:29Z	7cdb58f	90-sidecar-verifier-wrapper	0
all-runs	2026-09-19T09:42:29Z	7cdb58f	95-numerals-ratchet	0
all-runs	2026-09-19T09:42:29Z	7cdb58f	96-verdict-status-agreement	0
all-runs	2026-09-19T09:42:29Z	7cdb58f	97-readme-counts	0
all-runs	2026-09-19T10:01:48Z	5b137a8	10-fixture-integrity	0
all-runs	2026-09-19T10:01:48Z	5b137a8	20-receipt-freshness	0
all-runs	2026-09-19T10:01:49Z	5b137a8	30-no-secrets	0
all-runs	2026-09-19T10:01:50Z	5b137a8	40-omp-compact-replay	0
all-runs	2026-09-19T10:01:50Z	5b137a8	50-house-gates	0
all-runs	2026-09-19T10:01:53Z	5b137a8	60-staged-deletion-lane	0
all-runs	2026-09-19T10:01:53Z	5b137a8	70-tests-registry-sync	0
all-runs	2026-09-19T10:02:09Z	5b137a8	80-lane-instrument-selftests	0
all-runs	2026-09-19T10:02:09Z	5b137a8	90-sidecar-verifier-wrapper	0
all-runs	2026-09-19T10:02:09Z	5b137a8	95-numerals-ratchet	0
all-runs	2026-09-19T10:02:09Z	5b137a8	96-verdict-status-agreement	0
all-runs	2026-09-19T10:02:09Z	5b137a8	97-readme-counts	0
all-runs	2026-09-19T10:20:47Z	82005b1	10-fixture-integrity	0
all-runs	2026-09-19T10:20:47Z	82005b1	20-receipt-freshness	0
all-runs	2026-09-19T10:20:47Z	82005b1	30-no-secrets	0
all-runs	2026-09-19T10:20:48Z	82005b1	40-omp-compact-replay	0
all-runs	2026-09-19T10:20:49Z	82005b1	50-house-gates	0
all-runs	2026-09-19T10:20:52Z	82005b1	60-staged-deletion-lane	0
all-runs	2026-09-19T10:20:52Z	82005b1	70-tests-registry-sync	0
all-runs	2026-09-19T10:21:08Z	82005b1	80-lane-instrument-selftests	0
all-runs	2026-09-19T10:21:08Z	82005b1	90-sidecar-verifier-wrapper	0
all-runs	2026-09-19T10:21:08Z	82005b1	95-numerals-ratchet	0
all-runs	2026-09-19T10:21:08Z	82005b1	96-verdict-status-agreement	0
all-runs	2026-09-19T10:21:08Z	82005b1	97-readme-counts	0
all-runs	2026-09-19T10:41:19Z	f627b7b	10-fixture-integrity	0
all-runs	2026-09-19T10:41:19Z	f627b7b	20-receipt-freshness	0
all-runs	2026-09-19T10:41:19Z	f627b7b	30-no-secrets	0
all-runs	2026-09-19T10:41:20Z	f627b7b	40-omp-compact-replay	0
all-runs	2026-09-19T10:41:20Z	f627b7b	50-house-gates	0
all-runs	2026-09-19T10:41:23Z	f627b7b	60-staged-deletion-lane	0
all-runs	2026-09-19T10:41:23Z	f627b7b	70-tests-registry-sync	0
all-runs	2026-09-19T10:41:39Z	f627b7b	80-lane-instrument-selftests	0
all-runs	2026-09-19T10:41:39Z	f627b7b	90-sidecar-verifier-wrapper	0
all-runs	2026-09-19T10:41:39Z	f627b7b	95-numerals-ratchet	0
all-runs	2026-09-19T10:41:39Z	f627b7b	96-verdict-status-agreement	0
all-runs	2026-09-19T10:41:39Z	f627b7b	97-readme-counts	0
all-runs	2026-09-19T11:01:37Z	0d17865	10-fixture-integrity	0
all-runs	2026-09-19T11:01:37Z	0d17865	20-receipt-freshness	0
all-runs	2026-09-19T11:01:37Z	0d17865	30-no-secrets	0
all-runs	2026-09-19T11:01:38Z	0d17865	40-omp-compact-replay	0
all-runs	2026-09-19T11:01:39Z	0d17865	50-house-gates	0
all-runs	2026-09-19T11:01:41Z	0d17865	60-staged-deletion-lane	0
all-runs	2026-09-19T11:01:42Z	0d17865	70-tests-registry-sync	0
all-runs	2026-09-19T11:01:58Z	0d17865	80-lane-instrument-selftests	0
all-runs	2026-09-19T11:01:58Z	0d17865	90-sidecar-verifier-wrapper	0
all-runs	2026-09-19T11:01:58Z	0d17865	95-numerals-ratchet	0
all-runs	2026-09-19T11:01:58Z	0d17865	96-verdict-status-agreement	0
all-runs	2026-09-19T11:01:58Z	0d17865	97-readme-counts	0
all-runs	2026-09-19T11:06:01Z	2cde8ac	10-fixture-integrity	0
all-runs	2026-09-19T11:06:01Z	2cde8ac	20-receipt-freshness	0
all-runs	2026-09-19T11:06:01Z	2cde8ac	30-no-secrets	0
all-runs	2026-09-19T11:06:02Z	2cde8ac	40-omp-compact-replay	0
all-runs	2026-09-19T11:06:02Z	2cde8ac	50-house-gates	0
all-runs	2026-09-19T11:06:05Z	2cde8ac	60-staged-deletion-lane	0
all-runs	2026-09-19T11:06:05Z	2cde8ac	70-tests-registry-sync	0
all-runs	2026-09-19T11:06:20Z	2cde8ac	80-lane-instrument-selftests	0
all-runs	2026-09-19T11:06:20Z	2cde8ac	90-sidecar-verifier-wrapper	0
all-runs	2026-09-19T11:06:21Z	2cde8ac	95-numerals-ratchet	0
all-runs	2026-09-19T11:06:21Z	2cde8ac	96-verdict-status-agreement	0
all-runs	2026-09-19T11:06:21Z	2cde8ac	97-readme-counts	0
all-runs	2026-09-19T11:24:05Z	50c57b7	10-fixture-integrity	0
all-runs	2026-09-19T11:24:05Z	50c57b7	20-receipt-freshness	0
all-runs	2026-09-19T11:24:05Z	50c57b7	30-no-secrets	0
all-runs	2026-09-19T11:24:06Z	50c57b7	40-omp-compact-replay	0
all-runs	2026-09-19T11:24:06Z	50c57b7	50-house-gates	0
all-runs	2026-09-19T11:24:09Z	50c57b7	60-staged-deletion-lane	0
all-runs	2026-09-19T11:24:09Z	50c57b7	70-tests-registry-sync	0
all-runs	2026-09-19T11:24:25Z	50c57b7	80-lane-instrument-selftests	0
all-runs	2026-09-19T11:24:25Z	50c57b7	90-sidecar-verifier-wrapper	0
all-runs	2026-09-19T11:24:26Z	50c57b7	95-numerals-ratchet	0
all-runs	2026-09-19T11:24:26Z	50c57b7	96-verdict-status-agreement	0
all-runs	2026-09-19T11:24:26Z	50c57b7	97-readme-counts	0
all-runs	2026-09-19T11:24:42Z	50c57b7	10-fixture-integrity	0
all-runs	2026-09-19T11:24:42Z	50c57b7	20-receipt-freshness	0
all-runs	2026-09-19T11:24:42Z	50c57b7	30-no-secrets	0
all-runs	2026-09-19T11:24:43Z	50c57b7	40-omp-compact-replay	0
all-runs	2026-09-19T11:24:43Z	50c57b7	50-house-gates	0
all-runs	2026-09-19T11:24:46Z	50c57b7	60-staged-deletion-lane	0
all-runs	2026-09-19T11:24:46Z	50c57b7	70-tests-registry-sync	0
all-runs	2026-09-19T11:25:02Z	50c57b7	80-lane-instrument-selftests	0
all-runs	2026-09-19T11:25:02Z	50c57b7	90-sidecar-verifier-wrapper	0
all-runs	2026-09-19T11:25:02Z	50c57b7	95-numerals-ratchet	0
all-runs	2026-09-19T11:25:02Z	50c57b7	96-verdict-status-agreement	0
all-runs	2026-09-19T11:25:02Z	50c57b7	97-readme-counts	0
all-runs	2026-09-19T11:41:34Z	0dc08bd	10-fixture-integrity	0
all-runs	2026-09-19T11:41:35Z	0dc08bd	20-receipt-freshness	0
all-runs	2026-09-19T11:41:35Z	0dc08bd	30-no-secrets	0
all-runs	2026-09-19T11:41:36Z	0dc08bd	40-omp-compact-replay	0
all-runs	2026-09-19T11:41:36Z	0dc08bd	50-house-gates	0
all-runs	2026-09-19T11:41:40Z	0dc08bd	60-staged-deletion-lane	0
all-runs	2026-09-19T11:41:40Z	0dc08bd	70-tests-registry-sync	0
all-runs	2026-09-19T11:41:55Z	0dc08bd	80-lane-instrument-selftests	0
all-runs	2026-09-19T11:41:55Z	0dc08bd	90-sidecar-verifier-wrapper	0
all-runs	2026-09-19T11:41:56Z	0dc08bd	95-numerals-ratchet	0
all-runs	2026-09-19T11:41:56Z	0dc08bd	96-verdict-status-agreement	0
all-runs	2026-09-19T11:41:56Z	0dc08bd	97-readme-counts	0
all-runs	2026-09-19T12:04:17Z	4495dbe	10-fixture-integrity	0
all-runs	2026-09-19T12:04:17Z	4495dbe	20-receipt-freshness	0
all-runs	2026-09-19T12:04:17Z	4495dbe	30-no-secrets	0
all-runs	2026-09-19T12:04:18Z	4495dbe	40-omp-compact-replay	0
all-runs	2026-09-19T12:04:18Z	4495dbe	50-house-gates	0
all-runs	2026-09-19T12:04:22Z	4495dbe	60-staged-deletion-lane	0
all-runs	2026-09-19T12:04:22Z	4495dbe	70-tests-registry-sync	0
all-runs	2026-09-19T12:04:38Z	4495dbe	80-lane-instrument-selftests	0
all-runs	2026-09-19T12:04:38Z	4495dbe	90-sidecar-verifier-wrapper	0
all-runs	2026-09-19T12:04:38Z	4495dbe	95-numerals-ratchet	0
all-runs	2026-09-19T12:04:38Z	4495dbe	96-verdict-status-agreement	0
all-runs	2026-09-19T12:04:38Z	4495dbe	97-readme-counts	0
all-runs	2026-09-19T12:20:45Z	29e31ae	10-fixture-integrity	0
all-runs	2026-09-19T12:20:45Z	29e31ae	20-receipt-freshness	0
all-runs	2026-09-19T12:20:45Z	29e31ae	30-no-secrets	0
all-runs	2026-09-19T12:20:47Z	29e31ae	40-omp-compact-replay	0
all-runs	2026-09-19T12:20:47Z	29e31ae	50-house-gates	0
all-runs	2026-09-19T12:20:50Z	29e31ae	60-staged-deletion-lane	0
all-runs	2026-09-19T12:20:50Z	29e31ae	70-tests-registry-sync	0
all-runs	2026-09-19T12:21:06Z	29e31ae	80-lane-instrument-selftests	0
all-runs	2026-09-19T12:21:06Z	29e31ae	90-sidecar-verifier-wrapper	0
all-runs	2026-09-19T12:21:06Z	29e31ae	95-numerals-ratchet	0
all-runs	2026-09-19T12:21:06Z	29e31ae	96-verdict-status-agreement	0
all-runs	2026-09-19T12:21:06Z	29e31ae	97-readme-counts	0
all-runs	2026-09-19T12:40:52Z	b378d37	10-fixture-integrity	0
all-runs	2026-09-19T12:40:52Z	b378d37	20-receipt-freshness	0
all-runs	2026-09-19T12:40:52Z	b378d37	30-no-secrets	0
all-runs	2026-09-19T12:40:53Z	b378d37	40-omp-compact-replay	0
all-runs	2026-09-19T12:40:53Z	b378d37	50-house-gates	0
all-runs	2026-09-19T12:40:56Z	b378d37	60-staged-deletion-lane	0
all-runs	2026-09-19T12:40:56Z	b378d37	70-tests-registry-sync	0
all-runs	2026-09-19T12:41:12Z	b378d37	80-lane-instrument-selftests	0
all-runs	2026-09-19T12:41:12Z	b378d37	90-sidecar-verifier-wrapper	0
all-runs	2026-09-19T12:41:12Z	b378d37	95-numerals-ratchet	0
all-runs	2026-09-19T12:41:12Z	b378d37	96-verdict-status-agreement	0
all-runs	2026-09-19T12:41:12Z	b378d37	97-readme-counts	0
all-runs	2026-09-19T13:01:37Z	0ef613d	10-fixture-integrity	0
all-runs	2026-09-19T13:01:37Z	0ef613d	20-receipt-freshness	0
all-runs	2026-09-19T13:01:37Z	0ef613d	30-no-secrets	0
all-runs	2026-09-19T13:01:38Z	0ef613d	40-omp-compact-replay	0
all-runs	2026-09-19T13:01:38Z	0ef613d	50-house-gates	0
all-runs	2026-09-19T13:01:41Z	0ef613d	60-staged-deletion-lane	0
all-runs	2026-09-19T13:01:41Z	0ef613d	70-tests-registry-sync	0
all-runs	2026-09-19T13:01:57Z	0ef613d	80-lane-instrument-selftests	0
all-runs	2026-09-19T13:01:58Z	0ef613d	90-sidecar-verifier-wrapper	0
all-runs	2026-09-19T13:01:58Z	0ef613d	95-numerals-ratchet	0
all-runs	2026-09-19T13:01:58Z	0ef613d	96-verdict-status-agreement	0
all-runs	2026-09-19T13:01:58Z	0ef613d	97-readme-counts	0
all-runs	2026-09-19T13:21:30Z	c412339	10-fixture-integrity	0
all-runs	2026-09-19T13:21:30Z	c412339	20-receipt-freshness	0
all-runs	2026-09-19T13:21:30Z	c412339	30-no-secrets	0
all-runs	2026-09-19T13:21:31Z	c412339	40-omp-compact-replay	0
all-runs	2026-09-19T13:21:31Z	c412339	50-house-gates	0
all-runs	2026-09-19T13:21:35Z	c412339	60-staged-deletion-lane	0
all-runs	2026-09-19T13:21:35Z	c412339	70-tests-registry-sync	0
all-runs	2026-09-19T13:21:51Z	c412339	80-lane-instrument-selftests	0
all-runs	2026-09-19T13:21:51Z	c412339	90-sidecar-verifier-wrapper	0
all-runs	2026-09-19T13:21:51Z	c412339	95-numerals-ratchet	0
all-runs	2026-09-19T13:21:51Z	c412339	96-verdict-status-agreement	0
all-runs	2026-09-19T13:21:51Z	c412339	97-readme-counts	0
all-runs	2026-09-19T13:40:43Z	1bded7f	10-fixture-integrity	0
all-runs	2026-09-19T13:40:43Z	1bded7f	20-receipt-freshness	0
all-runs	2026-09-19T13:40:43Z	1bded7f	30-no-secrets	0
all-runs	2026-09-19T13:40:44Z	1bded7f	40-omp-compact-replay	0
all-runs	2026-09-19T13:40:45Z	1bded7f	50-house-gates	0
all-runs	2026-09-19T13:40:48Z	1bded7f	60-staged-deletion-lane	0
all-runs	2026-09-19T13:40:48Z	1bded7f	70-tests-registry-sync	0
all-runs	2026-09-19T13:41:04Z	1bded7f	80-lane-instrument-selftests	0
all-runs	2026-09-19T13:41:04Z	1bded7f	90-sidecar-verifier-wrapper	0
all-runs	2026-09-19T13:41:04Z	1bded7f	95-numerals-ratchet	0
all-runs	2026-09-19T13:41:04Z	1bded7f	96-verdict-status-agreement	0
all-runs	2026-09-19T13:41:04Z	1bded7f	97-readme-counts	0
all-runs	2026-09-19T14:01:31Z	14bc9c5	10-fixture-integrity	0
all-runs	2026-09-19T14:01:31Z	14bc9c5	20-receipt-freshness	0
all-runs	2026-09-19T14:01:31Z	14bc9c5	30-no-secrets	0
all-runs	2026-09-19T14:01:32Z	14bc9c5	40-omp-compact-replay	0
all-runs	2026-09-19T14:01:32Z	14bc9c5	50-house-gates	0
all-runs	2026-09-19T14:01:37Z	14bc9c5	60-staged-deletion-lane	0
all-runs	2026-09-19T14:01:37Z	14bc9c5	70-tests-registry-sync	0
all-runs	2026-09-19T14:01:53Z	14bc9c5	80-lane-instrument-selftests	0
all-runs	2026-09-19T14:01:53Z	14bc9c5	90-sidecar-verifier-wrapper	0
all-runs	2026-09-19T14:01:54Z	14bc9c5	95-numerals-ratchet	0
all-runs	2026-09-19T14:01:54Z	14bc9c5	96-verdict-status-agreement	0
all-runs	2026-09-19T14:01:54Z	14bc9c5	97-readme-counts	0
all-runs	2026-09-19T14:17:56Z	94c639c	10-fixture-integrity	0
all-runs	2026-09-19T14:17:56Z	94c639c	20-receipt-freshness	0
all-runs	2026-09-19T14:17:56Z	94c639c	30-no-secrets	0
all-runs	2026-09-19T14:17:57Z	94c639c	40-omp-compact-replay	0
all-runs	2026-09-19T14:17:57Z	94c639c	50-house-gates	0
all-runs	2026-09-19T14:18:00Z	94c639c	60-staged-deletion-lane	0
all-runs	2026-09-19T14:18:00Z	94c639c	70-tests-registry-sync	0
all-runs	2026-09-19T14:18:17Z	94c639c	80-lane-instrument-selftests	0
all-runs	2026-09-19T14:18:17Z	94c639c	90-sidecar-verifier-wrapper	0
all-runs	2026-09-19T14:18:17Z	94c639c	95-numerals-ratchet	0
all-runs	2026-09-19T14:18:17Z	94c639c	96-verdict-status-agreement	0
all-runs	2026-09-19T14:18:17Z	94c639c	97-readme-counts	0
all-runs	2026-09-19T14:20:45Z	b307ba6	10-fixture-integrity	0
all-runs	2026-09-19T14:20:45Z	b307ba6	20-receipt-freshness	0
all-runs	2026-09-19T14:20:45Z	b307ba6	30-no-secrets	0
all-runs	2026-09-19T14:20:46Z	b307ba6	40-omp-compact-replay	0
all-runs	2026-09-19T14:20:46Z	b307ba6	50-house-gates	0
all-runs	2026-09-19T14:20:49Z	b307ba6	60-staged-deletion-lane	0
all-runs	2026-09-19T14:20:49Z	b307ba6	70-tests-registry-sync	0
all-runs	2026-09-19T14:21:05Z	b307ba6	80-lane-instrument-selftests	0
all-runs	2026-09-19T14:21:05Z	b307ba6	90-sidecar-verifier-wrapper	0
all-runs	2026-09-19T14:21:06Z	b307ba6	95-numerals-ratchet	0
all-runs	2026-09-19T14:21:06Z	b307ba6	96-verdict-status-agreement	0
all-runs	2026-09-19T14:21:06Z	b307ba6	97-readme-counts	0
all-runs	2026-09-19T14:34:52Z	f950342	10-fixture-integrity	0
all-runs	2026-09-19T14:34:53Z	f950342	20-receipt-freshness	0
all-runs	2026-09-19T14:34:53Z	f950342	30-no-secrets	0
all-runs	2026-09-19T14:34:54Z	f950342	40-omp-compact-replay	0
all-runs	2026-09-19T14:34:54Z	f950342	50-house-gates	0
all-runs	2026-09-19T14:34:57Z	f950342	60-staged-deletion-lane	0
all-runs	2026-09-19T14:34:57Z	f950342	70-tests-registry-sync	0
all-runs	2026-09-19T14:35:14Z	f950342	80-lane-instrument-selftests	0
all-runs	2026-09-19T14:35:14Z	f950342	90-sidecar-verifier-wrapper	0
all-runs	2026-09-19T14:35:14Z	f950342	95-numerals-ratchet	0
all-runs	2026-09-19T14:35:14Z	f950342	96-verdict-status-agreement	0
all-runs	2026-09-19T14:35:14Z	f950342	97-readme-counts	0
all-runs	2026-09-19T14:43:09Z	214084b	10-fixture-integrity	0
all-runs	2026-09-19T14:43:09Z	214084b	20-receipt-freshness	0
all-runs	2026-09-19T14:43:09Z	214084b	30-no-secrets	0
all-runs	2026-09-19T14:43:10Z	214084b	40-omp-compact-replay	0
all-runs	2026-09-19T14:43:11Z	214084b	50-house-gates	0
all-runs	2026-09-19T14:43:14Z	214084b	60-staged-deletion-lane	0
all-runs	2026-09-19T14:43:14Z	214084b	70-tests-registry-sync	0
all-runs	2026-09-19T14:43:31Z	214084b	80-lane-instrument-selftests	0
all-runs	2026-09-19T14:43:31Z	214084b	90-sidecar-verifier-wrapper	0
all-runs	2026-09-19T14:43:32Z	214084b	95-numerals-ratchet	0
all-runs	2026-09-19T14:43:32Z	214084b	96-verdict-status-agreement	0
all-runs	2026-09-19T14:43:32Z	214084b	97-readme-counts	0
all-runs	2026-09-19T14:48:48Z	90ef596	10-fixture-integrity	0
all-runs	2026-09-19T14:48:49Z	90ef596	20-receipt-freshness	0
all-runs	2026-09-19T14:48:49Z	90ef596	30-no-secrets	0
all-runs	2026-09-19T14:48:49Z	90ef596	40-omp-compact-replay	0
all-runs	2026-09-19T14:48:50Z	90ef596	50-house-gates	0
all-runs	2026-09-19T14:48:53Z	90ef596	60-staged-deletion-lane	0
all-runs	2026-09-19T14:48:53Z	90ef596	70-tests-registry-sync	0
all-runs	2026-09-19T14:49:09Z	90ef596	80-lane-instrument-selftests	0
all-runs	2026-09-19T14:49:10Z	90ef596	90-sidecar-verifier-wrapper	0
all-runs	2026-09-19T14:49:10Z	90ef596	95-numerals-ratchet	0
all-runs	2026-09-19T14:49:10Z	90ef596	96-verdict-status-agreement	0
all-runs	2026-09-19T14:49:10Z	90ef596	97-readme-counts	0
all-runs	2026-09-19T14:59:19Z	5bf499c	10-fixture-integrity	0
all-runs	2026-09-19T14:59:19Z	5bf499c	20-receipt-freshness	0
all-runs	2026-09-19T14:59:19Z	5bf499c	30-no-secrets	0
all-runs	2026-09-19T14:59:20Z	5bf499c	40-omp-compact-replay	0
all-runs	2026-09-19T14:59:21Z	5bf499c	50-house-gates	0
all-runs	2026-09-19T14:59:24Z	5bf499c	60-staged-deletion-lane	0
all-runs	2026-09-19T14:59:24Z	5bf499c	70-tests-registry-sync	0
all-runs	2026-09-19T14:59:39Z	5bf499c	80-lane-instrument-selftests	0
all-runs	2026-09-19T14:59:39Z	5bf499c	90-sidecar-verifier-wrapper	0
all-runs	2026-09-19T14:59:39Z	5bf499c	95-numerals-ratchet	0
all-runs	2026-09-19T14:59:40Z	5bf499c	96-verdict-status-agreement	0
all-runs	2026-09-19T14:59:40Z	5bf499c	97-readme-counts	0
all-runs	2026-09-19T15:03:04Z	eb99a33	10-fixture-integrity	0
all-runs	2026-09-19T15:03:04Z	eb99a33	20-receipt-freshness	0
all-runs	2026-09-19T15:03:04Z	eb99a33	30-no-secrets	0
all-runs	2026-09-19T15:03:05Z	eb99a33	40-omp-compact-replay	0
all-runs	2026-09-19T15:03:06Z	eb99a33	50-house-gates	0
all-runs	2026-09-19T15:03:08Z	eb99a33	60-staged-deletion-lane	0
all-runs	2026-09-19T15:03:08Z	eb99a33	70-tests-registry-sync	0
all-runs	2026-09-19T15:03:23Z	eb99a33	80-lane-instrument-selftests	0
all-runs	2026-09-19T15:03:24Z	eb99a33	90-sidecar-verifier-wrapper	0
all-runs	2026-09-19T15:03:24Z	eb99a33	95-numerals-ratchet	0
all-runs	2026-09-19T15:03:24Z	eb99a33	96-verdict-status-agreement	0
all-runs	2026-09-19T15:03:24Z	eb99a33	97-readme-counts	0
all-runs	2026-09-19T15:10:13Z	6af67fc	10-fixture-integrity	0
all-runs	2026-09-19T15:10:13Z	6af67fc	20-receipt-freshness	0
all-runs	2026-09-19T15:10:13Z	6af67fc	30-no-secrets	0
all-runs	2026-09-19T15:10:15Z	6af67fc	40-omp-compact-replay	0
all-runs	2026-09-19T15:10:15Z	6af67fc	50-house-gates	0
all-runs	2026-09-19T15:10:19Z	6af67fc	60-staged-deletion-lane	0
all-runs	2026-09-19T15:10:19Z	6af67fc	70-tests-registry-sync	0
all-runs	2026-09-19T15:10:34Z	6af67fc	80-lane-instrument-selftests	0
all-runs	2026-09-19T15:10:35Z	6af67fc	90-sidecar-verifier-wrapper	0
all-runs	2026-09-19T15:10:35Z	6af67fc	95-numerals-ratchet	0
all-runs	2026-09-19T15:10:35Z	6af67fc	96-verdict-status-agreement	0
all-runs	2026-09-19T15:10:35Z	6af67fc	97-readme-counts	0
all-runs	2026-09-19T15:11:41Z	ceb8c57	10-fixture-integrity	0
all-runs	2026-09-19T15:11:41Z	ceb8c57	20-receipt-freshness	0
all-runs	2026-09-19T15:11:41Z	ceb8c57	30-no-secrets	0
all-runs	2026-09-19T15:11:42Z	ceb8c57	40-omp-compact-replay	0
all-runs	2026-09-19T15:11:42Z	ceb8c57	50-house-gates	0
all-runs	2026-09-19T15:11:45Z	ceb8c57	60-staged-deletion-lane	0
all-runs	2026-09-19T15:11:45Z	ceb8c57	70-tests-registry-sync	0
all-runs	2026-09-19T15:12:01Z	ceb8c57	80-lane-instrument-selftests	0
all-runs	2026-09-19T15:12:01Z	ceb8c57	90-sidecar-verifier-wrapper	0
all-runs	2026-09-19T15:12:01Z	ceb8c57	95-numerals-ratchet	0
all-runs	2026-09-19T15:12:01Z	ceb8c57	96-verdict-status-agreement	0
all-runs	2026-09-19T15:12:01Z	ceb8c57	97-readme-counts	0
all-runs	2026-09-19T15:19:47Z	245031e	10-fixture-integrity	0
all-runs	2026-09-19T15:19:47Z	245031e	20-receipt-freshness	0
all-runs	2026-09-19T15:19:47Z	245031e	30-no-secrets	0
all-runs	2026-09-19T15:19:48Z	245031e	40-omp-compact-replay	0
all-runs	2026-09-19T15:19:49Z	245031e	50-house-gates	0
all-runs	2026-09-19T15:19:51Z	245031e	60-staged-deletion-lane	0
all-runs	2026-09-19T15:19:51Z	245031e	70-tests-registry-sync	0
all-runs	2026-09-19T15:20:19Z	245031e	10-fixture-integrity	0
all-runs	2026-09-19T15:20:19Z	245031e	20-receipt-freshness	0
all-runs	2026-09-19T15:20:19Z	245031e	30-no-secrets	0
all-runs	2026-09-19T15:20:20Z	245031e	40-omp-compact-replay	0
all-runs	2026-09-19T15:20:20Z	245031e	50-house-gates	0
all-runs	2026-09-19T15:20:23Z	245031e	60-staged-deletion-lane	0
all-runs	2026-09-19T15:20:23Z	245031e	70-tests-registry-sync	0
all-runs	2026-09-19T15:20:38Z	245031e	80-lane-instrument-selftests	0
all-runs	2026-09-19T15:20:38Z	245031e	90-sidecar-verifier-wrapper	0
all-runs	2026-09-19T15:20:39Z	245031e	95-numerals-ratchet	0
all-runs	2026-09-19T15:20:39Z	245031e	96-verdict-status-agreement	0
all-runs	2026-09-19T15:20:39Z	245031e	97-readme-counts	0
all-runs	2026-09-19T15:56:32Z	37f3bd5	10-fixture-integrity	0
all-runs	2026-09-19T15:56:32Z	37f3bd5	20-receipt-freshness	0
all-runs	2026-09-19T15:56:32Z	37f3bd5	30-no-secrets	0
all-runs	2026-09-19T15:56:33Z	37f3bd5	40-omp-compact-replay	0
all-runs	2026-09-19T15:56:34Z	37f3bd5	50-house-gates	0
all-runs	2026-09-19T15:56:37Z	37f3bd5	60-staged-deletion-lane	0
all-runs	2026-09-19T15:56:37Z	37f3bd5	70-tests-registry-sync	0
all-runs	2026-09-19T15:56:54Z	37f3bd5	80-lane-instrument-selftests	0
all-runs	2026-09-19T15:56:54Z	37f3bd5	90-sidecar-verifier-wrapper	0
all-runs	2026-09-19T15:56:54Z	37f3bd5	95-numerals-ratchet	0
all-runs	2026-09-19T15:56:54Z	37f3bd5	96-verdict-status-agreement	0
all-runs	2026-09-19T15:56:55Z	37f3bd5	97-readme-counts	0
all-runs	2026-09-19T16:03:33Z	c83e761	10-fixture-integrity	0
all-runs	2026-09-19T16:03:33Z	c83e761	20-receipt-freshness	0
all-runs	2026-09-19T16:03:33Z	c83e761	30-no-secrets	0
all-runs	2026-09-19T16:03:35Z	c83e761	40-omp-compact-replay	0
all-runs	2026-09-19T16:03:35Z	c83e761	50-house-gates	0
all-runs	2026-09-19T16:03:38Z	c83e761	60-staged-deletion-lane	0
all-runs	2026-09-19T16:03:38Z	c83e761	70-tests-registry-sync	0
all-runs	2026-09-19T16:03:54Z	c83e761	80-lane-instrument-selftests	0
all-runs	2026-09-19T16:03:54Z	c83e761	90-sidecar-verifier-wrapper	0
all-runs	2026-09-19T16:03:55Z	c83e761	95-numerals-ratchet	0
all-runs	2026-09-19T16:03:55Z	c83e761	96-verdict-status-agreement	0
all-runs	2026-09-19T16:03:55Z	c83e761	97-readme-counts	0
all-runs	2026-09-19T16:16:43Z	229af2a	10-fixture-integrity	0
all-runs	2026-09-19T16:16:43Z	229af2a	20-receipt-freshness	0
all-runs	2026-09-19T16:16:43Z	229af2a	30-no-secrets	0
all-runs	2026-09-19T16:16:44Z	229af2a	40-omp-compact-replay	0
all-runs	2026-09-19T16:16:45Z	229af2a	50-house-gates	0
all-runs	2026-09-19T16:16:48Z	229af2a	60-staged-deletion-lane	0
all-runs	2026-09-19T16:16:48Z	229af2a	70-tests-registry-sync	0
all-runs	2026-09-19T16:17:04Z	229af2a	80-lane-instrument-selftests	1
all-runs	2026-09-19T16:17:05Z	229af2a	90-sidecar-verifier-wrapper	0
all-runs	2026-09-19T16:17:05Z	229af2a	95-numerals-ratchet	1
all-runs	2026-09-19T16:17:05Z	229af2a	96-verdict-status-agreement	0
all-runs	2026-09-19T16:17:05Z	229af2a	97-readme-counts	0
all-runs	2026-09-19T16:17:31Z	27f63a6	10-fixture-integrity	0
all-runs	2026-09-19T16:17:31Z	27f63a6	20-receipt-freshness	0
all-runs	2026-09-19T16:17:31Z	27f63a6	30-no-secrets	0
all-runs	2026-09-19T16:17:32Z	27f63a6	40-omp-compact-replay	0
all-runs	2026-09-19T16:17:33Z	27f63a6	50-house-gates	0
all-runs	2026-09-19T16:17:36Z	27f63a6	60-staged-deletion-lane	0
all-runs	2026-09-19T16:17:36Z	27f63a6	70-tests-registry-sync	0
all-runs	2026-09-19T16:17:53Z	27f63a6	80-lane-instrument-selftests	0
all-runs	2026-09-19T16:17:53Z	27f63a6	90-sidecar-verifier-wrapper	0
all-runs	2026-09-19T16:17:53Z	27f63a6	95-numerals-ratchet	0
all-runs	2026-09-19T16:17:53Z	27f63a6	96-verdict-status-agreement	0
all-runs	2026-09-19T16:17:53Z	27f63a6	97-readme-counts	0
all-runs	2026-09-19T16:20:51Z	74edeff	10-fixture-integrity	0
all-runs	2026-09-19T16:20:51Z	74edeff	20-receipt-freshness	0
all-runs	2026-09-19T16:20:51Z	74edeff	30-no-secrets	0
all-runs	2026-09-19T16:20:52Z	74edeff	40-omp-compact-replay	0
all-runs	2026-09-19T16:20:52Z	74edeff	50-house-gates	0
all-runs	2026-09-19T16:20:56Z	74edeff	60-staged-deletion-lane	0
all-runs	2026-09-19T16:20:56Z	74edeff	70-tests-registry-sync	0
all-runs	2026-09-19T16:21:13Z	74edeff	80-lane-instrument-selftests	0
all-runs	2026-09-19T16:21:13Z	74edeff	90-sidecar-verifier-wrapper	0
all-runs	2026-09-19T16:21:13Z	74edeff	95-numerals-ratchet	0
all-runs	2026-09-19T16:21:13Z	74edeff	96-verdict-status-agreement	0
all-runs	2026-09-19T16:21:13Z	74edeff	97-readme-counts	0
all-runs	2026-09-19T16:27:09Z	eebc4da	10-fixture-integrity	0
all-runs	2026-09-19T16:27:09Z	eebc4da	20-receipt-freshness	0
all-runs	2026-09-19T16:27:09Z	eebc4da	30-no-secrets	0
all-runs	2026-09-19T16:27:10Z	eebc4da	40-omp-compact-replay	0
all-runs	2026-09-19T16:27:11Z	eebc4da	50-house-gates	0
all-runs	2026-09-19T16:27:14Z	eebc4da	60-staged-deletion-lane	0
all-runs	2026-09-19T16:27:14Z	eebc4da	70-tests-registry-sync	0
all-runs	2026-09-19T16:27:30Z	eebc4da	80-lane-instrument-selftests	0
all-runs	2026-09-19T16:27:31Z	eebc4da	90-sidecar-verifier-wrapper	0
all-runs	2026-09-19T16:27:31Z	eebc4da	95-numerals-ratchet	0
all-runs	2026-09-19T16:27:31Z	eebc4da	96-verdict-status-agreement	0
all-runs	2026-09-19T16:27:31Z	eebc4da	97-readme-counts	0
all-runs	2026-09-19T16:31:54Z	ac22266	10-fixture-integrity	0
all-runs	2026-09-19T16:31:54Z	ac22266	20-receipt-freshness	0
all-runs	2026-09-19T16:31:54Z	ac22266	30-no-secrets	0
all-runs	2026-09-19T16:31:55Z	ac22266	40-omp-compact-replay	0
all-runs	2026-09-19T16:31:56Z	ac22266	50-house-gates	0
all-runs	2026-09-19T16:31:59Z	ac22266	60-staged-deletion-lane	0
all-runs	2026-09-19T16:31:59Z	ac22266	70-tests-registry-sync	0
all-runs	2026-09-19T16:32:28Z	ac22266	10-fixture-integrity	0
all-runs	2026-09-19T16:32:28Z	ac22266	20-receipt-freshness	0
all-runs	2026-09-19T16:32:28Z	ac22266	30-no-secrets	0
all-runs	2026-09-19T16:32:29Z	ac22266	40-omp-compact-replay	0
all-runs	2026-09-19T16:32:30Z	ac22266	50-house-gates	0
all-runs	2026-09-19T16:32:33Z	ac22266	60-staged-deletion-lane	0
all-runs	2026-09-19T16:32:33Z	ac22266	70-tests-registry-sync	0
all-runs	2026-09-19T16:32:49Z	ac22266	80-lane-instrument-selftests	0
all-runs	2026-09-19T16:32:49Z	ac22266	90-sidecar-verifier-wrapper	0
all-runs	2026-09-19T16:32:50Z	ac22266	95-numerals-ratchet	0
all-runs	2026-09-19T16:32:50Z	ac22266	96-verdict-status-agreement	0
all-runs	2026-09-19T16:32:50Z	ac22266	97-readme-counts	0
all-runs	2026-09-19T16:35:04Z	d8455fd	10-fixture-integrity	0
all-runs	2026-09-19T16:35:04Z	d8455fd	20-receipt-freshness	0
all-runs	2026-09-19T16:35:04Z	d8455fd	30-no-secrets	0
all-runs	2026-09-19T16:35:05Z	d8455fd	40-omp-compact-replay	0
all-runs	2026-09-19T16:35:05Z	d8455fd	50-house-gates	0
all-runs	2026-09-19T16:35:08Z	d8455fd	60-staged-deletion-lane	0
all-runs	2026-09-19T16:35:08Z	d8455fd	70-tests-registry-sync	0
all-runs	2026-09-19T16:35:25Z	d8455fd	80-lane-instrument-selftests	0
all-runs	2026-09-19T16:35:25Z	d8455fd	90-sidecar-verifier-wrapper	0
all-runs	2026-09-19T16:35:25Z	d8455fd	95-numerals-ratchet	0
all-runs	2026-09-19T16:35:25Z	d8455fd	96-verdict-status-agreement	0
all-runs	2026-09-19T16:35:25Z	d8455fd	97-readme-counts	0
all-runs	2026-09-19T16:41:22Z	d24790b	10-fixture-integrity	0
all-runs	2026-09-19T16:41:22Z	d24790b	20-receipt-freshness	0
all-runs	2026-09-19T16:41:22Z	d24790b	30-no-secrets	0
all-runs	2026-09-19T16:41:23Z	d24790b	40-omp-compact-replay	0
all-runs	2026-09-19T16:41:24Z	d24790b	50-house-gates	0
all-runs	2026-09-19T16:41:28Z	d24790b	60-staged-deletion-lane	0
all-runs	2026-09-19T16:41:28Z	d24790b	70-tests-registry-sync	0
all-runs	2026-09-19T16:41:47Z	d24790b	80-lane-instrument-selftests	0
all-runs	2026-09-19T16:41:47Z	d24790b	90-sidecar-verifier-wrapper	0
all-runs	2026-09-19T16:41:47Z	d24790b	95-numerals-ratchet	0
all-runs	2026-09-19T16:41:47Z	d24790b	96-verdict-status-agreement	0
all-runs	2026-09-19T16:41:48Z	d24790b	97-readme-counts	0
all-runs	2026-09-19T16:44:00Z	3dd0976	10-fixture-integrity	0
all-runs	2026-09-19T16:44:00Z	3dd0976	20-receipt-freshness	0
all-runs	2026-09-19T16:44:00Z	3dd0976	30-no-secrets	0
all-runs	2026-09-19T16:44:01Z	3dd0976	40-omp-compact-replay	0
all-runs	2026-09-19T16:44:02Z	3dd0976	50-house-gates	0
all-runs	2026-09-19T16:44:05Z	3dd0976	60-staged-deletion-lane	0
all-runs	2026-09-19T16:44:05Z	3dd0976	70-tests-registry-sync	0
all-runs	2026-09-19T16:44:23Z	3dd0976	80-lane-instrument-selftests	0
all-runs	2026-09-19T16:44:23Z	3dd0976	90-sidecar-verifier-wrapper	0
all-runs	2026-09-19T16:44:23Z	3dd0976	95-numerals-ratchet	0
all-runs	2026-09-19T16:44:23Z	3dd0976	96-verdict-status-agreement	0
all-runs	2026-09-19T16:44:23Z	3dd0976	97-readme-counts	0
all-runs	2026-09-19T16:47:12Z	ff47347	10-fixture-integrity	0
all-runs	2026-09-19T16:47:12Z	ff47347	20-receipt-freshness	0
all-runs	2026-09-19T16:47:12Z	ff47347	30-no-secrets	0
all-runs	2026-09-19T16:47:13Z	ff47347	40-omp-compact-replay	0
all-runs	2026-09-19T16:47:14Z	ff47347	50-house-gates	0
all-runs	2026-09-19T16:47:18Z	ff47347	60-staged-deletion-lane	0
all-runs	2026-09-19T16:47:18Z	ff47347	70-tests-registry-sync	0
all-runs	2026-09-19T16:47:36Z	ff47347	80-lane-instrument-selftests	0
all-runs	2026-09-19T16:47:36Z	ff47347	90-sidecar-verifier-wrapper	0
all-runs	2026-09-19T16:47:36Z	ff47347	95-numerals-ratchet	0
all-runs	2026-09-19T16:47:36Z	ff47347	96-verdict-status-agreement	0
all-runs	2026-09-19T16:47:36Z	ff47347	97-readme-counts	0
all-runs	2026-09-19T16:53:08Z	8559948	10-fixture-integrity	0
all-runs	2026-09-19T16:53:08Z	8559948	20-receipt-freshness	0
all-runs	2026-09-19T16:53:08Z	8559948	30-no-secrets	0
all-runs	2026-09-19T16:53:09Z	8559948	40-omp-compact-replay	0
all-runs	2026-09-19T16:53:09Z	8559948	50-house-gates	0
all-runs	2026-09-19T16:53:13Z	8559948	60-staged-deletion-lane	0
all-runs	2026-09-19T16:53:13Z	8559948	70-tests-registry-sync	0
all-runs	2026-09-19T16:53:31Z	8559948	80-lane-instrument-selftests	0
all-runs	2026-09-19T16:53:31Z	8559948	90-sidecar-verifier-wrapper	0
all-runs	2026-09-19T16:53:31Z	8559948	95-numerals-ratchet	0
all-runs	2026-09-19T16:53:31Z	8559948	96-verdict-status-agreement	0
all-runs	2026-09-19T16:53:31Z	8559948	97-readme-counts	0
all-runs	2026-09-19T16:56:05Z	51b147a	10-fixture-integrity	0
all-runs	2026-09-19T16:56:05Z	51b147a	20-receipt-freshness	0
all-runs	2026-09-19T16:56:05Z	51b147a	30-no-secrets	0
all-runs	2026-09-19T16:56:06Z	51b147a	40-omp-compact-replay	0
all-runs	2026-09-19T16:56:06Z	51b147a	50-house-gates	0
all-runs	2026-09-19T16:56:09Z	51b147a	60-staged-deletion-lane	0
all-runs	2026-09-19T16:56:09Z	51b147a	70-tests-registry-sync	0
all-runs	2026-09-19T16:56:27Z	51b147a	80-lane-instrument-selftests	0
all-runs	2026-09-19T16:56:27Z	51b147a	90-sidecar-verifier-wrapper	0
all-runs	2026-09-19T16:56:27Z	51b147a	95-numerals-ratchet	0
all-runs	2026-09-19T16:56:27Z	51b147a	96-verdict-status-agreement	0
all-runs	2026-09-19T16:56:27Z	51b147a	97-readme-counts	0
all-runs	2026-09-19T17:03:12Z	f0fcf32	10-fixture-integrity	0
all-runs	2026-09-19T17:03:12Z	f0fcf32	20-receipt-freshness	0
all-runs	2026-09-19T17:03:12Z	f0fcf32	30-no-secrets	0
all-runs	2026-09-19T17:03:13Z	f0fcf32	40-omp-compact-replay	0
all-runs	2026-09-19T17:03:14Z	f0fcf32	50-house-gates	0
all-runs	2026-09-19T17:03:17Z	f0fcf32	60-staged-deletion-lane	0
all-runs	2026-09-19T17:03:17Z	f0fcf32	70-tests-registry-sync	0
all-runs	2026-09-19T17:03:34Z	f0fcf32	80-lane-instrument-selftests	0
all-runs	2026-09-19T17:03:35Z	f0fcf32	90-sidecar-verifier-wrapper	0
all-runs	2026-09-19T17:03:35Z	f0fcf32	95-numerals-ratchet	0
all-runs	2026-09-19T17:03:35Z	f0fcf32	96-verdict-status-agreement	0
all-runs	2026-09-19T17:03:35Z	f0fcf32	97-readme-counts	0
all-runs	2026-09-19T17:13:42Z	6b4db43	10-fixture-integrity	0
all-runs	2026-09-19T17:13:42Z	6b4db43	20-receipt-freshness	0
all-runs	2026-09-19T17:13:42Z	6b4db43	30-no-secrets	0
all-runs	2026-09-19T17:13:43Z	6b4db43	40-omp-compact-replay	0
all-runs	2026-09-19T17:13:44Z	6b4db43	50-house-gates	0
all-runs	2026-09-19T17:13:47Z	6b4db43	60-staged-deletion-lane	0
all-runs	2026-09-19T17:13:47Z	6b4db43	70-tests-registry-sync	0
all-runs	2026-09-19T17:14:03Z	6b4db43	80-lane-instrument-selftests	0
all-runs	2026-09-19T17:14:03Z	6b4db43	90-sidecar-verifier-wrapper	0
all-runs	2026-09-19T17:14:03Z	6b4db43	95-numerals-ratchet	0
all-runs	2026-09-19T17:14:03Z	6b4db43	96-verdict-status-agreement	0
all-runs	2026-09-19T17:14:03Z	6b4db43	97-readme-counts	0
all-runs	2026-09-19T17:23:31Z	6e178b2	10-fixture-integrity	0
all-runs	2026-09-19T17:23:31Z	6e178b2	20-receipt-freshness	0
all-runs	2026-09-19T17:23:31Z	6e178b2	30-no-secrets	0
all-runs	2026-09-19T17:23:32Z	6e178b2	40-omp-compact-replay	0
all-runs	2026-09-19T17:23:33Z	6e178b2	50-house-gates	0
all-runs	2026-09-19T17:23:37Z	6e178b2	60-staged-deletion-lane	0
all-runs	2026-09-19T17:23:37Z	6e178b2	70-tests-registry-sync	0
all-runs	2026-09-19T17:23:54Z	6e178b2	80-lane-instrument-selftests	0
all-runs	2026-09-19T17:23:54Z	6e178b2	90-sidecar-verifier-wrapper	0
all-runs	2026-09-19T17:23:55Z	6e178b2	95-numerals-ratchet	0
all-runs	2026-09-19T17:23:55Z	6e178b2	96-verdict-status-agreement	0
all-runs	2026-09-19T17:23:55Z	6e178b2	97-readme-counts	0
all-runs	2026-09-19T17:26:27Z	02f6c5b	10-fixture-integrity	0
all-runs	2026-09-19T17:26:27Z	02f6c5b	20-receipt-freshness	0
all-runs	2026-09-19T17:26:27Z	02f6c5b	30-no-secrets	0
all-runs	2026-09-19T17:26:28Z	02f6c5b	40-omp-compact-replay	0
all-runs	2026-09-19T17:26:28Z	02f6c5b	50-house-gates	0
all-runs	2026-09-19T17:26:32Z	02f6c5b	60-staged-deletion-lane	0
all-runs	2026-09-19T17:26:32Z	02f6c5b	70-tests-registry-sync	0
all-runs	2026-09-19T17:26:49Z	02f6c5b	80-lane-instrument-selftests	0
all-runs	2026-09-19T17:26:49Z	02f6c5b	90-sidecar-verifier-wrapper	0
all-runs	2026-09-19T17:26:50Z	02f6c5b	95-numerals-ratchet	0
all-runs	2026-09-19T17:26:50Z	02f6c5b	96-verdict-status-agreement	0
all-runs	2026-09-19T17:26:50Z	02f6c5b	97-readme-counts	0
all-runs	2026-09-19T17:29:03Z	40bdaaa	10-fixture-integrity	0
all-runs	2026-09-19T17:29:03Z	40bdaaa	20-receipt-freshness	0
all-runs	2026-09-19T17:29:03Z	40bdaaa	30-no-secrets	0
all-runs	2026-09-19T17:29:04Z	40bdaaa	40-omp-compact-replay	0
all-runs	2026-09-19T17:29:05Z	40bdaaa	50-house-gates	0
all-runs	2026-09-19T17:29:08Z	40bdaaa	60-staged-deletion-lane	0
all-runs	2026-09-19T17:29:08Z	40bdaaa	70-tests-registry-sync	0
all-runs	2026-09-19T17:29:27Z	40bdaaa	80-lane-instrument-selftests	0
all-runs	2026-09-19T17:29:27Z	40bdaaa	90-sidecar-verifier-wrapper	0
all-runs	2026-09-19T17:29:27Z	40bdaaa	95-numerals-ratchet	0
all-runs	2026-09-19T17:29:27Z	40bdaaa	96-verdict-status-agreement	0
all-runs	2026-09-19T17:29:27Z	40bdaaa	97-readme-counts	0
all-runs	2026-09-19T17:39:01Z	4fe3644	10-fixture-integrity	0
all-runs	2026-09-19T17:39:01Z	4fe3644	20-receipt-freshness	0
all-runs	2026-09-19T17:39:01Z	4fe3644	30-no-secrets	0
all-runs	2026-09-19T17:39:03Z	4fe3644	40-omp-compact-replay	0
all-runs	2026-09-19T17:39:03Z	4fe3644	50-house-gates	0
all-runs	2026-09-19T17:39:06Z	4fe3644	60-staged-deletion-lane	0
all-runs	2026-09-19T17:39:06Z	4fe3644	70-tests-registry-sync	0
all-runs	2026-09-19T17:39:23Z	4fe3644	80-lane-instrument-selftests	0
all-runs	2026-09-19T17:39:23Z	4fe3644	90-sidecar-verifier-wrapper	0
all-runs	2026-09-19T17:39:23Z	4fe3644	95-numerals-ratchet	0
all-runs	2026-09-19T17:39:23Z	4fe3644	96-verdict-status-agreement	0
all-runs	2026-09-19T17:39:23Z	4fe3644	97-readme-counts	0
all-runs	2026-09-19T17:40:52Z	4536168	10-fixture-integrity	0
all-runs	2026-09-19T17:40:52Z	4536168	20-receipt-freshness	0
all-runs	2026-09-19T17:40:52Z	4536168	30-no-secrets	0
all-runs	2026-09-19T17:40:53Z	4536168	40-omp-compact-replay	0
all-runs	2026-09-19T17:40:53Z	4536168	50-house-gates	0
all-runs	2026-09-19T17:40:56Z	4536168	60-staged-deletion-lane	0
all-runs	2026-09-19T17:40:56Z	4536168	70-tests-registry-sync	0
all-runs	2026-09-19T17:41:13Z	4536168	80-lane-instrument-selftests	0
all-runs	2026-09-19T17:41:13Z	4536168	90-sidecar-verifier-wrapper	0
all-runs	2026-09-19T17:41:13Z	4536168	95-numerals-ratchet	0
all-runs	2026-09-19T17:41:13Z	4536168	96-verdict-status-agreement	0
all-runs	2026-09-19T17:41:13Z	4536168	97-readme-counts	0
all-runs	2026-09-19T17:48:56Z	8eb34db	10-fixture-integrity	0
all-runs	2026-09-19T17:48:56Z	8eb34db	20-receipt-freshness	0
all-runs	2026-09-19T17:48:57Z	8eb34db	30-no-secrets	0
all-runs	2026-09-19T17:48:58Z	8eb34db	40-omp-compact-replay	0
all-runs	2026-09-19T17:48:58Z	8eb34db	50-house-gates	0
all-runs	2026-09-19T17:49:02Z	8eb34db	60-staged-deletion-lane	0
all-runs	2026-09-19T17:49:02Z	8eb34db	70-tests-registry-sync	0
all-runs	2026-09-19T17:49:25Z	8eb34db	10-fixture-integrity	0
all-runs	2026-09-19T17:49:25Z	8eb34db	20-receipt-freshness	0
all-runs	2026-09-19T17:49:25Z	8eb34db	30-no-secrets	0
all-runs	2026-09-19T17:49:26Z	8eb34db	40-omp-compact-replay	0
all-runs	2026-09-19T17:49:27Z	8eb34db	50-house-gates	0
all-runs	2026-09-19T17:49:29Z	8eb34db	60-staged-deletion-lane	0
all-runs	2026-09-19T17:49:30Z	8eb34db	70-tests-registry-sync	0
all-runs	2026-09-19T17:49:46Z	8eb34db	80-lane-instrument-selftests	1
all-runs	2026-09-19T17:49:46Z	8eb34db	90-sidecar-verifier-wrapper	0
all-runs	2026-09-19T17:49:46Z	8eb34db	95-numerals-ratchet	0
all-runs	2026-09-19T17:49:46Z	8eb34db	96-verdict-status-agreement	0
all-runs	2026-09-19T17:49:46Z	8eb34db	97-readme-counts	1
all-runs	2026-09-19T17:50:17Z	8eb34db	10-fixture-integrity	0
all-runs	2026-09-19T17:50:17Z	8eb34db	20-receipt-freshness	0
all-runs	2026-09-19T17:50:17Z	8eb34db	30-no-secrets	0
all-runs	2026-09-19T17:50:18Z	8eb34db	40-omp-compact-replay	0
all-runs	2026-09-19T17:50:19Z	8eb34db	50-house-gates	0
all-runs	2026-09-19T17:50:22Z	8eb34db	60-staged-deletion-lane	0
all-runs	2026-09-19T17:50:22Z	8eb34db	70-tests-registry-sync	0
all-runs	2026-09-19T17:50:38Z	8eb34db	80-lane-instrument-selftests	0
all-runs	2026-09-19T17:50:38Z	8eb34db	90-sidecar-verifier-wrapper	0
all-runs	2026-09-19T17:50:39Z	8eb34db	95-numerals-ratchet	0
all-runs	2026-09-19T17:50:39Z	8eb34db	96-verdict-status-agreement	0
all-runs	2026-09-19T17:50:39Z	8eb34db	97-readme-counts	0
all-runs	2026-09-19T17:53:23Z	54f3636	10-fixture-integrity	0
all-runs	2026-09-19T17:53:23Z	54f3636	20-receipt-freshness	0
all-runs	2026-09-19T17:53:23Z	54f3636	30-no-secrets	0
all-runs	2026-09-19T17:53:24Z	54f3636	40-omp-compact-replay	0
all-runs	2026-09-19T17:53:24Z	54f3636	50-house-gates	0
all-runs	2026-09-19T17:53:27Z	54f3636	60-staged-deletion-lane	0
all-runs	2026-09-19T17:53:27Z	54f3636	70-tests-registry-sync	0
all-runs	2026-09-19T17:53:45Z	54f3636	80-lane-instrument-selftests	0
all-runs	2026-09-19T17:53:45Z	54f3636	90-sidecar-verifier-wrapper	0
all-runs	2026-09-19T17:53:45Z	54f3636	95-numerals-ratchet	0
all-runs	2026-09-19T17:53:45Z	54f3636	96-verdict-status-agreement	0
all-runs	2026-09-19T17:53:45Z	54f3636	97-readme-counts	0
all-runs	2026-09-19T17:55:08Z	35633d6	10-fixture-integrity	0
all-runs	2026-09-19T17:55:08Z	35633d6	20-receipt-freshness	0
all-runs	2026-09-19T17:55:08Z	35633d6	30-no-secrets	0
all-runs	2026-09-19T17:55:09Z	35633d6	40-omp-compact-replay	0
all-runs	2026-09-19T17:55:10Z	35633d6	50-house-gates	0
all-runs	2026-09-19T17:55:13Z	35633d6	60-staged-deletion-lane	0
all-runs	2026-09-19T17:55:13Z	35633d6	70-tests-registry-sync	0
all-runs	2026-09-19T17:55:36Z	35633d6	10-fixture-integrity	0
all-runs	2026-09-19T17:55:36Z	35633d6	20-receipt-freshness	0
all-runs	2026-09-19T17:55:36Z	35633d6	30-no-secrets	0
all-runs	2026-09-19T17:55:37Z	35633d6	40-omp-compact-replay	0
all-runs	2026-09-19T17:55:37Z	35633d6	50-house-gates	0
all-runs	2026-09-19T17:55:40Z	35633d6	60-staged-deletion-lane	0
all-runs	2026-09-19T17:55:40Z	35633d6	70-tests-registry-sync	0
all-runs	2026-09-19T17:55:56Z	35633d6	80-lane-instrument-selftests	0
all-runs	2026-09-19T17:55:56Z	35633d6	90-sidecar-verifier-wrapper	0
all-runs	2026-09-19T17:55:56Z	35633d6	95-numerals-ratchet	0
all-runs	2026-09-19T17:55:56Z	35633d6	96-verdict-status-agreement	0
all-runs	2026-09-19T17:55:56Z	35633d6	97-readme-counts	0
all-runs	2026-09-19T17:58:29Z	fdd61ae	10-fixture-integrity	0
all-runs	2026-09-19T17:58:29Z	fdd61ae	20-receipt-freshness	0
all-runs	2026-09-19T17:58:29Z	fdd61ae	30-no-secrets	0
all-runs	2026-09-19T17:58:30Z	fdd61ae	40-omp-compact-replay	0
all-runs	2026-09-19T17:58:31Z	fdd61ae	50-house-gates	0
all-runs	2026-09-19T17:58:35Z	fdd61ae	60-staged-deletion-lane	0
all-runs	2026-09-19T17:58:35Z	fdd61ae	70-tests-registry-sync	0
all-runs	2026-09-19T17:58:52Z	fdd61ae	80-lane-instrument-selftests	0
all-runs	2026-09-19T17:58:52Z	fdd61ae	90-sidecar-verifier-wrapper	0
all-runs	2026-09-19T17:58:52Z	fdd61ae	95-numerals-ratchet	0
all-runs	2026-09-19T17:58:52Z	fdd61ae	96-verdict-status-agreement	0
all-runs	2026-09-19T17:58:52Z	fdd61ae	97-readme-counts	0
all-runs	2026-09-19T18:01:11Z	3ab3a22	10-fixture-integrity	0
all-runs	2026-09-19T18:01:11Z	3ab3a22	20-receipt-freshness	0
all-runs	2026-09-19T18:01:11Z	3ab3a22	30-no-secrets	0
all-runs	2026-09-19T18:01:12Z	3ab3a22	40-omp-compact-replay	0
all-runs	2026-09-19T18:01:12Z	3ab3a22	50-house-gates	0
all-runs	2026-09-19T18:01:16Z	3ab3a22	60-staged-deletion-lane	0
all-runs	2026-09-19T18:01:16Z	3ab3a22	70-tests-registry-sync	0
all-runs	2026-09-19T18:01:32Z	3ab3a22	80-lane-instrument-selftests	0
all-runs	2026-09-19T18:01:32Z	3ab3a22	90-sidecar-verifier-wrapper	0
all-runs	2026-09-19T18:01:32Z	3ab3a22	95-numerals-ratchet	0
all-runs	2026-09-19T18:01:32Z	3ab3a22	96-verdict-status-agreement	0
all-runs	2026-09-19T18:01:32Z	3ab3a22	97-readme-counts	0
all-runs	2026-09-19T18:07:50Z	d6b52ea	10-fixture-integrity	0
all-runs	2026-09-19T18:07:50Z	d6b52ea	20-receipt-freshness	0
all-runs	2026-09-19T18:07:50Z	d6b52ea	30-no-secrets	0
all-runs	2026-09-19T18:07:52Z	d6b52ea	40-omp-compact-replay	0
all-runs	2026-09-19T18:07:52Z	d6b52ea	50-house-gates	0
all-runs	2026-09-19T18:07:56Z	d6b52ea	60-staged-deletion-lane	0
all-runs	2026-09-19T18:07:56Z	d6b52ea	70-tests-registry-sync	0
all-runs	2026-09-19T18:08:10Z	d6b52ea	10-fixture-integrity	0
all-runs	2026-09-19T18:08:11Z	d6b52ea	20-receipt-freshness	0
all-runs	2026-09-19T18:08:11Z	d6b52ea	30-no-secrets	0
all-runs	2026-09-19T18:08:12Z	d6b52ea	40-omp-compact-replay	0
all-runs	2026-09-19T18:08:12Z	d6b52ea	50-house-gates	0
all-runs	2026-09-19T18:08:13Z	d6b52ea	80-lane-instrument-selftests	0
all-runs	2026-09-19T18:08:14Z	d6b52ea	90-sidecar-verifier-wrapper	0
all-runs	2026-09-19T18:08:14Z	d6b52ea	95-numerals-ratchet	0
all-runs	2026-09-19T18:08:14Z	d6b52ea	96-verdict-status-agreement	0
all-runs	2026-09-19T18:08:14Z	d6b52ea	97-readme-counts	0
all-runs	2026-09-19T18:08:15Z	d6b52ea	60-staged-deletion-lane	0
all-runs	2026-09-19T18:08:15Z	d6b52ea	70-tests-registry-sync	0
all-runs	2026-09-19T18:08:32Z	d6b52ea	80-lane-instrument-selftests	0
all-runs	2026-09-19T18:08:32Z	d6b52ea	90-sidecar-verifier-wrapper	0
all-runs	2026-09-19T18:08:32Z	d6b52ea	95-numerals-ratchet	0
all-runs	2026-09-19T18:08:32Z	d6b52ea	96-verdict-status-agreement	0
all-runs	2026-09-19T18:08:32Z	d6b52ea	97-readme-counts	0
all-runs	2026-09-19T18:10:37Z	348894e	10-fixture-integrity	0
all-runs	2026-09-19T18:10:37Z	348894e	20-receipt-freshness	0
all-runs	2026-09-19T18:10:37Z	348894e	30-no-secrets	0
all-runs	2026-09-19T18:10:38Z	348894e	40-omp-compact-replay	0
all-runs	2026-09-19T18:10:38Z	348894e	50-house-gates	0
all-runs	2026-09-19T18:10:41Z	348894e	60-staged-deletion-lane	0
all-runs	2026-09-19T18:10:41Z	348894e	70-tests-registry-sync	0
all-runs	2026-09-19T18:10:58Z	348894e	80-lane-instrument-selftests	0
all-runs	2026-09-19T18:10:59Z	348894e	90-sidecar-verifier-wrapper	0
all-runs	2026-09-19T18:10:59Z	348894e	95-numerals-ratchet	0
all-runs	2026-09-19T18:10:59Z	348894e	96-verdict-status-agreement	0
all-runs	2026-09-19T18:10:59Z	348894e	97-readme-counts	0
all-runs	2026-09-19T18:21:47Z	c5966a5	10-fixture-integrity	0
all-runs	2026-09-19T18:21:47Z	c5966a5	20-receipt-freshness	0
all-runs	2026-09-19T18:21:47Z	c5966a5	30-no-secrets	0
all-runs	2026-09-19T18:21:49Z	c5966a5	40-omp-compact-replay	0
all-runs	2026-09-19T18:21:49Z	c5966a5	50-house-gates	0
all-runs	2026-09-19T18:21:52Z	c5966a5	60-staged-deletion-lane	0
all-runs	2026-09-19T18:21:52Z	c5966a5	70-tests-registry-sync	0
all-runs	2026-09-19T18:22:10Z	c5966a5	80-lane-instrument-selftests	0
all-runs	2026-09-19T18:22:10Z	c5966a5	90-sidecar-verifier-wrapper	0
all-runs	2026-09-19T18:22:10Z	c5966a5	95-numerals-ratchet	0
all-runs	2026-09-19T18:22:10Z	c5966a5	96-verdict-status-agreement	0
all-runs	2026-09-19T18:22:11Z	c5966a5	97-readme-counts	0
all-runs	2026-09-19T18:39:43Z	f7bcd9d	10-fixture-integrity	0
all-runs	2026-09-19T18:39:43Z	f7bcd9d	20-receipt-freshness	0
all-runs	2026-09-19T18:39:43Z	f7bcd9d	30-no-secrets	0
all-runs	2026-09-19T18:39:44Z	f7bcd9d	40-omp-compact-replay	0
all-runs	2026-09-19T18:39:44Z	f7bcd9d	50-house-gates	0
all-runs	2026-09-19T18:39:47Z	f7bcd9d	60-staged-deletion-lane	0
all-runs	2026-09-19T18:39:47Z	f7bcd9d	70-tests-registry-sync	0
all-runs	2026-09-19T18:40:05Z	f7bcd9d	80-lane-instrument-selftests	0
all-runs	2026-09-19T18:40:05Z	f7bcd9d	90-sidecar-verifier-wrapper	0
all-runs	2026-09-19T18:40:06Z	f7bcd9d	95-numerals-ratchet	0
all-runs	2026-09-19T18:40:06Z	f7bcd9d	96-verdict-status-agreement	0
all-runs	2026-09-19T18:40:06Z	f7bcd9d	97-readme-counts	0
all-runs	2026-09-19T18:40:54Z	f7bcd9d	10-fixture-integrity	0
all-runs	2026-09-19T18:40:54Z	f7bcd9d	20-receipt-freshness	0
all-runs	2026-09-19T18:40:54Z	f7bcd9d	30-no-secrets	0
all-runs	2026-09-19T18:40:55Z	f7bcd9d	40-omp-compact-replay	0
all-runs	2026-09-19T18:40:56Z	f7bcd9d	50-house-gates	0
all-runs	2026-09-19T18:40:58Z	f7bcd9d	60-staged-deletion-lane	0
all-runs	2026-09-19T18:40:58Z	f7bcd9d	70-tests-registry-sync	0
all-runs	2026-09-19T18:41:14Z	f7bcd9d	80-lane-instrument-selftests	0
all-runs	2026-09-19T18:41:14Z	f7bcd9d	90-sidecar-verifier-wrapper	0
all-runs	2026-09-19T18:41:15Z	f7bcd9d	95-numerals-ratchet	0
all-runs	2026-09-19T18:41:15Z	f7bcd9d	96-verdict-status-agreement	0
all-runs	2026-09-19T18:41:15Z	f7bcd9d	97-readme-counts	0
all-runs	2026-09-19T18:41:19Z	e11fc36	10-fixture-integrity	0
all-runs	2026-09-19T18:41:19Z	e11fc36	20-receipt-freshness	0
all-runs	2026-09-19T18:41:19Z	e11fc36	30-no-secrets	0
all-runs	2026-09-19T18:41:20Z	e11fc36	40-omp-compact-replay	0
all-runs	2026-09-19T18:41:21Z	e11fc36	50-house-gates	0
all-runs	2026-09-19T18:41:24Z	e11fc36	60-staged-deletion-lane	0
all-runs	2026-09-19T18:41:24Z	e11fc36	70-tests-registry-sync	0
all-runs	2026-09-19T18:41:41Z	e11fc36	80-lane-instrument-selftests	0
all-runs	2026-09-19T18:41:41Z	e11fc36	90-sidecar-verifier-wrapper	0
all-runs	2026-09-19T18:41:41Z	e11fc36	95-numerals-ratchet	0
all-runs	2026-09-19T18:41:41Z	e11fc36	96-verdict-status-agreement	0
all-runs	2026-09-19T18:41:42Z	e11fc36	97-readme-counts	0
all-runs	2026-09-19T19:07:36Z	f8a4c86	10-fixture-integrity	0
all-runs	2026-09-19T19:07:36Z	f8a4c86	20-receipt-freshness	0
all-runs	2026-09-19T19:07:36Z	f8a4c86	30-no-secrets	0
all-runs	2026-09-19T19:07:38Z	f8a4c86	40-omp-compact-replay	0
all-runs	2026-09-19T19:07:39Z	f8a4c86	50-house-gates	0
all-runs	2026-09-19T19:07:43Z	f8a4c86	60-staged-deletion-lane	0
all-runs	2026-09-19T19:07:43Z	f8a4c86	70-tests-registry-sync	0
all-runs	2026-09-19T19:07:59Z	f8a4c86	80-lane-instrument-selftests	0
all-runs	2026-09-19T19:07:59Z	f8a4c86	90-sidecar-verifier-wrapper	0
all-runs	2026-09-19T19:08:00Z	f8a4c86	95-numerals-ratchet	0
all-runs	2026-09-19T19:08:00Z	f8a4c86	96-verdict-status-agreement	0
all-runs	2026-09-19T19:08:00Z	f8a4c86	97-readme-counts	0
all-runs	2026-09-19T19:11:46Z	702356c	10-fixture-integrity	0
all-runs	2026-09-19T19:11:46Z	702356c	20-receipt-freshness	0
all-runs	2026-09-19T19:11:46Z	702356c	30-no-secrets	0
all-runs	2026-09-19T19:11:49Z	702356c	40-omp-compact-replay	0
all-runs	2026-09-19T19:11:49Z	702356c	50-house-gates	0
all-runs	2026-09-19T19:11:52Z	702356c	60-staged-deletion-lane	0
all-runs	2026-09-19T19:11:52Z	702356c	70-tests-registry-sync	0
all-runs	2026-09-19T19:12:09Z	702356c	80-lane-instrument-selftests	0
all-runs	2026-09-19T19:12:09Z	702356c	90-sidecar-verifier-wrapper	0
all-runs	2026-09-19T19:12:09Z	702356c	95-numerals-ratchet	0
all-runs	2026-09-19T19:12:09Z	702356c	96-verdict-status-agreement	0
all-runs	2026-09-19T19:12:09Z	702356c	97-readme-counts	0
all-runs	2026-09-19T19:12:55Z	7b3ae92	10-fixture-integrity	0
all-runs	2026-09-19T19:12:55Z	7b3ae92	20-receipt-freshness	0
all-runs	2026-09-19T19:12:55Z	7b3ae92	30-no-secrets	0
all-runs	2026-09-19T19:12:56Z	7b3ae92	40-omp-compact-replay	0
all-runs	2026-09-19T19:12:57Z	7b3ae92	50-house-gates	0
all-runs	2026-09-19T19:13:00Z	7b3ae92	60-staged-deletion-lane	0
all-runs	2026-09-19T19:13:00Z	7b3ae92	70-tests-registry-sync	0
all-runs	2026-09-19T19:13:15Z	7b3ae92	80-lane-instrument-selftests	0
all-runs	2026-09-19T19:13:15Z	7b3ae92	90-sidecar-verifier-wrapper	0
all-runs	2026-09-19T19:13:15Z	7b3ae92	95-numerals-ratchet	0
all-runs	2026-09-19T19:13:16Z	7b3ae92	96-verdict-status-agreement	0
all-runs	2026-09-19T19:13:16Z	7b3ae92	97-readme-counts	0
all-runs	2026-09-19T19:45:00Z	e2c1bd0	10-fixture-integrity	0
all-runs	2026-09-19T19:45:00Z	e2c1bd0	20-receipt-freshness	0
all-runs	2026-09-19T19:45:00Z	e2c1bd0	30-no-secrets	0
all-runs	2026-09-19T19:45:01Z	e2c1bd0	40-omp-compact-replay	0
all-runs	2026-09-19T19:45:02Z	e2c1bd0	50-house-gates	0
all-runs	2026-09-19T19:45:06Z	e2c1bd0	60-staged-deletion-lane	0
all-runs	2026-09-19T19:45:06Z	e2c1bd0	70-tests-registry-sync	0
all-runs	2026-09-19T19:45:22Z	e2c1bd0	80-lane-instrument-selftests	0
all-runs	2026-09-19T19:45:22Z	e2c1bd0	90-sidecar-verifier-wrapper	0
all-runs	2026-09-19T19:45:22Z	e2c1bd0	95-numerals-ratchet	0
all-runs	2026-09-19T19:45:22Z	e2c1bd0	96-verdict-status-agreement	0
all-runs	2026-09-19T19:45:22Z	e2c1bd0	97-readme-counts	0
all-runs	2026-09-19T19:47:27Z	75faaec	10-fixture-integrity	0
all-runs	2026-09-19T19:47:27Z	75faaec	20-receipt-freshness	0
all-runs	2026-09-19T19:47:27Z	75faaec	30-no-secrets	0
all-runs	2026-09-19T19:47:28Z	75faaec	40-omp-compact-replay	0
all-runs	2026-09-19T19:47:28Z	75faaec	50-house-gates	0
all-runs	2026-09-19T19:47:32Z	75faaec	60-staged-deletion-lane	0
all-runs	2026-09-19T19:47:32Z	75faaec	70-tests-registry-sync	0
all-runs	2026-09-19T19:47:48Z	75faaec	80-lane-instrument-selftests	0
all-runs	2026-09-19T19:47:48Z	75faaec	90-sidecar-verifier-wrapper	0
all-runs	2026-09-19T19:47:48Z	75faaec	95-numerals-ratchet	0
all-runs	2026-09-19T19:47:48Z	75faaec	96-verdict-status-agreement	0
all-runs	2026-09-19T19:47:48Z	75faaec	97-readme-counts	0
all-runs	2026-09-19T19:49:08Z	e27b536	10-fixture-integrity	0
all-runs	2026-09-19T19:49:08Z	e27b536	20-receipt-freshness	0
all-runs	2026-09-19T19:49:08Z	e27b536	30-no-secrets	0
all-runs	2026-09-19T19:49:09Z	e27b536	40-omp-compact-replay	0
all-runs	2026-09-19T19:49:10Z	e27b536	50-house-gates	0
all-runs	2026-09-19T19:49:13Z	e27b536	60-staged-deletion-lane	0
all-runs	2026-09-19T19:49:13Z	e27b536	70-tests-registry-sync	0
all-runs	2026-09-19T19:49:29Z	e27b536	80-lane-instrument-selftests	0
all-runs	2026-09-19T19:49:29Z	e27b536	90-sidecar-verifier-wrapper	0
all-runs	2026-09-19T19:49:29Z	e27b536	95-numerals-ratchet	0
all-runs	2026-09-19T19:49:29Z	e27b536	96-verdict-status-agreement	0
all-runs	2026-09-19T19:49:29Z	e27b536	97-readme-counts	0
all-runs	2026-09-19T20:03:49Z	63f052c	10-fixture-integrity	0
all-runs	2026-09-19T20:03:49Z	63f052c	20-receipt-freshness	0
all-runs	2026-09-19T20:03:49Z	63f052c	30-no-secrets	0
all-runs	2026-09-19T20:03:50Z	63f052c	40-omp-compact-replay	0
all-runs	2026-09-19T20:03:51Z	63f052c	50-house-gates	0
all-runs	2026-09-19T20:03:54Z	63f052c	60-staged-deletion-lane	0
all-runs	2026-09-19T20:03:54Z	63f052c	70-tests-registry-sync	0
all-runs	2026-09-19T20:04:10Z	63f052c	80-lane-instrument-selftests	0
all-runs	2026-09-19T20:04:10Z	63f052c	90-sidecar-verifier-wrapper	0
all-runs	2026-09-19T20:04:10Z	63f052c	95-numerals-ratchet	0
all-runs	2026-09-19T20:04:10Z	63f052c	96-verdict-status-agreement	0
all-runs	2026-09-19T20:04:10Z	63f052c	97-readme-counts	0
all-runs	2026-09-19T20:07:20Z	d1ec069	10-fixture-integrity	0
all-runs	2026-09-19T20:07:20Z	d1ec069	20-receipt-freshness	0
all-runs	2026-09-19T20:07:20Z	d1ec069	30-no-secrets	0
all-runs	2026-09-19T20:07:21Z	d1ec069	40-omp-compact-replay	0
all-runs	2026-09-19T20:07:22Z	d1ec069	50-house-gates	0
all-runs	2026-09-19T20:07:25Z	d1ec069	60-staged-deletion-lane	0
all-runs	2026-09-19T20:07:25Z	d1ec069	70-tests-registry-sync	0
all-runs	2026-09-19T20:07:41Z	d1ec069	80-lane-instrument-selftests	0
all-runs	2026-09-19T20:07:41Z	d1ec069	90-sidecar-verifier-wrapper	0
all-runs	2026-09-19T20:07:41Z	d1ec069	95-numerals-ratchet	0
all-runs	2026-09-19T20:07:42Z	d1ec069	96-verdict-status-agreement	0
all-runs	2026-09-19T20:07:42Z	d1ec069	97-readme-counts	0
all-runs	2026-09-19T20:09:22Z	16be46c	10-fixture-integrity	0
all-runs	2026-09-19T20:09:22Z	16be46c	20-receipt-freshness	0
all-runs	2026-09-19T20:09:22Z	16be46c	30-no-secrets	0
all-runs	2026-09-19T20:09:23Z	16be46c	40-omp-compact-replay	0
all-runs	2026-09-19T20:09:23Z	16be46c	50-house-gates	0
all-runs	2026-09-19T20:09:26Z	16be46c	60-staged-deletion-lane	0
all-runs	2026-09-19T20:09:26Z	16be46c	70-tests-registry-sync	0
all-runs	2026-09-19T20:09:42Z	16be46c	80-lane-instrument-selftests	1
all-runs	2026-09-19T20:09:42Z	16be46c	90-sidecar-verifier-wrapper	0
all-runs	2026-09-19T20:09:42Z	16be46c	95-numerals-ratchet	1
all-runs	2026-09-19T20:09:42Z	16be46c	96-verdict-status-agreement	0
all-runs	2026-09-19T20:09:43Z	16be46c	97-readme-counts	0
all-runs	2026-09-19T20:27:41Z	8e220a6	10-fixture-integrity	0
all-runs	2026-09-19T20:27:41Z	8e220a6	20-receipt-freshness	0
all-runs	2026-09-19T20:27:41Z	8e220a6	30-no-secrets	0
all-runs	2026-09-19T20:27:42Z	8e220a6	40-omp-compact-replay	0
all-runs	2026-09-19T20:27:43Z	8e220a6	50-house-gates	0
all-runs	2026-09-19T20:27:47Z	8e220a6	60-staged-deletion-lane	0
all-runs	2026-09-19T20:27:47Z	8e220a6	70-tests-registry-sync	0
all-runs	2026-09-19T20:28:04Z	8e220a6	80-lane-instrument-selftests	1
all-runs	2026-09-19T20:28:04Z	8e220a6	90-sidecar-verifier-wrapper	0
all-runs	2026-09-19T20:28:04Z	8e220a6	95-numerals-ratchet	1
all-runs	2026-09-19T20:28:04Z	8e220a6	96-verdict-status-agreement	0
all-runs	2026-09-19T20:28:04Z	8e220a6	97-readme-counts	0
all-runs	2026-09-19T20:29:23Z	8e220a6	10-fixture-integrity	0
all-runs	2026-09-19T20:29:23Z	8e220a6	20-receipt-freshness	0
all-runs	2026-09-19T20:29:23Z	8e220a6	30-no-secrets	0
all-runs	2026-09-19T20:29:24Z	8e220a6	40-omp-compact-replay	0
all-runs	2026-09-19T20:29:24Z	8e220a6	50-house-gates	0
all-runs	2026-09-19T20:29:27Z	8e220a6	60-staged-deletion-lane	0
all-runs	2026-09-19T20:29:27Z	8e220a6	70-tests-registry-sync	0
all-runs	2026-09-19T20:29:43Z	8e220a6	80-lane-instrument-selftests	1
all-runs	2026-09-19T20:29:43Z	8e220a6	90-sidecar-verifier-wrapper	0
all-runs	2026-09-19T20:29:43Z	8e220a6	95-numerals-ratchet	1
all-runs	2026-09-19T20:29:44Z	8e220a6	96-verdict-status-agreement	0
all-runs	2026-09-19T20:29:44Z	8e220a6	97-readme-counts	0
all-runs	2026-09-19T20:30:02Z	8e220a6	10-fixture-integrity	0
all-runs	2026-09-19T20:30:02Z	8e220a6	20-receipt-freshness	0
all-runs	2026-09-19T20:30:02Z	8e220a6	30-no-secrets	0
all-runs	2026-09-19T20:30:03Z	8e220a6	40-omp-compact-replay	0
all-runs	2026-09-19T20:30:04Z	8e220a6	50-house-gates	0
all-runs	2026-09-19T20:30:07Z	8e220a6	60-staged-deletion-lane	0
all-runs	2026-09-19T20:30:07Z	8e220a6	70-tests-registry-sync	0
all-runs	2026-09-19T20:30:23Z	8e220a6	80-lane-instrument-selftests	0
all-runs	2026-09-19T20:30:24Z	8e220a6	90-sidecar-verifier-wrapper	0
all-runs	2026-09-19T20:30:24Z	8e220a6	95-numerals-ratchet	0
all-runs	2026-09-19T20:30:24Z	8e220a6	96-verdict-status-agreement	0
all-runs	2026-09-19T20:30:24Z	8e220a6	97-readme-counts	0
all-runs	2026-09-19T20:49:47Z	ad9da04	10-fixture-integrity	0
all-runs	2026-09-19T20:49:47Z	ad9da04	20-receipt-freshness	0
all-runs	2026-09-19T20:49:47Z	ad9da04	30-no-secrets	0
all-runs	2026-09-19T20:49:48Z	ad9da04	40-omp-compact-replay	0
all-runs	2026-09-19T20:49:49Z	ad9da04	50-house-gates	0
all-runs	2026-09-19T20:49:52Z	ad9da04	60-staged-deletion-lane	0
all-runs	2026-09-19T20:49:52Z	ad9da04	70-tests-registry-sync	0
all-runs	2026-09-19T20:50:10Z	ad9da04	80-lane-instrument-selftests	0
all-runs	2026-09-19T20:50:10Z	ad9da04	90-sidecar-verifier-wrapper	0
all-runs	2026-09-19T20:50:10Z	ad9da04	95-numerals-ratchet	0
all-runs	2026-09-19T20:50:10Z	ad9da04	96-verdict-status-agreement	0
all-runs	2026-09-19T20:50:10Z	ad9da04	97-readme-counts	0
all-runs	2026-09-19T21:05:19Z	0a7e7b2	10-fixture-integrity	0
all-runs	2026-09-19T21:05:19Z	0a7e7b2	20-receipt-freshness	0
all-runs	2026-09-19T21:05:19Z	0a7e7b2	30-no-secrets	0
all-runs	2026-09-19T21:05:21Z	0a7e7b2	40-omp-compact-replay	0
all-runs	2026-09-19T21:05:21Z	0a7e7b2	50-house-gates	0
all-runs	2026-09-19T21:05:25Z	0a7e7b2	60-staged-deletion-lane	0
all-runs	2026-09-19T21:05:25Z	0a7e7b2	70-tests-registry-sync	0
all-runs	2026-09-19T21:05:42Z	0a7e7b2	80-lane-instrument-selftests	0
all-runs	2026-09-19T21:05:42Z	0a7e7b2	90-sidecar-verifier-wrapper	0
all-runs	2026-09-19T21:05:42Z	0a7e7b2	95-numerals-ratchet	0
all-runs	2026-09-19T21:05:42Z	0a7e7b2	96-verdict-status-agreement	0
all-runs	2026-09-19T21:05:43Z	0a7e7b2	97-readme-counts	0
all-runs	2026-09-19T21:07:06Z	0a7e7b2	10-fixture-integrity	0
all-runs	2026-09-19T21:07:06Z	0a7e7b2	20-receipt-freshness	0
all-runs	2026-09-19T21:07:06Z	0a7e7b2	30-no-secrets	0
all-runs	2026-09-19T21:07:07Z	0a7e7b2	40-omp-compact-replay	0
all-runs	2026-09-19T21:07:08Z	0a7e7b2	50-house-gates	0
all-runs	2026-09-19T21:07:10Z	0a7e7b2	60-staged-deletion-lane	0
all-runs	2026-09-19T21:07:11Z	0a7e7b2	70-tests-registry-sync	0
all-runs	2026-09-19T21:07:36Z	0a7e7b2	10-fixture-integrity	0
all-runs	2026-09-19T21:07:36Z	0a7e7b2	20-receipt-freshness	0
all-runs	2026-09-19T21:07:36Z	0a7e7b2	30-no-secrets	0
all-runs	2026-09-19T21:07:37Z	0a7e7b2	40-omp-compact-replay	0
all-runs	2026-09-19T21:07:37Z	0a7e7b2	50-house-gates	0
all-runs	2026-09-19T21:07:41Z	0a7e7b2	60-staged-deletion-lane	0
all-runs	2026-09-19T21:07:41Z	0a7e7b2	70-tests-registry-sync	0
all-runs	2026-09-19T21:07:57Z	0a7e7b2	80-lane-instrument-selftests	0
all-runs	2026-09-19T21:07:57Z	0a7e7b2	90-sidecar-verifier-wrapper	0
all-runs	2026-09-19T21:07:57Z	0a7e7b2	95-numerals-ratchet	0
all-runs	2026-09-19T21:07:57Z	0a7e7b2	96-verdict-status-agreement	0
all-runs	2026-09-19T21:07:57Z	0a7e7b2	97-readme-counts	0
all-runs	2026-09-19T21:13:25Z	caf324d	10-fixture-integrity	0
all-runs	2026-09-19T21:13:25Z	caf324d	20-receipt-freshness	0
all-runs	2026-09-19T21:13:25Z	caf324d	30-no-secrets	0
all-runs	2026-09-19T21:13:26Z	caf324d	40-omp-compact-replay	0
all-runs	2026-09-19T21:13:26Z	caf324d	50-house-gates	0
all-runs	2026-09-19T21:13:31Z	caf324d	60-staged-deletion-lane	0
all-runs	2026-09-19T21:13:31Z	caf324d	70-tests-registry-sync	0
all-runs	2026-09-19T21:13:48Z	caf324d	80-lane-instrument-selftests	0
all-runs	2026-09-19T21:13:48Z	caf324d	90-sidecar-verifier-wrapper	0
all-runs	2026-09-19T21:13:48Z	caf324d	95-numerals-ratchet	0
all-runs	2026-09-19T21:13:48Z	caf324d	96-verdict-status-agreement	0
all-runs	2026-09-19T21:13:48Z	caf324d	97-readme-counts	0
all-runs	2026-09-19T21:15:24Z	a2e2035	10-fixture-integrity	0
all-runs	2026-09-19T21:15:24Z	a2e2035	20-receipt-freshness	0
all-runs	2026-09-19T21:15:24Z	a2e2035	30-no-secrets	0
all-runs	2026-09-19T21:15:25Z	a2e2035	40-omp-compact-replay	0
all-runs	2026-09-19T21:15:25Z	a2e2035	50-house-gates	0
all-runs	2026-09-19T21:15:28Z	a2e2035	60-staged-deletion-lane	0
all-runs	2026-09-19T21:15:29Z	a2e2035	70-tests-registry-sync	0
all-runs	2026-09-19T21:15:44Z	a2e2035	80-lane-instrument-selftests	0
all-runs	2026-09-19T21:15:44Z	a2e2035	90-sidecar-verifier-wrapper	0
all-runs	2026-09-19T21:15:44Z	a2e2035	95-numerals-ratchet	0
all-runs	2026-09-19T21:15:44Z	a2e2035	96-verdict-status-agreement	0
all-runs	2026-09-19T21:15:44Z	a2e2035	97-readme-counts	0
all-runs	2026-09-19T21:26:05Z	2100286	10-fixture-integrity	0
all-runs	2026-09-19T21:26:05Z	2100286	20-receipt-freshness	0
all-runs	2026-09-19T21:26:05Z	2100286	30-no-secrets	0
all-runs	2026-09-19T21:26:06Z	2100286	40-omp-compact-replay	0
all-runs	2026-09-19T21:26:07Z	2100286	50-house-gates	0
all-runs	2026-09-19T21:26:10Z	2100286	60-staged-deletion-lane	0
all-runs	2026-09-19T21:26:10Z	2100286	70-tests-registry-sync	0
all-runs	2026-09-19T21:26:26Z	2100286	80-lane-instrument-selftests	0
all-runs	2026-09-19T21:26:27Z	2100286	90-sidecar-verifier-wrapper	0
all-runs	2026-09-19T21:26:27Z	2100286	95-numerals-ratchet	0
all-runs	2026-09-19T21:26:27Z	2100286	96-verdict-status-agreement	0
all-runs	2026-09-19T21:26:27Z	2100286	97-readme-counts	0
all-runs	2026-09-19T21:45:42Z	3b30957	10-fixture-integrity	0
all-runs	2026-09-19T21:45:42Z	3b30957	20-receipt-freshness	0
all-runs	2026-09-19T21:45:42Z	3b30957	30-no-secrets	0
all-runs	2026-09-19T21:45:44Z	3b30957	40-omp-compact-replay	0
all-runs	2026-09-19T21:45:44Z	3b30957	50-house-gates	0
all-runs	2026-09-19T21:45:47Z	3b30957	60-staged-deletion-lane	0
all-runs	2026-09-19T21:45:47Z	3b30957	70-tests-registry-sync	0
all-runs	2026-09-19T21:46:03Z	3b30957	80-lane-instrument-selftests	0
all-runs	2026-09-19T21:46:03Z	3b30957	90-sidecar-verifier-wrapper	0
all-runs	2026-09-19T21:46:03Z	3b30957	95-numerals-ratchet	0
all-runs	2026-09-19T21:46:03Z	3b30957	96-verdict-status-agreement	0
all-runs	2026-09-19T21:46:03Z	3b30957	97-readme-counts	0
all-runs	2026-09-19T21:48:27Z	a0fe97d	10-fixture-integrity	0
all-runs	2026-09-19T21:48:27Z	a0fe97d	20-receipt-freshness	0
all-runs	2026-09-19T21:48:28Z	a0fe97d	30-no-secrets	0
all-runs	2026-09-19T21:48:29Z	a0fe97d	40-omp-compact-replay	0
all-runs	2026-09-19T21:48:29Z	a0fe97d	50-house-gates	0
all-runs	2026-09-19T21:48:32Z	a0fe97d	60-staged-deletion-lane	0
all-runs	2026-09-19T21:48:32Z	a0fe97d	70-tests-registry-sync	0
all-runs	2026-09-19T21:48:48Z	a0fe97d	80-lane-instrument-selftests	0
all-runs	2026-09-19T21:48:48Z	a0fe97d	90-sidecar-verifier-wrapper	0
all-runs	2026-09-19T21:48:48Z	a0fe97d	95-numerals-ratchet	0
all-runs	2026-09-19T21:48:48Z	a0fe97d	96-verdict-status-agreement	0
all-runs	2026-09-19T21:48:48Z	a0fe97d	97-readme-counts	0
all-runs	2026-09-19T21:50:42Z	835d61b	10-fixture-integrity	0
all-runs	2026-09-19T21:50:42Z	835d61b	20-receipt-freshness	0
all-runs	2026-09-19T21:50:43Z	835d61b	30-no-secrets	0
all-runs	2026-09-19T21:50:44Z	835d61b	40-omp-compact-replay	0
all-runs	2026-09-19T21:50:44Z	835d61b	50-house-gates	0
all-runs	2026-09-19T21:50:47Z	835d61b	60-staged-deletion-lane	0
all-runs	2026-09-19T21:50:47Z	835d61b	70-tests-registry-sync	0
all-runs	2026-09-19T21:50:48Z	835d61b	10-fixture-integrity	0
all-runs	2026-09-19T21:50:48Z	835d61b	20-receipt-freshness	0
all-runs	2026-09-19T21:50:48Z	835d61b	30-no-secrets	0
all-runs	2026-09-19T21:50:49Z	835d61b	40-omp-compact-replay	0
all-runs	2026-09-19T21:50:49Z	835d61b	50-house-gates	0
all-runs	2026-09-19T21:50:52Z	835d61b	60-staged-deletion-lane	0
all-runs	2026-09-19T21:50:52Z	835d61b	70-tests-registry-sync	0
all-runs	2026-09-19T21:51:04Z	835d61b	80-lane-instrument-selftests	0
all-runs	2026-09-19T21:51:05Z	835d61b	90-sidecar-verifier-wrapper	0
all-runs	2026-09-19T21:51:05Z	835d61b	95-numerals-ratchet	0
all-runs	2026-09-19T21:51:05Z	835d61b	96-verdict-status-agreement	0
all-runs	2026-09-19T21:51:05Z	835d61b	97-readme-counts	0
all-runs	2026-09-19T21:51:08Z	835d61b	80-lane-instrument-selftests	0
all-runs	2026-09-19T21:51:08Z	835d61b	90-sidecar-verifier-wrapper	0
all-runs	2026-09-19T21:51:09Z	835d61b	95-numerals-ratchet	0
all-runs	2026-09-19T21:51:09Z	835d61b	96-verdict-status-agreement	0
all-runs	2026-09-19T21:51:09Z	835d61b	97-readme-counts	0
all-runs	2026-09-19T21:52:09Z	fc20657	10-fixture-integrity	0
all-runs	2026-09-19T21:52:09Z	fc20657	20-receipt-freshness	0
all-runs	2026-09-19T21:52:09Z	fc20657	30-no-secrets	0
all-runs	2026-09-19T21:52:10Z	fc20657	40-omp-compact-replay	0
all-runs	2026-09-19T21:52:10Z	fc20657	50-house-gates	0
all-runs	2026-09-19T21:52:13Z	fc20657	60-staged-deletion-lane	0
all-runs	2026-09-19T21:52:13Z	fc20657	70-tests-registry-sync	0
all-runs	2026-09-19T21:52:29Z	fc20657	80-lane-instrument-selftests	0
all-runs	2026-09-19T21:52:29Z	fc20657	90-sidecar-verifier-wrapper	0
all-runs	2026-09-19T21:52:29Z	fc20657	95-numerals-ratchet	0
all-runs	2026-09-19T21:52:29Z	fc20657	96-verdict-status-agreement	0
all-runs	2026-09-19T21:52:29Z	fc20657	97-readme-counts	0
all-runs	2026-09-19T22:06:38Z	3b1e02d	10-fixture-integrity	0
all-runs	2026-09-19T22:06:38Z	3b1e02d	20-receipt-freshness	0
all-runs	2026-09-19T22:06:38Z	3b1e02d	30-no-secrets	0
all-runs	2026-09-19T22:06:39Z	3b1e02d	40-omp-compact-replay	0
all-runs	2026-09-19T22:06:40Z	3b1e02d	50-house-gates	0
all-runs	2026-09-19T22:06:43Z	3b1e02d	60-staged-deletion-lane	0
all-runs	2026-09-19T22:06:43Z	3b1e02d	70-tests-registry-sync	0
all-runs	2026-09-19T22:06:59Z	3b1e02d	80-lane-instrument-selftests	0
all-runs	2026-09-19T22:06:59Z	3b1e02d	90-sidecar-verifier-wrapper	0
all-runs	2026-09-19T22:06:59Z	3b1e02d	95-numerals-ratchet	0
all-runs	2026-09-19T22:06:59Z	3b1e02d	96-verdict-status-agreement	0
all-runs	2026-09-19T22:06:59Z	3b1e02d	97-readme-counts	0
all-runs	2026-09-19T22:11:18Z	6b69185	10-fixture-integrity	0
all-runs	2026-09-19T22:11:18Z	6b69185	20-receipt-freshness	0
all-runs	2026-09-19T22:11:18Z	6b69185	30-no-secrets	0
all-runs	2026-09-19T22:11:19Z	6b69185	40-omp-compact-replay	0
all-runs	2026-09-19T22:11:20Z	6b69185	50-house-gates	0
all-runs	2026-09-19T22:11:23Z	6b69185	60-staged-deletion-lane	0
all-runs	2026-09-19T22:11:23Z	6b69185	70-tests-registry-sync	0
all-runs	2026-09-19T22:11:41Z	6b69185	80-lane-instrument-selftests	0
all-runs	2026-09-19T22:11:41Z	6b69185	90-sidecar-verifier-wrapper	0
all-runs	2026-09-19T22:11:41Z	6b69185	95-numerals-ratchet	0
all-runs	2026-09-19T22:11:41Z	6b69185	96-verdict-status-agreement	0
all-runs	2026-09-19T22:11:41Z	6b69185	97-readme-counts	0
all-runs	2026-09-19T22:12:56Z	6b69185	10-fixture-integrity	0
all-runs	2026-09-19T22:12:56Z	6b69185	20-receipt-freshness	0
all-runs	2026-09-19T22:12:56Z	6b69185	30-no-secrets	0
all-runs	2026-09-19T22:12:57Z	6b69185	40-omp-compact-replay	0
all-runs	2026-09-19T22:12:57Z	6b69185	50-house-gates	0
all-runs	2026-09-19T22:13:00Z	6b69185	60-staged-deletion-lane	0
all-runs	2026-09-19T22:13:00Z	6b69185	70-tests-registry-sync	0
all-runs	2026-09-19T22:13:16Z	6b69185	80-lane-instrument-selftests	0
all-runs	2026-09-19T22:13:17Z	6b69185	90-sidecar-verifier-wrapper	0
all-runs	2026-09-19T22:13:17Z	6b69185	95-numerals-ratchet	0
all-runs	2026-09-19T22:13:17Z	6b69185	96-verdict-status-agreement	0
all-runs	2026-09-19T22:13:17Z	6b69185	97-readme-counts	0
all-runs	2026-09-19T22:16:05Z	d8472cc	10-fixture-integrity	0
all-runs	2026-09-19T22:16:05Z	d8472cc	20-receipt-freshness	0
all-runs	2026-09-19T22:16:05Z	d8472cc	30-no-secrets	0
all-runs	2026-09-19T22:16:06Z	d8472cc	40-omp-compact-replay	0
all-runs	2026-09-19T22:16:07Z	d8472cc	50-house-gates	0
all-runs	2026-09-19T22:16:10Z	d8472cc	60-staged-deletion-lane	0
all-runs	2026-09-19T22:16:10Z	d8472cc	70-tests-registry-sync	0
all-runs	2026-09-19T22:16:27Z	d8472cc	80-lane-instrument-selftests	0
all-runs	2026-09-19T22:16:27Z	d8472cc	90-sidecar-verifier-wrapper	0
all-runs	2026-09-19T22:16:28Z	d8472cc	95-numerals-ratchet	0
all-runs	2026-09-19T22:16:28Z	d8472cc	96-verdict-status-agreement	0
all-runs	2026-09-19T22:16:28Z	d8472cc	97-readme-counts	0
all-runs	2026-09-19T22:17:45Z	d8472cc	10-fixture-integrity	0
all-runs	2026-09-19T22:17:46Z	d8472cc	20-receipt-freshness	0
all-runs	2026-09-19T22:17:46Z	d8472cc	30-no-secrets	0
all-runs	2026-09-19T22:17:47Z	d8472cc	40-omp-compact-replay	0
all-runs	2026-09-19T22:17:47Z	d8472cc	50-house-gates	0
all-runs	2026-09-19T22:17:50Z	d8472cc	60-staged-deletion-lane	0
all-runs	2026-09-19T22:17:50Z	d8472cc	70-tests-registry-sync	0
all-runs	2026-09-19T22:18:07Z	d8472cc	80-lane-instrument-selftests	0
all-runs	2026-09-19T22:18:07Z	d8472cc	90-sidecar-verifier-wrapper	0
all-runs	2026-09-19T22:18:07Z	d8472cc	95-numerals-ratchet	0
all-runs	2026-09-19T22:18:07Z	d8472cc	96-verdict-status-agreement	0
all-runs	2026-09-19T22:18:07Z	d8472cc	97-readme-counts	0
all-runs	2026-09-19T22:22:03Z	48ddb1e	10-fixture-integrity	0
all-runs	2026-09-19T22:22:03Z	48ddb1e	20-receipt-freshness	0
all-runs	2026-09-19T22:22:03Z	48ddb1e	30-no-secrets	0
all-runs	2026-09-19T22:22:04Z	48ddb1e	40-omp-compact-replay	0
all-runs	2026-09-19T22:22:05Z	48ddb1e	50-house-gates	0
all-runs	2026-09-19T22:22:07Z	48ddb1e	60-staged-deletion-lane	0
all-runs	2026-09-19T22:22:08Z	48ddb1e	70-tests-registry-sync	0
all-runs	2026-09-19T22:22:23Z	48ddb1e	80-lane-instrument-selftests	0
all-runs	2026-09-19T22:22:23Z	48ddb1e	90-sidecar-verifier-wrapper	0
all-runs	2026-09-19T22:22:24Z	48ddb1e	95-numerals-ratchet	0
all-runs	2026-09-19T22:22:24Z	48ddb1e	96-verdict-status-agreement	0
all-runs	2026-09-19T22:22:24Z	48ddb1e	97-readme-counts	0
all-runs	2026-09-19T22:26:12Z	270acce	10-fixture-integrity	0
all-runs	2026-09-19T22:26:12Z	270acce	20-receipt-freshness	0
all-runs	2026-09-19T22:26:12Z	270acce	30-no-secrets	0
all-runs	2026-09-19T22:26:13Z	270acce	40-omp-compact-replay	0
all-runs	2026-09-19T22:26:13Z	270acce	50-house-gates	0
all-runs	2026-09-19T22:26:16Z	270acce	60-staged-deletion-lane	0
all-runs	2026-09-19T22:26:16Z	270acce	70-tests-registry-sync	0
all-runs	2026-09-19T22:26:32Z	270acce	80-lane-instrument-selftests	0
all-runs	2026-09-19T22:26:32Z	270acce	90-sidecar-verifier-wrapper	0
all-runs	2026-09-19T22:26:32Z	270acce	95-numerals-ratchet	0
all-runs	2026-09-19T22:26:32Z	270acce	96-verdict-status-agreement	0
all-runs	2026-09-19T22:26:32Z	270acce	97-readme-counts	0
all-runs	2026-09-19T22:29:26Z	166430e	10-fixture-integrity	0
all-runs	2026-09-19T22:29:26Z	166430e	20-receipt-freshness	0
all-runs	2026-09-19T22:29:26Z	166430e	30-no-secrets	0
all-runs	2026-09-19T22:29:28Z	166430e	40-omp-compact-replay	0
all-runs	2026-09-19T22:29:28Z	166430e	50-house-gates	0
all-runs	2026-09-19T22:29:31Z	166430e	60-staged-deletion-lane	0
all-runs	2026-09-19T22:29:31Z	166430e	70-tests-registry-sync	0
all-runs	2026-09-19T22:29:49Z	166430e	80-lane-instrument-selftests	0
all-runs	2026-09-19T22:29:49Z	166430e	90-sidecar-verifier-wrapper	0
all-runs	2026-09-19T22:29:49Z	166430e	95-numerals-ratchet	0
all-runs	2026-09-19T22:29:49Z	166430e	96-verdict-status-agreement	0
all-runs	2026-09-19T22:29:49Z	166430e	97-readme-counts	0
all-runs	2026-09-19T22:30:15Z	02f05f8	10-fixture-integrity	0
all-runs	2026-09-19T22:30:15Z	02f05f8	20-receipt-freshness	0
all-runs	2026-09-19T22:30:15Z	02f05f8	30-no-secrets	0
all-runs	2026-09-19T22:30:16Z	02f05f8	40-omp-compact-replay	0
all-runs	2026-09-19T22:30:16Z	02f05f8	50-house-gates	0
all-runs	2026-09-19T22:30:19Z	02f05f8	60-staged-deletion-lane	0
all-runs	2026-09-19T22:30:19Z	02f05f8	70-tests-registry-sync	0
all-runs	2026-09-19T22:30:35Z	02f05f8	80-lane-instrument-selftests	0
all-runs	2026-09-19T22:30:36Z	02f05f8	90-sidecar-verifier-wrapper	0
all-runs	2026-09-19T22:30:36Z	02f05f8	95-numerals-ratchet	0
all-runs	2026-09-19T22:30:36Z	02f05f8	96-verdict-status-agreement	0
all-runs	2026-09-19T22:30:36Z	02f05f8	97-readme-counts	0
all-runs	2026-09-19T22:47:27Z	e678550	10-fixture-integrity	0
all-runs	2026-09-19T22:47:27Z	e678550	20-receipt-freshness	0
all-runs	2026-09-19T22:47:27Z	e678550	30-no-secrets	0
all-runs	2026-09-19T22:47:28Z	e678550	40-omp-compact-replay	0
all-runs	2026-09-19T22:47:28Z	e678550	50-house-gates	0
all-runs	2026-09-19T22:47:32Z	e678550	60-staged-deletion-lane	0
all-runs	2026-09-19T22:47:32Z	e678550	70-tests-registry-sync	0
all-runs	2026-09-19T22:47:48Z	e678550	80-lane-instrument-selftests	0
all-runs	2026-09-19T22:47:48Z	e678550	90-sidecar-verifier-wrapper	0
all-runs	2026-09-19T22:47:48Z	e678550	95-numerals-ratchet	0
all-runs	2026-09-19T22:47:48Z	e678550	96-verdict-status-agreement	0
all-runs	2026-09-19T22:47:48Z	e678550	97-readme-counts	0
all-runs	2026-09-19T23:00:09Z	c9a3e89	10-fixture-integrity	0
all-runs	2026-09-19T23:00:09Z	c9a3e89	20-receipt-freshness	0
all-runs	2026-09-19T23:00:09Z	c9a3e89	30-no-secrets	0
all-runs	2026-09-19T23:00:10Z	c9a3e89	40-omp-compact-replay	0
all-runs	2026-09-19T23:00:11Z	c9a3e89	50-house-gates	0
all-runs	2026-09-19T23:00:14Z	c9a3e89	60-staged-deletion-lane	0
all-runs	2026-09-19T23:00:14Z	c9a3e89	70-tests-registry-sync	0
all-runs	2026-09-19T23:00:32Z	c9a3e89	80-lane-instrument-selftests	0
all-runs	2026-09-19T23:00:32Z	c9a3e89	90-sidecar-verifier-wrapper	0
all-runs	2026-09-19T23:00:32Z	c9a3e89	95-numerals-ratchet	0
all-runs	2026-09-19T23:00:32Z	c9a3e89	96-verdict-status-agreement	0
all-runs	2026-09-19T23:00:32Z	c9a3e89	97-readme-counts	0
all-runs	2026-09-19T23:02:40Z	c9a3e89	10-fixture-integrity	0
all-runs	2026-09-19T23:02:40Z	c9a3e89	20-receipt-freshness	0
all-runs	2026-09-19T23:02:40Z	c9a3e89	30-no-secrets	0
all-runs	2026-09-19T23:02:41Z	c9a3e89	40-omp-compact-replay	0
all-runs	2026-09-19T23:02:42Z	c9a3e89	50-house-gates	0
all-runs	2026-09-19T23:02:44Z	c9a3e89	60-staged-deletion-lane	0
all-runs	2026-09-19T23:02:44Z	c9a3e89	70-tests-registry-sync	0
all-runs	2026-09-19T23:03:04Z	c9a3e89	80-lane-instrument-selftests	0
all-runs	2026-09-19T23:03:04Z	c9a3e89	90-sidecar-verifier-wrapper	0
all-runs	2026-09-19T23:03:04Z	c9a3e89	95-numerals-ratchet	0
all-runs	2026-09-19T23:03:04Z	c9a3e89	96-verdict-status-agreement	0
all-runs	2026-09-19T23:03:04Z	c9a3e89	97-readme-counts	0
all-runs	2026-09-19T23:05:39Z	74ba939	10-fixture-integrity	0
all-runs	2026-09-19T23:05:39Z	74ba939	20-receipt-freshness	0
all-runs	2026-09-19T23:05:39Z	74ba939	30-no-secrets	0
all-runs	2026-09-19T23:05:40Z	74ba939	40-omp-compact-replay	0
all-runs	2026-09-19T23:05:41Z	74ba939	50-house-gates	0
all-runs	2026-09-19T23:05:45Z	74ba939	60-staged-deletion-lane	0
all-runs	2026-09-19T23:05:45Z	74ba939	70-tests-registry-sync	0
all-runs	2026-09-19T23:06:00Z	74ba939	80-lane-instrument-selftests	0
all-runs	2026-09-19T23:06:00Z	74ba939	90-sidecar-verifier-wrapper	0
all-runs	2026-09-19T23:06:01Z	74ba939	95-numerals-ratchet	0
all-runs	2026-09-19T23:06:01Z	74ba939	96-verdict-status-agreement	0
all-runs	2026-09-19T23:06:01Z	74ba939	97-readme-counts	0
all-runs	2026-09-19T23:20:28Z	dbdc84b	10-fixture-integrity	0
all-runs	2026-09-19T23:20:28Z	dbdc84b	20-receipt-freshness	0
all-runs	2026-09-19T23:20:28Z	dbdc84b	30-no-secrets	0
all-runs	2026-09-19T23:20:29Z	dbdc84b	40-omp-compact-replay	0
all-runs	2026-09-19T23:20:29Z	dbdc84b	50-house-gates	0
all-runs	2026-09-19T23:20:32Z	dbdc84b	60-staged-deletion-lane	0
all-runs	2026-09-19T23:20:32Z	dbdc84b	70-tests-registry-sync	0
all-runs	2026-09-19T23:20:48Z	dbdc84b	80-lane-instrument-selftests	0
all-runs	2026-09-19T23:20:48Z	dbdc84b	90-sidecar-verifier-wrapper	0
all-runs	2026-09-19T23:20:48Z	dbdc84b	95-numerals-ratchet	0
all-runs	2026-09-19T23:20:48Z	dbdc84b	96-verdict-status-agreement	0
all-runs	2026-09-19T23:20:48Z	dbdc84b	97-readme-counts	0
all-runs	2026-09-19T23:27:33Z	2c38097	10-fixture-integrity	0
all-runs	2026-09-19T23:27:33Z	2c38097	20-receipt-freshness	0
all-runs	2026-09-19T23:27:33Z	2c38097	30-no-secrets	0
all-runs	2026-09-19T23:27:35Z	2c38097	40-omp-compact-replay	0
all-runs	2026-09-19T23:27:36Z	2c38097	50-house-gates	0
all-runs	2026-09-19T23:27:39Z	2c38097	60-staged-deletion-lane	0
all-runs	2026-09-19T23:27:39Z	2c38097	70-tests-registry-sync	0
all-runs	2026-09-19T23:27:56Z	2c38097	80-lane-instrument-selftests	0
all-runs	2026-09-19T23:27:56Z	2c38097	90-sidecar-verifier-wrapper	0
all-runs	2026-09-19T23:27:56Z	2c38097	95-numerals-ratchet	0
all-runs	2026-09-19T23:27:56Z	2c38097	96-verdict-status-agreement	0
all-runs	2026-09-19T23:27:56Z	2c38097	97-readme-counts	0
all-runs	2026-09-19T23:34:44Z	3b5ad1c	10-fixture-integrity	0
all-runs	2026-09-19T23:34:44Z	3b5ad1c	20-receipt-freshness	0
all-runs	2026-09-19T23:34:44Z	3b5ad1c	30-no-secrets	0
all-runs	2026-09-19T23:34:45Z	3b5ad1c	40-omp-compact-replay	0
all-runs	2026-09-19T23:34:46Z	3b5ad1c	50-house-gates	0
all-runs	2026-09-19T23:34:49Z	3b5ad1c	60-staged-deletion-lane	0
all-runs	2026-09-19T23:34:49Z	3b5ad1c	70-tests-registry-sync	0
all-runs	2026-09-19T23:35:05Z	3b5ad1c	80-lane-instrument-selftests	0
all-runs	2026-09-19T23:35:05Z	3b5ad1c	90-sidecar-verifier-wrapper	0
all-runs	2026-09-19T23:35:05Z	3b5ad1c	95-numerals-ratchet	0
all-runs	2026-09-19T23:35:05Z	3b5ad1c	96-verdict-status-agreement	0
all-runs	2026-09-19T23:35:05Z	3b5ad1c	97-readme-counts	0
all-runs	2026-09-19T23:42:28Z	3d8e335	10-fixture-integrity	0
all-runs	2026-09-19T23:42:28Z	3d8e335	20-receipt-freshness	0
all-runs	2026-09-19T23:42:28Z	3d8e335	30-no-secrets	0
all-runs	2026-09-19T23:42:29Z	3d8e335	40-omp-compact-replay	0
all-runs	2026-09-19T23:42:30Z	3d8e335	50-house-gates	0
all-runs	2026-09-19T23:42:31Z	3d8e335	10-fixture-integrity	0
all-runs	2026-09-19T23:42:31Z	3d8e335	20-receipt-freshness	0
all-runs	2026-09-19T23:42:31Z	3d8e335	30-no-secrets	0
all-runs	2026-09-19T23:42:32Z	3d8e335	40-omp-compact-replay	0
all-runs	2026-09-19T23:42:33Z	3d8e335	50-house-gates	0
all-runs	2026-09-19T23:42:33Z	3d8e335	60-staged-deletion-lane	0
all-runs	2026-09-19T23:42:33Z	3d8e335	70-tests-registry-sync	0
all-runs	2026-09-19T23:42:36Z	3d8e335	60-staged-deletion-lane	0
all-runs	2026-09-19T23:42:36Z	3d8e335	70-tests-registry-sync	0
all-runs	2026-09-19T23:42:52Z	3d8e335	80-lane-instrument-selftests	0
all-runs	2026-09-19T23:42:52Z	3d8e335	90-sidecar-verifier-wrapper	0
all-runs	2026-09-19T23:42:52Z	3d8e335	95-numerals-ratchet	0
all-runs	2026-09-19T23:42:52Z	3d8e335	96-verdict-status-agreement	0
all-runs	2026-09-19T23:42:52Z	3d8e335	97-readme-counts	0
all-runs	2026-09-19T23:42:54Z	3d8e335	80-lane-instrument-selftests	0
all-runs	2026-09-19T23:42:55Z	3d8e335	90-sidecar-verifier-wrapper	0
all-runs	2026-09-19T23:42:55Z	3d8e335	95-numerals-ratchet	0
all-runs	2026-09-19T23:42:55Z	3d8e335	96-verdict-status-agreement	0
all-runs	2026-09-19T23:42:55Z	3d8e335	97-readme-counts	0
all-runs	2026-09-19T23:44:53Z	52c2a91	10-fixture-integrity	0
all-runs	2026-09-19T23:44:53Z	52c2a91	20-receipt-freshness	0
all-runs	2026-09-19T23:44:53Z	52c2a91	30-no-secrets	0
all-runs	2026-09-19T23:44:54Z	52c2a91	40-omp-compact-replay	0
all-runs	2026-09-19T23:44:55Z	52c2a91	50-house-gates	0
all-runs	2026-09-19T23:44:58Z	52c2a91	60-staged-deletion-lane	0
all-runs	2026-09-19T23:44:58Z	52c2a91	70-tests-registry-sync	0
all-runs	2026-09-19T23:45:15Z	52c2a91	80-lane-instrument-selftests	0
all-runs	2026-09-19T23:45:15Z	52c2a91	90-sidecar-verifier-wrapper	0
all-runs	2026-09-19T23:45:15Z	52c2a91	95-numerals-ratchet	0
all-runs	2026-09-19T23:45:15Z	52c2a91	96-verdict-status-agreement	0
all-runs	2026-09-19T23:45:16Z	52c2a91	97-readme-counts	0
all-runs	2026-09-19T23:48:36Z	f8a8dc9	10-fixture-integrity	0
all-runs	2026-09-19T23:48:36Z	f8a8dc9	20-receipt-freshness	0
all-runs	2026-09-19T23:48:36Z	f8a8dc9	30-no-secrets	0
all-runs	2026-09-19T23:48:37Z	f8a8dc9	40-omp-compact-replay	0
all-runs	2026-09-19T23:48:38Z	f8a8dc9	50-house-gates	0
all-runs	2026-09-19T23:48:41Z	f8a8dc9	60-staged-deletion-lane	0
all-runs	2026-09-19T23:48:41Z	f8a8dc9	70-tests-registry-sync	0
all-runs	2026-09-19T23:48:58Z	f8a8dc9	80-lane-instrument-selftests	0
all-runs	2026-09-19T23:48:58Z	f8a8dc9	90-sidecar-verifier-wrapper	0
all-runs	2026-09-19T23:48:59Z	f8a8dc9	95-numerals-ratchet	0
all-runs	2026-09-19T23:48:59Z	f8a8dc9	96-verdict-status-agreement	0
all-runs	2026-09-19T23:48:59Z	f8a8dc9	97-readme-counts	0
all-runs	2026-09-19T23:59:06Z	ad765b0	10-fixture-integrity	0
all-runs	2026-09-19T23:59:06Z	ad765b0	20-receipt-freshness	0
all-runs	2026-09-19T23:59:06Z	ad765b0	30-no-secrets	0
all-runs	2026-09-19T23:59:08Z	ad765b0	40-omp-compact-replay	0
all-runs	2026-09-19T23:59:09Z	ad765b0	50-house-gates	0
all-runs	2026-09-19T23:59:12Z	ad765b0	60-staged-deletion-lane	0
all-runs	2026-09-19T23:59:12Z	ad765b0	70-tests-registry-sync	0
all-runs	2026-09-19T23:59:29Z	ad765b0	80-lane-instrument-selftests	0
all-runs	2026-09-19T23:59:29Z	ad765b0	90-sidecar-verifier-wrapper	0
all-runs	2026-09-19T23:59:29Z	ad765b0	95-numerals-ratchet	0
all-runs	2026-09-19T23:59:30Z	ad765b0	96-verdict-status-agreement	0
all-runs	2026-09-19T23:59:30Z	ad765b0	97-readme-counts	0
all-runs	2026-09-20T00:00:21Z	7f28d54	10-fixture-integrity	0
all-runs	2026-09-20T00:00:21Z	7f28d54	20-receipt-freshness	0
all-runs	2026-09-20T00:00:21Z	7f28d54	30-no-secrets	0
all-runs	2026-09-20T00:00:22Z	7f28d54	40-omp-compact-replay	0
all-runs	2026-09-20T00:00:22Z	7f28d54	50-house-gates	0
all-runs	2026-09-20T00:00:23Z	7f28d54	10-fixture-integrity	0
all-runs	2026-09-20T00:00:23Z	7f28d54	20-receipt-freshness	0
all-runs	2026-09-20T00:00:23Z	7f28d54	30-no-secrets	0
all-runs	2026-09-20T00:00:24Z	7f28d54	40-omp-compact-replay	0
all-runs	2026-09-20T00:00:25Z	7f28d54	50-house-gates	0
all-runs	2026-09-20T00:00:25Z	7f28d54	60-staged-deletion-lane	0
all-runs	2026-09-20T00:00:25Z	7f28d54	70-tests-registry-sync	0
all-runs	2026-09-20T00:00:27Z	7f28d54	60-staged-deletion-lane	0
all-runs	2026-09-20T00:00:27Z	7f28d54	70-tests-registry-sync	0
all-runs	2026-09-20T00:00:42Z	7f28d54	80-lane-instrument-selftests	0
all-runs	2026-09-20T00:00:42Z	7f28d54	90-sidecar-verifier-wrapper	0
all-runs	2026-09-20T00:00:42Z	7f28d54	95-numerals-ratchet	0
all-runs	2026-09-20T00:00:42Z	7f28d54	96-verdict-status-agreement	0
all-runs	2026-09-20T00:00:43Z	7f28d54	97-readme-counts	0
all-runs	2026-09-20T00:00:44Z	7f28d54	80-lane-instrument-selftests	0
all-runs	2026-09-20T00:00:44Z	7f28d54	90-sidecar-verifier-wrapper	0
all-runs	2026-09-20T00:00:45Z	7f28d54	95-numerals-ratchet	0
all-runs	2026-09-20T00:00:45Z	7f28d54	96-verdict-status-agreement	0
all-runs	2026-09-20T00:00:45Z	7f28d54	97-readme-counts	0
all-runs	2026-09-20T00:03:12Z	1effd4e	10-fixture-integrity	0
all-runs	2026-09-20T00:03:12Z	1effd4e	20-receipt-freshness	0
all-runs	2026-09-20T00:03:12Z	1effd4e	30-no-secrets	0
all-runs	2026-09-20T00:03:13Z	1effd4e	40-omp-compact-replay	0
all-runs	2026-09-20T00:03:14Z	1effd4e	50-house-gates	0
all-runs	2026-09-20T00:03:17Z	1effd4e	60-staged-deletion-lane	0
all-runs	2026-09-20T00:03:17Z	1effd4e	70-tests-registry-sync	0
all-runs	2026-09-20T00:03:38Z	1effd4e	80-lane-instrument-selftests	0
all-runs	2026-09-20T00:03:38Z	1effd4e	90-sidecar-verifier-wrapper	0
all-runs	2026-09-20T00:03:38Z	1effd4e	95-numerals-ratchet	0
all-runs	2026-09-20T00:03:38Z	1effd4e	96-verdict-status-agreement	0
all-runs	2026-09-20T00:03:38Z	1effd4e	97-readme-counts	0
all-runs	2026-09-20T00:06:21Z	48eecdf	10-fixture-integrity	0
all-runs	2026-09-20T00:06:21Z	48eecdf	20-receipt-freshness	0
all-runs	2026-09-20T00:06:21Z	48eecdf	30-no-secrets	0
all-runs	2026-09-20T00:06:22Z	48eecdf	40-omp-compact-replay	0
all-runs	2026-09-20T00:06:23Z	48eecdf	50-house-gates	0
all-runs	2026-09-20T00:06:26Z	48eecdf	60-staged-deletion-lane	0
all-runs	2026-09-20T00:06:26Z	48eecdf	70-tests-registry-sync	1
all-runs	2026-09-20T00:06:45Z	48eecdf	80-lane-instrument-selftests	1
all-runs	2026-09-20T00:06:45Z	48eecdf	90-sidecar-verifier-wrapper	0
all-runs	2026-09-20T00:06:45Z	48eecdf	95-numerals-ratchet	0
all-runs	2026-09-20T00:06:45Z	48eecdf	96-verdict-status-agreement	0
all-runs	2026-09-20T00:06:45Z	48eecdf	97-readme-counts	0
all-runs	2026-09-20T00:07:45Z	d24a9fa	10-fixture-integrity	0
all-runs	2026-09-20T00:07:46Z	d24a9fa	20-receipt-freshness	0
all-runs	2026-09-20T00:07:46Z	d24a9fa	30-no-secrets	0
all-runs	2026-09-20T00:07:47Z	d24a9fa	40-omp-compact-replay	0
all-runs	2026-09-20T00:07:47Z	d24a9fa	50-house-gates	0
all-runs	2026-09-20T00:07:50Z	d24a9fa	60-staged-deletion-lane	0
all-runs	2026-09-20T00:07:50Z	d24a9fa	70-tests-registry-sync	0
all-runs	2026-09-20T00:08:08Z	d24a9fa	80-lane-instrument-selftests	0
all-runs	2026-09-20T00:08:09Z	d24a9fa	90-sidecar-verifier-wrapper	0
all-runs	2026-09-20T00:08:09Z	d24a9fa	95-numerals-ratchet	0
all-runs	2026-09-20T00:08:09Z	d24a9fa	96-verdict-status-agreement	0
all-runs	2026-09-20T00:08:09Z	d24a9fa	97-readme-counts	0
all-runs	2026-09-20T00:14:38Z	5c750d8	10-fixture-integrity	0
all-runs	2026-09-20T00:14:38Z	5c750d8	20-receipt-freshness	0
all-runs	2026-09-20T00:14:38Z	5c750d8	30-no-secrets	0
all-runs	2026-09-20T00:14:40Z	5c750d8	40-omp-compact-replay	0
all-runs	2026-09-20T00:14:40Z	5c750d8	50-house-gates	0
all-runs	2026-09-20T00:14:44Z	5c750d8	60-staged-deletion-lane	0
all-runs	2026-09-20T00:14:44Z	5c750d8	70-tests-registry-sync	0
all-runs	2026-09-20T00:15:02Z	5c750d8	80-lane-instrument-selftests	0
all-runs	2026-09-20T00:15:03Z	5c750d8	90-sidecar-verifier-wrapper	0
all-runs	2026-09-20T00:15:03Z	5c750d8	95-numerals-ratchet	0
all-runs	2026-09-20T00:15:03Z	5c750d8	96-verdict-status-agreement	0
all-runs	2026-09-20T00:15:03Z	5c750d8	97-readme-counts	0
all-runs	2026-09-20T00:16:16Z	5c750d8	10-fixture-integrity	0
all-runs	2026-09-20T00:16:16Z	5c750d8	20-receipt-freshness	0
all-runs	2026-09-20T00:16:16Z	5c750d8	30-no-secrets	0
all-runs	2026-09-20T00:16:17Z	5c750d8	40-omp-compact-replay	0
all-runs	2026-09-20T00:16:18Z	5c750d8	50-house-gates	0
all-runs	2026-09-20T00:16:21Z	5c750d8	60-staged-deletion-lane	0
all-runs	2026-09-20T00:16:21Z	5c750d8	70-tests-registry-sync	0
all-runs	2026-09-20T00:16:37Z	5c750d8	80-lane-instrument-selftests	0
all-runs	2026-09-20T00:16:37Z	5c750d8	90-sidecar-verifier-wrapper	0
all-runs	2026-09-20T00:16:37Z	5c750d8	95-numerals-ratchet	0
all-runs	2026-09-20T00:16:37Z	5c750d8	96-verdict-status-agreement	0
all-runs	2026-09-20T00:16:37Z	5c750d8	97-readme-counts	0
all-runs	2026-09-20T00:20:38Z	2f946ea	10-fixture-integrity	0
all-runs	2026-09-20T00:20:38Z	2f946ea	20-receipt-freshness	0
all-runs	2026-09-20T00:20:38Z	2f946ea	30-no-secrets	0
all-runs	2026-09-20T00:20:39Z	2f946ea	40-omp-compact-replay	0
all-runs	2026-09-20T00:20:39Z	2f946ea	50-house-gates	0
all-runs	2026-09-20T00:20:42Z	2f946ea	60-staged-deletion-lane	0
all-runs	2026-09-20T00:20:42Z	2f946ea	70-tests-registry-sync	0
all-runs	2026-09-20T00:20:59Z	2f946ea	80-lane-instrument-selftests	0
all-runs	2026-09-20T00:20:59Z	2f946ea	90-sidecar-verifier-wrapper	0
all-runs	2026-09-20T00:20:59Z	2f946ea	95-numerals-ratchet	0
all-runs	2026-09-20T00:20:59Z	2f946ea	96-verdict-status-agreement	0
all-runs	2026-09-20T00:20:59Z	2f946ea	97-readme-counts	0
all-runs	2026-09-20T00:22:26Z	6f67b0b	10-fixture-integrity	0
all-runs	2026-09-20T00:22:26Z	6f67b0b	20-receipt-freshness	0
all-runs	2026-09-20T00:22:26Z	6f67b0b	30-no-secrets	0
all-runs	2026-09-20T00:22:27Z	6f67b0b	40-omp-compact-replay	0
all-runs	2026-09-20T00:22:28Z	6f67b0b	50-house-gates	0
all-runs	2026-09-20T00:22:30Z	6f67b0b	60-staged-deletion-lane	0
all-runs	2026-09-20T00:22:31Z	6f67b0b	70-tests-registry-sync	0
all-runs	2026-09-20T00:22:48Z	6f67b0b	80-lane-instrument-selftests	0
all-runs	2026-09-20T00:22:48Z	6f67b0b	90-sidecar-verifier-wrapper	0
all-runs	2026-09-20T00:22:48Z	6f67b0b	95-numerals-ratchet	0
all-runs	2026-09-20T00:22:48Z	6f67b0b	96-verdict-status-agreement	0
all-runs	2026-09-20T00:22:48Z	6f67b0b	97-readme-counts	0
all-runs	2026-09-20T00:36:04Z	c6b77b8	10-fixture-integrity	0
all-runs	2026-09-20T00:36:04Z	c6b77b8	20-receipt-freshness	0
all-runs	2026-09-20T00:36:04Z	c6b77b8	30-no-secrets	0
all-runs	2026-09-20T00:36:05Z	c6b77b8	40-omp-compact-replay	0
all-runs	2026-09-20T00:36:06Z	c6b77b8	50-house-gates	0
all-runs	2026-09-20T00:36:09Z	c6b77b8	60-staged-deletion-lane	0
all-runs	2026-09-20T00:36:09Z	c6b77b8	70-tests-registry-sync	0
all-runs	2026-09-20T00:36:27Z	c6b77b8	80-lane-instrument-selftests	0
all-runs	2026-09-20T00:36:27Z	c6b77b8	90-sidecar-verifier-wrapper	0
all-runs	2026-09-20T00:36:27Z	c6b77b8	95-numerals-ratchet	0
all-runs	2026-09-20T00:36:27Z	c6b77b8	96-verdict-status-agreement	0
all-runs	2026-09-20T00:36:27Z	c6b77b8	97-readme-counts	0
all-runs	2026-09-20T00:36:59Z	c6b77b8	10-fixture-integrity	0
all-runs	2026-09-20T00:36:59Z	c6b77b8	20-receipt-freshness	0
all-runs	2026-09-20T00:36:59Z	c6b77b8	30-no-secrets	0
all-runs	2026-09-20T00:37:00Z	c6b77b8	40-omp-compact-replay	0
all-runs	2026-09-20T00:37:01Z	c6b77b8	50-house-gates	0
all-runs	2026-09-20T00:37:03Z	c6b77b8	60-staged-deletion-lane	0
all-runs	2026-09-20T00:37:04Z	c6b77b8	70-tests-registry-sync	0
all-runs	2026-09-20T00:37:20Z	c6b77b8	80-lane-instrument-selftests	0
all-runs	2026-09-20T00:37:20Z	c6b77b8	90-sidecar-verifier-wrapper	0
all-runs	2026-09-20T00:37:20Z	c6b77b8	95-numerals-ratchet	0
all-runs	2026-09-20T00:37:20Z	c6b77b8	96-verdict-status-agreement	0
all-runs	2026-09-20T00:37:20Z	c6b77b8	97-readme-counts	0
all-runs	2026-09-20T00:38:18Z	1f1cf55	10-fixture-integrity	0
all-runs	2026-09-20T00:38:18Z	1f1cf55	20-receipt-freshness	0
all-runs	2026-09-20T00:38:18Z	1f1cf55	30-no-secrets	0
all-runs	2026-09-20T00:38:19Z	1f1cf55	40-omp-compact-replay	0
all-runs	2026-09-20T00:38:19Z	1f1cf55	50-house-gates	0
all-runs	2026-09-20T00:38:22Z	1f1cf55	60-staged-deletion-lane	0
all-runs	2026-09-20T00:38:22Z	1f1cf55	70-tests-registry-sync	0
all-runs	2026-09-20T00:38:38Z	1f1cf55	80-lane-instrument-selftests	0
all-runs	2026-09-20T00:38:38Z	1f1cf55	90-sidecar-verifier-wrapper	0
all-runs	2026-09-20T00:38:38Z	1f1cf55	95-numerals-ratchet	0
all-runs	2026-09-20T00:38:38Z	1f1cf55	96-verdict-status-agreement	0
all-runs	2026-09-20T00:38:38Z	1f1cf55	97-readme-counts	0
all-runs	2026-09-20T00:38:42Z	83e9055	10-fixture-integrity	0
all-runs	2026-09-20T00:38:43Z	83e9055	20-receipt-freshness	0
all-runs	2026-09-20T00:38:43Z	83e9055	30-no-secrets	0
all-runs	2026-09-20T00:38:44Z	83e9055	40-omp-compact-replay	0
all-runs	2026-09-20T00:38:44Z	83e9055	50-house-gates	0
all-runs	2026-09-20T00:38:47Z	83e9055	60-staged-deletion-lane	0
all-runs	2026-09-20T00:38:47Z	83e9055	70-tests-registry-sync	0
all-runs	2026-09-20T00:39:03Z	83e9055	80-lane-instrument-selftests	0
all-runs	2026-09-20T00:39:03Z	83e9055	90-sidecar-verifier-wrapper	0
all-runs	2026-09-20T00:39:03Z	83e9055	95-numerals-ratchet	0
all-runs	2026-09-20T00:39:03Z	83e9055	96-verdict-status-agreement	0
all-runs	2026-09-20T00:39:03Z	83e9055	97-readme-counts	0
all-runs	2026-09-20T00:40:28Z	d2e815c	10-fixture-integrity	0
all-runs	2026-09-20T00:40:28Z	d2e815c	20-receipt-freshness	0
all-runs	2026-09-20T00:40:28Z	d2e815c	30-no-secrets	0
all-runs	2026-09-20T00:40:29Z	d2e815c	40-omp-compact-replay	0
all-runs	2026-09-20T00:40:29Z	d2e815c	50-house-gates	0
all-runs	2026-09-20T00:40:32Z	d2e815c	60-staged-deletion-lane	0
all-runs	2026-09-20T00:40:32Z	d2e815c	70-tests-registry-sync	0
all-runs	2026-09-20T00:40:49Z	d2e815c	80-lane-instrument-selftests	0
all-runs	2026-09-20T00:40:49Z	d2e815c	90-sidecar-verifier-wrapper	0
all-runs	2026-09-20T00:40:49Z	d2e815c	95-numerals-ratchet	0
all-runs	2026-09-20T00:40:49Z	d2e815c	96-verdict-status-agreement	0
all-runs	2026-09-20T00:40:50Z	d2e815c	97-readme-counts	0
all-runs	2026-09-20T00:42:19Z	d2e815c	10-fixture-integrity	0
all-runs	2026-09-20T00:42:19Z	d2e815c	20-receipt-freshness	0
all-runs	2026-09-20T00:42:19Z	d2e815c	30-no-secrets	0
all-runs	2026-09-20T00:42:20Z	d2e815c	40-omp-compact-replay	0
all-runs	2026-09-20T00:42:21Z	d2e815c	50-house-gates	0
all-runs	2026-09-20T00:42:23Z	d2e815c	60-staged-deletion-lane	0
all-runs	2026-09-20T00:42:24Z	d2e815c	70-tests-registry-sync	0
all-runs	2026-09-20T00:42:41Z	d2e815c	80-lane-instrument-selftests	0
all-runs	2026-09-20T00:42:41Z	d2e815c	90-sidecar-verifier-wrapper	0
all-runs	2026-09-20T00:42:42Z	d2e815c	95-numerals-ratchet	0
all-runs	2026-09-20T00:42:42Z	d2e815c	96-verdict-status-agreement	0
all-runs	2026-09-20T00:42:42Z	d2e815c	97-readme-counts	0
all-runs	2026-09-20T00:46:09Z	48f834b	10-fixture-integrity	0
all-runs	2026-09-20T00:46:09Z	48f834b	20-receipt-freshness	0
all-runs	2026-09-20T00:46:09Z	48f834b	30-no-secrets	0
all-runs	2026-09-20T00:46:10Z	48f834b	40-omp-compact-replay	0
all-runs	2026-09-20T00:46:10Z	48f834b	50-house-gates	0
all-runs	2026-09-20T00:46:13Z	48f834b	60-staged-deletion-lane	0
all-runs	2026-09-20T00:46:13Z	48f834b	70-tests-registry-sync	1
all-runs	2026-09-20T00:46:29Z	48f834b	80-lane-instrument-selftests	1
all-runs	2026-09-20T00:46:29Z	48f834b	90-sidecar-verifier-wrapper	0
all-runs	2026-09-20T00:46:29Z	48f834b	95-numerals-ratchet	0
all-runs	2026-09-20T00:46:29Z	48f834b	96-verdict-status-agreement	0
all-runs	2026-09-20T00:46:29Z	48f834b	97-readme-counts	0
all-runs	2026-09-20T00:47:02Z	48f834b	10-fixture-integrity	0
all-runs	2026-09-20T00:47:02Z	48f834b	20-receipt-freshness	0
all-runs	2026-09-20T00:47:02Z	48f834b	30-no-secrets	0
all-runs	2026-09-20T00:47:03Z	48f834b	40-omp-compact-replay	0
all-runs	2026-09-20T00:47:03Z	48f834b	50-house-gates	0
all-runs	2026-09-20T00:47:06Z	48f834b	60-staged-deletion-lane	0
all-runs	2026-09-20T00:47:06Z	48f834b	70-tests-registry-sync	0
all-runs	2026-09-20T00:47:22Z	48f834b	80-lane-instrument-selftests	0
all-runs	2026-09-20T00:47:22Z	48f834b	90-sidecar-verifier-wrapper	0
all-runs	2026-09-20T00:47:22Z	48f834b	95-numerals-ratchet	0
all-runs	2026-09-20T00:47:22Z	48f834b	96-verdict-status-agreement	0
all-runs	2026-09-20T00:47:22Z	48f834b	97-readme-counts	0
all-runs	2026-09-20T00:49:32Z	cbd1d60	10-fixture-integrity	0
all-runs	2026-09-20T00:49:32Z	cbd1d60	20-receipt-freshness	0
all-runs	2026-09-20T00:49:32Z	cbd1d60	30-no-secrets	0
all-runs	2026-09-20T00:49:33Z	cbd1d60	40-omp-compact-replay	0
all-runs	2026-09-20T00:49:34Z	cbd1d60	50-house-gates	0
all-runs	2026-09-20T00:49:37Z	cbd1d60	60-staged-deletion-lane	0
all-runs	2026-09-20T00:49:37Z	cbd1d60	70-tests-registry-sync	0
all-runs	2026-09-20T00:49:54Z	cbd1d60	80-lane-instrument-selftests	0
all-runs	2026-09-20T00:49:54Z	cbd1d60	90-sidecar-verifier-wrapper	0
all-runs	2026-09-20T00:49:54Z	cbd1d60	95-numerals-ratchet	0
all-runs	2026-09-20T00:49:54Z	cbd1d60	96-verdict-status-agreement	0
all-runs	2026-09-20T00:49:54Z	cbd1d60	97-readme-counts	0
all-runs	2026-09-20T00:59:06Z	1143dec	10-fixture-integrity	0
all-runs	2026-09-20T00:59:06Z	1143dec	20-receipt-freshness	0
all-runs	2026-09-20T00:59:06Z	1143dec	30-no-secrets	0
all-runs	2026-09-20T00:59:07Z	1143dec	40-omp-compact-replay	0
all-runs	2026-09-20T00:59:07Z	1143dec	50-house-gates	0
all-runs	2026-09-20T00:59:10Z	1143dec	60-staged-deletion-lane	0
all-runs	2026-09-20T00:59:10Z	1143dec	70-tests-registry-sync	0
all-runs	2026-09-20T00:59:26Z	1143dec	80-lane-instrument-selftests	0
all-runs	2026-09-20T00:59:26Z	1143dec	90-sidecar-verifier-wrapper	0
all-runs	2026-09-20T00:59:27Z	1143dec	95-numerals-ratchet	0
all-runs	2026-09-20T00:59:27Z	1143dec	96-verdict-status-agreement	0
all-runs	2026-09-20T00:59:27Z	1143dec	97-readme-counts	0
all-runs	2026-09-20T01:02:13Z	455e3e2	10-fixture-integrity	0
all-runs	2026-09-20T01:02:13Z	455e3e2	20-receipt-freshness	0
all-runs	2026-09-20T01:02:13Z	455e3e2	30-no-secrets	0
all-runs	2026-09-20T01:02:14Z	455e3e2	40-omp-compact-replay	0
all-runs	2026-09-20T01:02:15Z	455e3e2	50-house-gates	0
all-runs	2026-09-20T01:02:18Z	455e3e2	60-staged-deletion-lane	0
all-runs	2026-09-20T01:02:18Z	455e3e2	70-tests-registry-sync	0
all-runs	2026-09-20T01:02:34Z	455e3e2	80-lane-instrument-selftests	0
all-runs	2026-09-20T01:02:34Z	455e3e2	90-sidecar-verifier-wrapper	0
all-runs	2026-09-20T01:02:34Z	455e3e2	95-numerals-ratchet	0
all-runs	2026-09-20T01:02:34Z	455e3e2	96-verdict-status-agreement	0
all-runs	2026-09-20T01:02:34Z	455e3e2	97-readme-counts	0
all-runs	2026-09-20T01:24:02Z	4cbc7b5	10-fixture-integrity	0
all-runs	2026-09-20T01:24:02Z	4cbc7b5	20-receipt-freshness	0
all-runs	2026-09-20T01:24:02Z	4cbc7b5	30-no-secrets	0
all-runs	2026-09-20T01:24:03Z	4cbc7b5	40-omp-compact-replay	0
all-runs	2026-09-20T01:24:03Z	4cbc7b5	50-house-gates	0
all-runs	2026-09-20T01:24:07Z	4cbc7b5	60-staged-deletion-lane	0
all-runs	2026-09-20T01:24:07Z	4cbc7b5	70-tests-registry-sync	0
all-runs	2026-09-20T01:24:23Z	4cbc7b5	80-lane-instrument-selftests	0
all-runs	2026-09-20T01:24:23Z	4cbc7b5	90-sidecar-verifier-wrapper	0
all-runs	2026-09-20T01:24:24Z	4cbc7b5	95-numerals-ratchet	0
all-runs	2026-09-20T01:24:24Z	4cbc7b5	96-verdict-status-agreement	0
all-runs	2026-09-20T01:24:24Z	4cbc7b5	97-readme-counts	0
all-runs	2026-09-20T01:42:54Z	2e19de8	10-fixture-integrity	0
all-runs	2026-09-20T01:42:54Z	2e19de8	20-receipt-freshness	0
all-runs	2026-09-20T01:42:54Z	2e19de8	30-no-secrets	0
all-runs	2026-09-20T01:42:55Z	2e19de8	40-omp-compact-replay	0
all-runs	2026-09-20T01:42:56Z	2e19de8	50-house-gates	0
all-runs	2026-09-20T01:43:00Z	2e19de8	60-staged-deletion-lane	0
all-runs	2026-09-20T01:43:00Z	2e19de8	70-tests-registry-sync	0
all-runs	2026-09-20T01:43:16Z	2e19de8	80-lane-instrument-selftests	0
all-runs	2026-09-20T01:43:16Z	2e19de8	90-sidecar-verifier-wrapper	0
all-runs	2026-09-20T01:43:17Z	2e19de8	95-numerals-ratchet	0
all-runs	2026-09-20T01:43:17Z	2e19de8	96-verdict-status-agreement	0
all-runs	2026-09-20T01:43:17Z	2e19de8	97-readme-counts	0
all-runs	2026-09-20T01:50:35Z	79333f7	10-fixture-integrity	0
all-runs	2026-09-20T01:50:35Z	79333f7	20-receipt-freshness	0
all-runs	2026-09-20T01:50:35Z	79333f7	30-no-secrets	0
all-runs	2026-09-20T01:50:36Z	79333f7	40-omp-compact-replay	0
all-runs	2026-09-20T01:50:37Z	79333f7	50-house-gates	0
all-runs	2026-09-20T01:50:40Z	79333f7	60-staged-deletion-lane	0
all-runs	2026-09-20T01:50:40Z	79333f7	70-tests-registry-sync	0
all-runs	2026-09-20T01:50:56Z	79333f7	80-lane-instrument-selftests	0
all-runs	2026-09-20T01:50:56Z	79333f7	90-sidecar-verifier-wrapper	0
all-runs	2026-09-20T01:50:56Z	79333f7	95-numerals-ratchet	0
all-runs	2026-09-20T01:50:56Z	79333f7	96-verdict-status-agreement	0
all-runs	2026-09-20T01:50:56Z	79333f7	97-readme-counts	0
all-runs	2026-09-20T02:05:16Z	3097181	10-fixture-integrity	0
all-runs	2026-09-20T02:05:16Z	3097181	20-receipt-freshness	0
all-runs	2026-09-20T02:05:16Z	3097181	30-no-secrets	0
all-runs	2026-09-20T02:05:17Z	3097181	40-omp-compact-replay	0
all-runs	2026-09-20T02:05:18Z	3097181	50-house-gates	0
all-runs	2026-09-20T02:05:21Z	3097181	60-staged-deletion-lane	0
all-runs	2026-09-20T02:05:21Z	3097181	70-tests-registry-sync	0
all-runs	2026-09-20T02:05:38Z	3097181	80-lane-instrument-selftests	0
all-runs	2026-09-20T02:05:38Z	3097181	90-sidecar-verifier-wrapper	0
all-runs	2026-09-20T02:05:38Z	3097181	95-numerals-ratchet	0
all-runs	2026-09-20T02:05:39Z	3097181	96-verdict-status-agreement	0
all-runs	2026-09-20T02:05:39Z	3097181	97-readme-counts	0
all-runs	2026-09-20T02:06:32Z	3097181	10-fixture-integrity	0
all-runs	2026-09-20T02:06:32Z	3097181	20-receipt-freshness	0
all-runs	2026-09-20T02:06:32Z	3097181	30-no-secrets	0
all-runs	2026-09-20T02:06:33Z	3097181	40-omp-compact-replay	0
all-runs	2026-09-20T02:06:33Z	3097181	50-house-gates	0
all-runs	2026-09-20T02:06:37Z	3097181	60-staged-deletion-lane	0
all-runs	2026-09-20T02:06:37Z	3097181	70-tests-registry-sync	0
all-runs	2026-09-20T02:06:54Z	3097181	80-lane-instrument-selftests	0
all-runs	2026-09-20T02:06:54Z	3097181	90-sidecar-verifier-wrapper	0
all-runs	2026-09-20T02:06:54Z	3097181	95-numerals-ratchet	0
all-runs	2026-09-20T02:06:54Z	3097181	96-verdict-status-agreement	0
all-runs	2026-09-20T02:06:54Z	3097181	97-readme-counts	0
all-runs	2026-09-20T02:08:16Z	7e34898	10-fixture-integrity	0
all-runs	2026-09-20T02:08:16Z	7e34898	20-receipt-freshness	0
all-runs	2026-09-20T02:08:16Z	7e34898	30-no-secrets	0
all-runs	2026-09-20T02:08:17Z	7e34898	40-omp-compact-replay	0
all-runs	2026-09-20T02:08:17Z	7e34898	50-house-gates	0
all-runs	2026-09-20T02:08:21Z	7e34898	60-staged-deletion-lane	0
all-runs	2026-09-20T02:08:21Z	7e34898	70-tests-registry-sync	0
all-runs	2026-09-20T02:08:38Z	7e34898	80-lane-instrument-selftests	0
all-runs	2026-09-20T02:08:38Z	7e34898	90-sidecar-verifier-wrapper	0
all-runs	2026-09-20T02:08:39Z	7e34898	95-numerals-ratchet	0
all-runs	2026-09-20T02:08:39Z	7e34898	96-verdict-status-agreement	0
all-runs	2026-09-20T02:08:39Z	7e34898	97-readme-counts	0
all-runs	2026-09-20T02:23:09Z	c4b4352	10-fixture-integrity	0
all-runs	2026-09-20T02:23:09Z	c4b4352	20-receipt-freshness	0
all-runs	2026-09-20T02:23:09Z	c4b4352	30-no-secrets	0
all-runs	2026-09-20T02:23:10Z	c4b4352	40-omp-compact-replay	0
all-runs	2026-09-20T02:23:10Z	c4b4352	50-house-gates	0
all-runs	2026-09-20T02:23:13Z	c4b4352	60-staged-deletion-lane	0
all-runs	2026-09-20T02:23:13Z	c4b4352	70-tests-registry-sync	0
all-runs	2026-09-20T02:23:29Z	c4b4352	80-lane-instrument-selftests	0
all-runs	2026-09-20T02:23:29Z	c4b4352	90-sidecar-verifier-wrapper	0
all-runs	2026-09-20T02:23:29Z	c4b4352	95-numerals-ratchet	0
all-runs	2026-09-20T02:23:30Z	c4b4352	96-verdict-status-agreement	0
all-runs	2026-09-20T02:23:30Z	c4b4352	97-readme-counts	0
all-runs	2026-09-20T02:54:35Z	14f5c9c	10-fixture-integrity	0
all-runs	2026-09-20T02:54:35Z	14f5c9c	20-receipt-freshness	0
all-runs	2026-09-20T02:54:35Z	14f5c9c	30-no-secrets	0
all-runs	2026-09-20T02:54:36Z	14f5c9c	40-omp-compact-replay	0
all-runs	2026-09-20T02:54:37Z	14f5c9c	50-house-gates	0
all-runs	2026-09-20T02:54:39Z	14f5c9c	60-staged-deletion-lane	0
all-runs	2026-09-20T02:54:40Z	14f5c9c	70-tests-registry-sync	0
all-runs	2026-09-20T02:54:55Z	14f5c9c	80-lane-instrument-selftests	0
all-runs	2026-09-20T02:54:55Z	14f5c9c	90-sidecar-verifier-wrapper	0
all-runs	2026-09-20T02:54:56Z	14f5c9c	95-numerals-ratchet	0
all-runs	2026-09-20T02:54:56Z	14f5c9c	96-verdict-status-agreement	0
all-runs	2026-09-20T02:54:56Z	14f5c9c	97-readme-counts	0
all-runs	2026-09-20T03:07:56Z	b3551a9	10-fixture-integrity	0
all-runs	2026-09-20T03:07:56Z	b3551a9	20-receipt-freshness	0
all-runs	2026-09-20T03:07:56Z	b3551a9	30-no-secrets	0
all-runs	2026-09-20T03:07:57Z	b3551a9	40-omp-compact-replay	0
all-runs	2026-09-20T03:07:57Z	b3551a9	50-house-gates	0
all-runs	2026-09-20T03:08:01Z	b3551a9	60-staged-deletion-lane	0
all-runs	2026-09-20T03:08:01Z	b3551a9	70-tests-registry-sync	0
all-runs	2026-09-20T03:08:18Z	b3551a9	80-lane-instrument-selftests	0
all-runs	2026-09-20T03:08:18Z	b3551a9	90-sidecar-verifier-wrapper	0
all-runs	2026-09-20T03:08:18Z	b3551a9	95-numerals-ratchet	0
all-runs	2026-09-20T03:08:18Z	b3551a9	96-verdict-status-agreement	0
all-runs	2026-09-20T03:08:18Z	b3551a9	97-readme-counts	0
all-runs	2026-09-20T03:12:19Z	033d61f	10-fixture-integrity	0
all-runs	2026-09-20T03:12:19Z	033d61f	20-receipt-freshness	0
all-runs	2026-09-20T03:12:19Z	033d61f	30-no-secrets	0
all-runs	2026-09-20T03:12:20Z	033d61f	40-omp-compact-replay	0
all-runs	2026-09-20T03:12:21Z	033d61f	50-house-gates	0
all-runs	2026-09-20T03:12:24Z	033d61f	60-staged-deletion-lane	0
all-runs	2026-09-20T03:12:24Z	033d61f	70-tests-registry-sync	0
all-runs	2026-09-20T03:12:40Z	033d61f	80-lane-instrument-selftests	0
all-runs	2026-09-20T03:12:41Z	033d61f	90-sidecar-verifier-wrapper	0
all-runs	2026-09-20T03:12:41Z	033d61f	95-numerals-ratchet	0
all-runs	2026-09-20T03:12:41Z	033d61f	96-verdict-status-agreement	0
all-runs	2026-09-20T03:12:41Z	033d61f	97-readme-counts	0
all-runs	2026-09-20T03:12:50Z	033d61f	10-fixture-integrity	0
all-runs	2026-09-20T03:12:50Z	033d61f	20-receipt-freshness	0
all-runs	2026-09-20T03:12:50Z	033d61f	30-no-secrets	0
all-runs	2026-09-20T03:12:51Z	033d61f	40-omp-compact-replay	0
all-runs	2026-09-20T03:12:51Z	033d61f	50-house-gates	0
all-runs	2026-09-20T03:12:54Z	033d61f	60-staged-deletion-lane	0
all-runs	2026-09-20T03:12:54Z	033d61f	70-tests-registry-sync	0
all-runs	2026-09-20T03:13:11Z	033d61f	80-lane-instrument-selftests	0
all-runs	2026-09-20T03:13:11Z	033d61f	90-sidecar-verifier-wrapper	0
all-runs	2026-09-20T03:13:11Z	033d61f	95-numerals-ratchet	0
all-runs	2026-09-20T03:13:11Z	033d61f	96-verdict-status-agreement	0
all-runs	2026-09-20T03:13:11Z	033d61f	97-readme-counts	0
all-runs	2026-09-20T03:18:38Z	d1f251c	10-fixture-integrity	0
all-runs	2026-09-20T03:18:38Z	d1f251c	20-receipt-freshness	0
all-runs	2026-09-20T03:18:38Z	d1f251c	30-no-secrets	0
all-runs	2026-09-20T03:18:39Z	d1f251c	40-omp-compact-replay	0
all-runs	2026-09-20T03:18:40Z	d1f251c	50-house-gates	0
all-runs	2026-09-20T03:18:43Z	d1f251c	60-staged-deletion-lane	0
all-runs	2026-09-20T03:18:43Z	d1f251c	70-tests-registry-sync	0
all-runs	2026-09-20T03:18:59Z	d1f251c	80-lane-instrument-selftests	0
all-runs	2026-09-20T03:19:00Z	d1f251c	90-sidecar-verifier-wrapper	0
all-runs	2026-09-20T03:19:00Z	d1f251c	95-numerals-ratchet	0
all-runs	2026-09-20T03:19:00Z	d1f251c	96-verdict-status-agreement	0
all-runs	2026-09-20T03:19:00Z	d1f251c	97-readme-counts	0
all-runs	2026-09-20T03:28:51Z	74d27ad	10-fixture-integrity	0
all-runs	2026-09-20T03:28:51Z	74d27ad	20-receipt-freshness	0
all-runs	2026-09-20T03:28:51Z	74d27ad	30-no-secrets	0
all-runs	2026-09-20T03:28:53Z	74d27ad	40-omp-compact-replay	0
all-runs	2026-09-20T03:28:53Z	74d27ad	50-house-gates	1
all-runs	2026-09-20T03:28:57Z	74d27ad	60-staged-deletion-lane	0
all-runs	2026-09-20T03:28:57Z	74d27ad	70-tests-registry-sync	0
all-runs	2026-09-20T03:29:13Z	74d27ad	80-lane-instrument-selftests	0
all-runs	2026-09-20T03:29:13Z	74d27ad	90-sidecar-verifier-wrapper	0
all-runs	2026-09-20T03:29:14Z	74d27ad	95-numerals-ratchet	0
all-runs	2026-09-20T03:29:14Z	74d27ad	96-verdict-status-agreement	0
all-runs	2026-09-20T03:29:14Z	74d27ad	97-readme-counts	0
all-runs	2026-09-20T03:30:57Z	74d27ad	10-fixture-integrity	0
all-runs	2026-09-20T03:30:57Z	74d27ad	20-receipt-freshness	0
all-runs	2026-09-20T03:30:57Z	74d27ad	30-no-secrets	0
all-runs	2026-09-20T03:30:58Z	74d27ad	40-omp-compact-replay	0
all-runs	2026-09-20T03:30:59Z	74d27ad	50-house-gates	0
all-runs	2026-09-20T03:31:02Z	74d27ad	60-staged-deletion-lane	0
all-runs	2026-09-20T03:31:02Z	74d27ad	70-tests-registry-sync	0
all-runs	2026-09-20T03:31:18Z	74d27ad	80-lane-instrument-selftests	0
all-runs	2026-09-20T03:31:18Z	74d27ad	90-sidecar-verifier-wrapper	0
all-runs	2026-09-20T03:31:19Z	74d27ad	95-numerals-ratchet	0
all-runs	2026-09-20T03:31:19Z	74d27ad	96-verdict-status-agreement	0
all-runs	2026-09-20T03:31:19Z	74d27ad	97-readme-counts	0
all-runs	2026-09-20T03:38:44Z	74d27ad	10-fixture-integrity	0
all-runs	2026-09-20T03:38:44Z	74d27ad	20-receipt-freshness	0
all-runs	2026-09-20T03:38:44Z	74d27ad	30-no-secrets	0
all-runs	2026-09-20T03:38:45Z	74d27ad	40-omp-compact-replay	0
all-runs	2026-09-20T03:38:46Z	74d27ad	50-house-gates	0
all-runs	2026-09-20T03:38:49Z	74d27ad	60-staged-deletion-lane	0
all-runs	2026-09-20T03:38:49Z	74d27ad	70-tests-registry-sync	0
all-runs	2026-09-20T03:39:05Z	74d27ad	80-lane-instrument-selftests	0
all-runs	2026-09-20T03:39:05Z	74d27ad	90-sidecar-verifier-wrapper	0
all-runs	2026-09-20T03:39:05Z	74d27ad	95-numerals-ratchet	0
all-runs	2026-09-20T03:39:05Z	74d27ad	96-verdict-status-agreement	0
all-runs	2026-09-20T03:39:06Z	74d27ad	97-readme-counts	0
all-runs	2026-09-20T03:40:26Z	bdd1c9a	10-fixture-integrity	0
all-runs	2026-09-20T03:40:26Z	bdd1c9a	20-receipt-freshness	0
all-runs	2026-09-20T03:40:26Z	bdd1c9a	30-no-secrets	0
all-runs	2026-09-20T03:40:27Z	bdd1c9a	40-omp-compact-replay	0
all-runs	2026-09-20T03:40:27Z	bdd1c9a	50-house-gates	0
all-runs	2026-09-20T03:40:31Z	bdd1c9a	60-staged-deletion-lane	0
all-runs	2026-09-20T03:40:31Z	bdd1c9a	70-tests-registry-sync	0
all-runs	2026-09-20T03:40:48Z	bdd1c9a	80-lane-instrument-selftests	0
all-runs	2026-09-20T03:40:48Z	bdd1c9a	90-sidecar-verifier-wrapper	0
all-runs	2026-09-20T03:40:48Z	bdd1c9a	95-numerals-ratchet	0
all-runs	2026-09-20T03:40:48Z	bdd1c9a	96-verdict-status-agreement	0
all-runs	2026-09-20T03:40:48Z	bdd1c9a	97-readme-counts	0
all-runs	2026-09-20T03:46:09Z	dc2016c	10-fixture-integrity	0
all-runs	2026-09-20T03:46:09Z	dc2016c	20-receipt-freshness	0
all-runs	2026-09-20T03:46:09Z	dc2016c	30-no-secrets	0
all-runs	2026-09-20T03:46:10Z	dc2016c	40-omp-compact-replay	0
all-runs	2026-09-20T03:46:11Z	dc2016c	50-house-gates	0
all-runs	2026-09-20T03:46:14Z	dc2016c	60-staged-deletion-lane	0
all-runs	2026-09-20T03:46:14Z	dc2016c	70-tests-registry-sync	0
all-runs	2026-09-20T03:46:31Z	dc2016c	80-lane-instrument-selftests	0
all-runs	2026-09-20T03:46:31Z	dc2016c	90-sidecar-verifier-wrapper	0
all-runs	2026-09-20T03:46:31Z	dc2016c	95-numerals-ratchet	0
all-runs	2026-09-20T03:46:31Z	dc2016c	96-verdict-status-agreement	0
all-runs	2026-09-20T03:46:31Z	dc2016c	97-readme-counts	0
all-runs	2026-09-20T03:49:04Z	4639b9f	10-fixture-integrity	0
all-runs	2026-09-20T03:49:05Z	4639b9f	20-receipt-freshness	0
all-runs	2026-09-20T03:49:05Z	4639b9f	30-no-secrets	0
all-runs	2026-09-20T03:49:06Z	4639b9f	40-omp-compact-replay	0
all-runs	2026-09-20T03:49:06Z	4639b9f	50-house-gates	0
all-runs	2026-09-20T03:49:09Z	4639b9f	60-staged-deletion-lane	0
all-runs	2026-09-20T03:49:09Z	4639b9f	70-tests-registry-sync	0
all-runs	2026-09-20T03:49:25Z	4639b9f	80-lane-instrument-selftests	0
all-runs	2026-09-20T03:49:25Z	4639b9f	90-sidecar-verifier-wrapper	0
all-runs	2026-09-20T03:49:25Z	4639b9f	95-numerals-ratchet	0
all-runs	2026-09-20T03:49:25Z	4639b9f	96-verdict-status-agreement	0
all-runs	2026-09-20T03:49:25Z	4639b9f	97-readme-counts	0
all-runs	2026-09-20T03:55:41Z	0befea4	10-fixture-integrity	0
all-runs	2026-09-20T03:55:41Z	0befea4	20-receipt-freshness	0
all-runs	2026-09-20T03:55:41Z	0befea4	30-no-secrets	0
all-runs	2026-09-20T03:55:42Z	0befea4	40-omp-compact-replay	0
all-runs	2026-09-20T03:55:42Z	0befea4	50-house-gates	0
all-runs	2026-09-20T03:55:46Z	0befea4	60-staged-deletion-lane	0
all-runs	2026-09-20T03:55:46Z	0befea4	70-tests-registry-sync	0
all-runs	2026-09-20T03:56:03Z	0befea4	80-lane-instrument-selftests	0
all-runs	2026-09-20T03:56:03Z	0befea4	90-sidecar-verifier-wrapper	0
all-runs	2026-09-20T03:56:03Z	0befea4	95-numerals-ratchet	0
all-runs	2026-09-20T03:56:03Z	0befea4	96-verdict-status-agreement	0
all-runs	2026-09-20T03:56:03Z	0befea4	97-readme-counts	0
all-runs	2026-09-20T03:59:58Z	0566c5b	10-fixture-integrity	0
all-runs	2026-09-20T03:59:58Z	0566c5b	20-receipt-freshness	0
all-runs	2026-09-20T03:59:58Z	0566c5b	30-no-secrets	0
all-runs	2026-09-20T03:59:59Z	0566c5b	40-omp-compact-replay	0
all-runs	2026-09-20T03:59:59Z	0566c5b	50-house-gates	0
all-runs	2026-09-20T04:00:02Z	0566c5b	60-staged-deletion-lane	0
all-runs	2026-09-20T04:00:02Z	0566c5b	70-tests-registry-sync	0
all-runs	2026-09-20T04:00:10Z	0566c5b	10-fixture-integrity	0
all-runs	2026-09-20T04:00:10Z	0566c5b	20-receipt-freshness	0
all-runs	2026-09-20T04:00:10Z	0566c5b	30-no-secrets	0
all-runs	2026-09-20T04:00:11Z	0566c5b	40-omp-compact-replay	0
all-runs	2026-09-20T04:00:11Z	0566c5b	50-house-gates	0
all-runs	2026-09-20T04:00:14Z	0566c5b	60-staged-deletion-lane	0
all-runs	2026-09-20T04:00:14Z	0566c5b	70-tests-registry-sync	0
all-runs	2026-09-20T04:00:31Z	0566c5b	80-lane-instrument-selftests	0
all-runs	2026-09-20T04:00:31Z	0566c5b	90-sidecar-verifier-wrapper	0
all-runs	2026-09-20T04:00:31Z	0566c5b	95-numerals-ratchet	0
all-runs	2026-09-20T04:00:31Z	0566c5b	96-verdict-status-agreement	0
all-runs	2026-09-20T04:00:32Z	0566c5b	97-readme-counts	0
all-runs	2026-09-20T04:02:45Z	8fe44b2	10-fixture-integrity	0
all-runs	2026-09-20T04:02:45Z	8fe44b2	20-receipt-freshness	0
all-runs	2026-09-20T04:02:45Z	8fe44b2	30-no-secrets	0
all-runs	2026-09-20T04:02:46Z	8fe44b2	40-omp-compact-replay	0
all-runs	2026-09-20T04:02:46Z	8fe44b2	50-house-gates	0
all-runs	2026-09-20T04:02:50Z	8fe44b2	60-staged-deletion-lane	0
all-runs	2026-09-20T04:02:50Z	8fe44b2	70-tests-registry-sync	0
all-runs	2026-09-20T04:03:07Z	8fe44b2	80-lane-instrument-selftests	0
all-runs	2026-09-20T04:03:07Z	8fe44b2	90-sidecar-verifier-wrapper	0
all-runs	2026-09-20T04:03:07Z	8fe44b2	95-numerals-ratchet	0
all-runs	2026-09-20T04:03:07Z	8fe44b2	96-verdict-status-agreement	0
all-runs	2026-09-20T04:03:07Z	8fe44b2	97-readme-counts	0
all-runs	2026-09-20T04:21:36Z	f717ba3	10-fixture-integrity	0
all-runs	2026-09-20T04:21:36Z	f717ba3	20-receipt-freshness	0
all-runs	2026-09-20T04:21:36Z	f717ba3	30-no-secrets	0
all-runs	2026-09-20T04:21:37Z	f717ba3	40-omp-compact-replay	0
all-runs	2026-09-20T04:21:38Z	f717ba3	50-house-gates	0
all-runs	2026-09-20T04:21:41Z	f717ba3	60-staged-deletion-lane	0
all-runs	2026-09-20T04:21:41Z	f717ba3	70-tests-registry-sync	0
all-runs	2026-09-20T04:21:58Z	f717ba3	80-lane-instrument-selftests	0
all-runs	2026-09-20T04:21:58Z	f717ba3	90-sidecar-verifier-wrapper	0
all-runs	2026-09-20T04:21:58Z	f717ba3	95-numerals-ratchet	0
all-runs	2026-09-20T04:21:58Z	f717ba3	96-verdict-status-agreement	0
all-runs	2026-09-20T04:21:58Z	f717ba3	97-readme-counts	0
all-runs	2026-09-20T04:31:04Z	23a1143	10-fixture-integrity	0
all-runs	2026-09-20T04:31:04Z	23a1143	20-receipt-freshness	0
all-runs	2026-09-20T04:31:04Z	23a1143	30-no-secrets	0
all-runs	2026-09-20T04:31:05Z	23a1143	40-omp-compact-replay	0
all-runs	2026-09-20T04:31:06Z	23a1143	50-house-gates	0
all-runs	2026-09-20T04:31:09Z	23a1143	60-staged-deletion-lane	0
all-runs	2026-09-20T04:31:09Z	23a1143	70-tests-registry-sync	0
all-runs	2026-09-20T04:31:26Z	23a1143	80-lane-instrument-selftests	0
all-runs	2026-09-20T04:31:26Z	23a1143	90-sidecar-verifier-wrapper	0
all-runs	2026-09-20T04:31:26Z	23a1143	95-numerals-ratchet	0
all-runs	2026-09-20T04:31:26Z	23a1143	96-verdict-status-agreement	0
all-runs	2026-09-20T04:31:26Z	23a1143	97-readme-counts	0
all-runs	2026-09-20T04:34:08Z	bf12406	10-fixture-integrity	0
all-runs	2026-09-20T04:34:08Z	bf12406	20-receipt-freshness	0
all-runs	2026-09-20T04:34:08Z	bf12406	30-no-secrets	0
all-runs	2026-09-20T04:34:09Z	bf12406	40-omp-compact-replay	0
all-runs	2026-09-20T04:34:10Z	bf12406	50-house-gates	0
all-runs	2026-09-20T04:34:13Z	bf12406	60-staged-deletion-lane	0
all-runs	2026-09-20T04:34:14Z	bf12406	70-tests-registry-sync	0
all-runs	2026-09-20T04:34:30Z	bf12406	80-lane-instrument-selftests	0
all-runs	2026-09-20T04:34:30Z	bf12406	90-sidecar-verifier-wrapper	0
all-runs	2026-09-20T04:34:31Z	bf12406	95-numerals-ratchet	0
all-runs	2026-09-20T04:34:31Z	bf12406	96-verdict-status-agreement	0
all-runs	2026-09-20T04:34:31Z	bf12406	97-readme-counts	0
all-runs	2026-09-20T04:35:17Z	22e8e4b	10-fixture-integrity	0
all-runs	2026-09-20T04:35:17Z	22e8e4b	20-receipt-freshness	0
all-runs	2026-09-20T04:35:17Z	22e8e4b	30-no-secrets	0
all-runs	2026-09-20T04:35:18Z	22e8e4b	40-omp-compact-replay	0
all-runs	2026-09-20T04:35:19Z	22e8e4b	50-house-gates	0
all-runs	2026-09-20T04:35:22Z	22e8e4b	60-staged-deletion-lane	0
all-runs	2026-09-20T04:35:22Z	22e8e4b	70-tests-registry-sync	0
all-runs	2026-09-20T04:35:38Z	22e8e4b	80-lane-instrument-selftests	0
all-runs	2026-09-20T04:35:38Z	22e8e4b	90-sidecar-verifier-wrapper	0
all-runs	2026-09-20T04:35:39Z	22e8e4b	95-numerals-ratchet	0
all-runs	2026-09-20T04:35:39Z	22e8e4b	96-verdict-status-agreement	0
all-runs	2026-09-20T04:35:39Z	22e8e4b	97-readme-counts	0
all-runs	2026-09-20T04:40:17Z	3ef5e9c	10-fixture-integrity	0
all-runs	2026-09-20T04:40:17Z	3ef5e9c	20-receipt-freshness	0
all-runs	2026-09-20T04:40:17Z	3ef5e9c	30-no-secrets	0
all-runs	2026-09-20T04:40:18Z	3ef5e9c	40-omp-compact-replay	0
all-runs	2026-09-20T04:40:19Z	3ef5e9c	50-house-gates	0
all-runs	2026-09-20T04:40:22Z	3ef5e9c	60-staged-deletion-lane	0
all-runs	2026-09-20T04:40:22Z	3ef5e9c	70-tests-registry-sync	0
all-runs	2026-09-20T04:40:39Z	3ef5e9c	80-lane-instrument-selftests	0
all-runs	2026-09-20T04:40:39Z	3ef5e9c	90-sidecar-verifier-wrapper	0
all-runs	2026-09-20T04:40:39Z	3ef5e9c	95-numerals-ratchet	0
all-runs	2026-09-20T04:40:39Z	3ef5e9c	96-verdict-status-agreement	0
all-runs	2026-09-20T04:40:39Z	3ef5e9c	97-readme-counts	0
all-runs	2026-09-20T04:42:55Z	cde6172	10-fixture-integrity	0
all-runs	2026-09-20T04:42:55Z	cde6172	20-receipt-freshness	0
all-runs	2026-09-20T04:42:55Z	cde6172	30-no-secrets	0
all-runs	2026-09-20T04:42:56Z	cde6172	40-omp-compact-replay	0
all-runs	2026-09-20T04:42:56Z	cde6172	50-house-gates	0
all-runs	2026-09-20T04:42:59Z	cde6172	60-staged-deletion-lane	0
all-runs	2026-09-20T04:42:59Z	cde6172	70-tests-registry-sync	0
all-runs	2026-09-20T04:43:16Z	cde6172	80-lane-instrument-selftests	0
all-runs	2026-09-20T04:43:17Z	cde6172	90-sidecar-verifier-wrapper	0
all-runs	2026-09-20T04:43:17Z	cde6172	95-numerals-ratchet	0
all-runs	2026-09-20T04:43:17Z	cde6172	96-verdict-status-agreement	0
all-runs	2026-09-20T04:43:17Z	cde6172	97-readme-counts	0
all-runs	2026-09-20T04:53:43Z	8e2d533	10-fixture-integrity	0
all-runs	2026-09-20T04:53:43Z	8e2d533	20-receipt-freshness	0
all-runs	2026-09-20T04:53:44Z	8e2d533	30-no-secrets	0
all-runs	2026-09-20T04:53:45Z	8e2d533	40-omp-compact-replay	0
all-runs	2026-09-20T04:53:45Z	8e2d533	50-house-gates	0
all-runs	2026-09-20T04:53:48Z	8e2d533	60-staged-deletion-lane	0
all-runs	2026-09-20T04:53:48Z	8e2d533	70-tests-registry-sync	0
all-runs	2026-09-20T04:54:05Z	8e2d533	80-lane-instrument-selftests	0
all-runs	2026-09-20T04:54:05Z	8e2d533	90-sidecar-verifier-wrapper	0
all-runs	2026-09-20T04:54:05Z	8e2d533	95-numerals-ratchet	0
all-runs	2026-09-20T04:54:05Z	8e2d533	96-verdict-status-agreement	0
all-runs	2026-09-20T04:54:05Z	8e2d533	97-readme-counts	0
all-runs	2026-09-20T04:55:08Z	4659058	10-fixture-integrity	0
all-runs	2026-09-20T04:55:08Z	4659058	20-receipt-freshness	0
all-runs	2026-09-20T04:55:08Z	4659058	30-no-secrets	0
all-runs	2026-09-20T04:55:09Z	4659058	40-omp-compact-replay	0
all-runs	2026-09-20T04:55:10Z	4659058	50-house-gates	0
all-runs	2026-09-20T04:55:14Z	4659058	60-staged-deletion-lane	0
all-runs	2026-09-20T04:55:15Z	4659058	70-tests-registry-sync	0
all-runs	2026-09-20T04:55:31Z	4659058	80-lane-instrument-selftests	0
all-runs	2026-09-20T04:55:32Z	4659058	90-sidecar-verifier-wrapper	0
all-runs	2026-09-20T04:55:32Z	4659058	95-numerals-ratchet	0
all-runs	2026-09-20T04:55:32Z	4659058	96-verdict-status-agreement	0
all-runs	2026-09-20T04:55:32Z	4659058	97-readme-counts	0
all-runs	2026-09-20T04:56:06Z	4a19404	10-fixture-integrity	0
all-runs	2026-09-20T04:56:06Z	4a19404	20-receipt-freshness	0
all-runs	2026-09-20T04:56:06Z	4a19404	30-no-secrets	0
all-runs	2026-09-20T04:56:07Z	4a19404	40-omp-compact-replay	0
all-runs	2026-09-20T04:56:08Z	4a19404	50-house-gates	0
all-runs	2026-09-20T04:56:10Z	4a19404	60-staged-deletion-lane	0
all-runs	2026-09-20T04:56:11Z	4a19404	70-tests-registry-sync	0
all-runs	2026-09-20T04:56:27Z	4a19404	80-lane-instrument-selftests	0
all-runs	2026-09-20T04:56:27Z	4a19404	90-sidecar-verifier-wrapper	0
all-runs	2026-09-20T04:56:27Z	4a19404	95-numerals-ratchet	0
all-runs	2026-09-20T04:56:27Z	4a19404	96-verdict-status-agreement	0
all-runs	2026-09-20T04:56:27Z	4a19404	97-readme-counts	0
all-runs	2026-09-20T04:57:07Z	243c0e1	10-fixture-integrity	0
all-runs	2026-09-20T04:57:07Z	243c0e1	20-receipt-freshness	0
all-runs	2026-09-20T04:57:07Z	243c0e1	30-no-secrets	0
all-runs	2026-09-20T04:57:08Z	243c0e1	40-omp-compact-replay	0
all-runs	2026-09-20T04:57:08Z	243c0e1	50-house-gates	0
all-runs	2026-09-20T04:57:11Z	243c0e1	60-staged-deletion-lane	0
all-runs	2026-09-20T04:57:11Z	243c0e1	70-tests-registry-sync	0
all-runs	2026-09-20T04:57:28Z	243c0e1	80-lane-instrument-selftests	0
all-runs	2026-09-20T04:57:28Z	243c0e1	90-sidecar-verifier-wrapper	0
all-runs	2026-09-20T04:57:28Z	243c0e1	95-numerals-ratchet	0
all-runs	2026-09-20T04:57:28Z	243c0e1	96-verdict-status-agreement	0
all-runs	2026-09-20T04:57:28Z	243c0e1	97-readme-counts	0
all-runs	2026-09-20T04:57:36Z	884b224	10-fixture-integrity	0
all-runs	2026-09-20T04:57:36Z	884b224	20-receipt-freshness	0
all-runs	2026-09-20T04:57:36Z	884b224	30-no-secrets	0
all-runs	2026-09-20T04:57:37Z	884b224	40-omp-compact-replay	0
all-runs	2026-09-20T04:57:38Z	884b224	50-house-gates	0
all-runs	2026-09-20T04:57:40Z	884b224	60-staged-deletion-lane	0
all-runs	2026-09-20T04:57:41Z	884b224	70-tests-registry-sync	0
all-runs	2026-09-20T04:57:57Z	884b224	80-lane-instrument-selftests	0
all-runs	2026-09-20T04:57:57Z	884b224	90-sidecar-verifier-wrapper	0
all-runs	2026-09-20T04:57:57Z	884b224	95-numerals-ratchet	0
all-runs	2026-09-20T04:57:57Z	884b224	96-verdict-status-agreement	0
all-runs	2026-09-20T04:57:58Z	884b224	97-readme-counts	0
all-runs	2026-09-20T05:00:25Z	884b224	10-fixture-integrity	0
all-runs	2026-09-20T05:00:25Z	884b224	20-receipt-freshness	0
all-runs	2026-09-20T05:00:25Z	884b224	30-no-secrets	0
all-runs	2026-09-20T05:00:26Z	884b224	40-omp-compact-replay	0
all-runs	2026-09-20T05:00:27Z	884b224	50-house-gates	0
all-runs	2026-09-20T05:00:30Z	884b224	60-staged-deletion-lane	0
all-runs	2026-09-20T05:00:30Z	884b224	70-tests-registry-sync	0
all-runs	2026-09-20T05:00:47Z	884b224	80-lane-instrument-selftests	0
all-runs	2026-09-20T05:00:47Z	884b224	90-sidecar-verifier-wrapper	0
all-runs	2026-09-20T05:00:47Z	884b224	95-numerals-ratchet	0
all-runs	2026-09-20T05:00:47Z	884b224	96-verdict-status-agreement	0
all-runs	2026-09-20T05:00:47Z	884b224	97-readme-counts	0
all-runs	2026-09-20T05:03:09Z	39f9996	10-fixture-integrity	0
all-runs	2026-09-20T05:03:09Z	39f9996	20-receipt-freshness	0
all-runs	2026-09-20T05:03:09Z	39f9996	30-no-secrets	0
all-runs	2026-09-20T05:03:10Z	39f9996	40-omp-compact-replay	0
all-runs	2026-09-20T05:03:10Z	39f9996	50-house-gates	0
all-runs	2026-09-20T05:03:13Z	39f9996	60-staged-deletion-lane	0
all-runs	2026-09-20T05:03:14Z	39f9996	70-tests-registry-sync	0
all-runs	2026-09-20T05:03:31Z	39f9996	80-lane-instrument-selftests	1
all-runs	2026-09-20T05:03:31Z	39f9996	85-promotion-contract	0
all-runs	2026-09-20T05:03:31Z	39f9996	90-sidecar-verifier-wrapper	0
all-runs	2026-09-20T05:03:31Z	39f9996	95-numerals-ratchet	0
all-runs	2026-09-20T05:03:32Z	39f9996	96-verdict-status-agreement	0
all-runs	2026-09-20T05:03:32Z	39f9996	97-readme-counts	1
all-runs	2026-09-20T05:05:40Z	ec032e9	10-fixture-integrity	0
all-runs	2026-09-20T05:05:40Z	ec032e9	20-receipt-freshness	0
all-runs	2026-09-20T05:05:40Z	ec032e9	30-no-secrets	0
all-runs	2026-09-20T05:05:41Z	ec032e9	40-omp-compact-replay	0
all-runs	2026-09-20T05:05:42Z	ec032e9	50-house-gates	0
all-runs	2026-09-20T05:05:44Z	ec032e9	60-staged-deletion-lane	0
all-runs	2026-09-20T05:05:45Z	ec032e9	70-tests-registry-sync	0
all-runs	2026-09-20T05:06:01Z	ec032e9	80-lane-instrument-selftests	0
all-runs	2026-09-20T05:06:02Z	ec032e9	90-sidecar-verifier-wrapper	0
all-runs	2026-09-20T05:06:02Z	ec032e9	95-numerals-ratchet	0
all-runs	2026-09-20T05:06:02Z	ec032e9	96-verdict-status-agreement	0
all-runs	2026-09-20T05:06:02Z	ec032e9	97-readme-counts	0
all-runs	2026-09-20T05:08:20Z	0840e3d	10-fixture-integrity	0
all-runs	2026-09-20T05:08:20Z	0840e3d	20-receipt-freshness	0
all-runs	2026-09-20T05:08:20Z	0840e3d	30-no-secrets	0
all-runs	2026-09-20T05:08:21Z	0840e3d	40-omp-compact-replay	0
all-runs	2026-09-20T05:08:21Z	0840e3d	50-house-gates	0
all-runs	2026-09-20T05:08:25Z	0840e3d	60-staged-deletion-lane	0
all-runs	2026-09-20T05:08:25Z	0840e3d	70-tests-registry-sync	0
all-runs	2026-09-20T05:08:43Z	0840e3d	80-lane-instrument-selftests	0
all-runs	2026-09-20T05:08:44Z	0840e3d	85-promotion-contract	0
all-runs	2026-09-20T05:08:44Z	0840e3d	90-sidecar-verifier-wrapper	0
all-runs	2026-09-20T05:08:44Z	0840e3d	95-numerals-ratchet	0
all-runs	2026-09-20T05:08:44Z	0840e3d	96-verdict-status-agreement	0
all-runs	2026-09-20T05:08:44Z	0840e3d	97-readme-counts	0
all-runs	2026-09-20T05:10:04Z	bd641d1	10-fixture-integrity	0
all-runs	2026-09-20T05:10:04Z	bd641d1	20-receipt-freshness	0
all-runs	2026-09-20T05:10:04Z	bd641d1	30-no-secrets	0
all-runs	2026-09-20T05:10:05Z	bd641d1	40-omp-compact-replay	0
all-runs	2026-09-20T05:10:05Z	bd641d1	50-house-gates	0
all-runs	2026-09-20T05:10:09Z	bd641d1	60-staged-deletion-lane	0
all-runs	2026-09-20T05:10:09Z	bd641d1	70-tests-registry-sync	0
all-runs	2026-09-20T05:10:26Z	bd641d1	80-lane-instrument-selftests	0
all-runs	2026-09-20T05:10:26Z	bd641d1	85-promotion-contract	0
all-runs	2026-09-20T05:10:26Z	bd641d1	90-sidecar-verifier-wrapper	0
all-runs	2026-09-20T05:10:26Z	bd641d1	95-numerals-ratchet	0
all-runs	2026-09-20T05:10:26Z	bd641d1	96-verdict-status-agreement	0
all-runs	2026-09-20T05:10:26Z	bd641d1	97-readme-counts	0
all-runs	2026-09-20T05:10:34Z	6566b9e	10-fixture-integrity	0
all-runs	2026-09-20T05:10:34Z	6566b9e	20-receipt-freshness	0
all-runs	2026-09-20T05:10:34Z	6566b9e	30-no-secrets	0
all-runs	2026-09-20T05:10:35Z	6566b9e	40-omp-compact-replay	0
all-runs	2026-09-20T05:10:36Z	6566b9e	50-house-gates	0
all-runs	2026-09-20T05:10:38Z	6566b9e	60-staged-deletion-lane	0
all-runs	2026-09-20T05:10:38Z	6566b9e	70-tests-registry-sync	0
all-runs	2026-09-20T05:10:55Z	6566b9e	80-lane-instrument-selftests	0
all-runs	2026-09-20T05:10:55Z	6566b9e	85-promotion-contract	0
all-runs	2026-09-20T05:10:55Z	6566b9e	90-sidecar-verifier-wrapper	0
all-runs	2026-09-20T05:10:55Z	6566b9e	95-numerals-ratchet	0
all-runs	2026-09-20T05:10:55Z	6566b9e	96-verdict-status-agreement	0
all-runs	2026-09-20T05:10:56Z	6566b9e	97-readme-counts	0
all-runs	2026-09-20T05:24:06Z	2766878	10-fixture-integrity	0
all-runs	2026-09-20T05:24:06Z	2766878	20-receipt-freshness	0
all-runs	2026-09-20T05:24:06Z	2766878	30-no-secrets	0
all-runs	2026-09-20T05:24:07Z	2766878	40-omp-compact-replay	0
all-runs	2026-09-20T05:24:07Z	2766878	50-house-gates	0
all-runs	2026-09-20T05:24:11Z	2766878	60-staged-deletion-lane	0
all-runs	2026-09-20T05:24:11Z	2766878	70-tests-registry-sync	0
all-runs	2026-09-20T05:24:27Z	2766878	80-lane-instrument-selftests	0
all-runs	2026-09-20T05:24:28Z	2766878	90-sidecar-verifier-wrapper	0
all-runs	2026-09-20T05:24:28Z	2766878	95-numerals-ratchet	0
all-runs	2026-09-20T05:24:28Z	2766878	96-verdict-status-agreement	0
all-runs	2026-09-20T05:24:28Z	2766878	97-readme-counts	0
all-runs	2026-09-20T05:26:59Z	c824304	10-fixture-integrity	0
all-runs	2026-09-20T05:26:59Z	c824304	20-receipt-freshness	0
all-runs	2026-09-20T05:26:59Z	c824304	30-no-secrets	0
all-runs	2026-09-20T05:27:01Z	c824304	40-omp-compact-replay	0
all-runs	2026-09-20T05:27:01Z	c824304	50-house-gates	0
all-runs	2026-09-20T05:27:04Z	c824304	60-staged-deletion-lane	0
all-runs	2026-09-20T05:27:04Z	c824304	70-tests-registry-sync	0
all-runs	2026-09-20T05:27:27Z	c824304	80-lane-instrument-selftests	0
all-runs	2026-09-20T05:27:27Z	c824304	90-sidecar-verifier-wrapper	0
all-runs	2026-09-20T05:27:27Z	c824304	95-numerals-ratchet	0
all-runs	2026-09-20T05:27:27Z	c824304	96-verdict-status-agreement	0
all-runs	2026-09-20T05:27:27Z	c824304	97-readme-counts	0
all-runs	2026-09-20T05:33:18Z	c611c9c	10-fixture-integrity	0
all-runs	2026-09-20T05:33:19Z	c611c9c	20-receipt-freshness	0
all-runs	2026-09-20T05:33:19Z	c611c9c	30-no-secrets	0
all-runs	2026-09-20T05:33:20Z	c611c9c	40-omp-compact-replay	0
all-runs	2026-09-20T05:33:20Z	c611c9c	50-house-gates	0
all-runs	2026-09-20T05:33:24Z	c611c9c	60-staged-deletion-lane	0
all-runs	2026-09-20T05:33:24Z	c611c9c	70-tests-registry-sync	0
all-runs	2026-09-20T05:33:40Z	c611c9c	80-lane-instrument-selftests	0
all-runs	2026-09-20T05:33:40Z	c611c9c	90-sidecar-verifier-wrapper	0
all-runs	2026-09-20T05:33:40Z	c611c9c	95-numerals-ratchet	0
all-runs	2026-09-20T05:33:40Z	c611c9c	96-verdict-status-agreement	0
all-runs	2026-09-20T05:33:40Z	c611c9c	97-readme-counts	0
all-runs	2026-09-20T05:35:20Z	235fef2	10-fixture-integrity	0
all-runs	2026-09-20T05:35:20Z	235fef2	20-receipt-freshness	0
all-runs	2026-09-20T05:35:20Z	235fef2	30-no-secrets	0
all-runs	2026-09-20T05:35:21Z	235fef2	40-omp-compact-replay	0
all-runs	2026-09-20T05:35:22Z	235fef2	50-house-gates	0
all-runs	2026-09-20T05:35:24Z	235fef2	60-staged-deletion-lane	0
all-runs	2026-09-20T05:35:24Z	235fef2	70-tests-registry-sync	0
all-runs	2026-09-20T05:35:40Z	235fef2	80-lane-instrument-selftests	0
all-runs	2026-09-20T05:35:41Z	235fef2	90-sidecar-verifier-wrapper	0
all-runs	2026-09-20T05:35:41Z	235fef2	95-numerals-ratchet	0
all-runs	2026-09-20T05:35:41Z	235fef2	96-verdict-status-agreement	0
all-runs	2026-09-20T05:35:41Z	235fef2	97-readme-counts	0
all-runs	2026-09-20T05:38:11Z	beb45d5	10-fixture-integrity	0
all-runs	2026-09-20T05:38:11Z	beb45d5	20-receipt-freshness	0
all-runs	2026-09-20T05:38:11Z	beb45d5	30-no-secrets	0
all-runs	2026-09-20T05:38:12Z	beb45d5	40-omp-compact-replay	0
all-runs	2026-09-20T05:38:13Z	beb45d5	50-house-gates	0
all-runs	2026-09-20T05:38:16Z	beb45d5	60-staged-deletion-lane	0
all-runs	2026-09-20T05:38:17Z	beb45d5	70-tests-registry-sync	0
all-runs	2026-09-20T05:38:32Z	beb45d5	80-lane-instrument-selftests	0
all-runs	2026-09-20T05:38:32Z	beb45d5	90-sidecar-verifier-wrapper	0
all-runs	2026-09-20T05:38:33Z	beb45d5	95-numerals-ratchet	0
all-runs	2026-09-20T05:38:33Z	beb45d5	96-verdict-status-agreement	0
all-runs	2026-09-20T05:38:33Z	beb45d5	97-readme-counts	0
all-runs	2026-09-20T05:40:26Z	61e953b	10-fixture-integrity	0
all-runs	2026-09-20T05:40:26Z	61e953b	20-receipt-freshness	0
all-runs	2026-09-20T05:40:26Z	61e953b	30-no-secrets	0
all-runs	2026-09-20T05:40:27Z	61e953b	40-omp-compact-replay	0
all-runs	2026-09-20T05:40:27Z	61e953b	50-house-gates	0
all-runs	2026-09-20T05:40:30Z	61e953b	60-staged-deletion-lane	0
all-runs	2026-09-20T05:40:31Z	61e953b	70-tests-registry-sync	0
all-runs	2026-09-20T05:40:47Z	61e953b	80-lane-instrument-selftests	0
all-runs	2026-09-20T05:40:47Z	61e953b	90-sidecar-verifier-wrapper	0
all-runs	2026-09-20T05:40:47Z	61e953b	95-numerals-ratchet	0
all-runs	2026-09-20T05:40:48Z	61e953b	96-verdict-status-agreement	0
all-runs	2026-09-20T05:40:48Z	61e953b	97-readme-counts	0
all-runs	2026-09-20T05:44:39Z	90a480a	10-fixture-integrity	0
all-runs	2026-09-20T05:44:39Z	90a480a	20-receipt-freshness	0
all-runs	2026-09-20T05:44:39Z	90a480a	30-no-secrets	0
all-runs	2026-09-20T05:44:40Z	90a480a	40-omp-compact-replay	0
all-runs	2026-09-20T05:44:41Z	90a480a	50-house-gates	0
all-runs	2026-09-20T05:44:43Z	90a480a	60-staged-deletion-lane	0
all-runs	2026-09-20T05:44:44Z	90a480a	70-tests-registry-sync	0
all-runs	2026-09-20T05:44:51Z	90a480a	10-fixture-integrity	0
all-runs	2026-09-20T05:44:51Z	90a480a	20-receipt-freshness	0
all-runs	2026-09-20T05:44:51Z	90a480a	30-no-secrets	0
all-runs	2026-09-20T05:44:52Z	90a480a	40-omp-compact-replay	0
all-runs	2026-09-20T05:44:53Z	90a480a	50-house-gates	0
all-runs	2026-09-20T05:44:55Z	90a480a	60-staged-deletion-lane	0
all-runs	2026-09-20T05:44:56Z	90a480a	70-tests-registry-sync	0
all-runs	2026-09-20T05:45:00Z	90a480a	80-lane-instrument-selftests	0
all-runs	2026-09-20T05:45:00Z	90a480a	90-sidecar-verifier-wrapper	0
all-runs	2026-09-20T05:45:00Z	90a480a	95-numerals-ratchet	0
all-runs	2026-09-20T05:45:00Z	90a480a	96-verdict-status-agreement	0
all-runs	2026-09-20T05:45:00Z	90a480a	97-readme-counts	0
all-runs	2026-09-20T05:45:12Z	90a480a	80-lane-instrument-selftests	0
all-runs	2026-09-20T05:45:12Z	90a480a	90-sidecar-verifier-wrapper	0
all-runs	2026-09-20T05:45:12Z	90a480a	95-numerals-ratchet	0
all-runs	2026-09-20T05:45:12Z	90a480a	96-verdict-status-agreement	0
all-runs	2026-09-20T05:45:12Z	90a480a	97-readme-counts	0
all-runs	2026-09-20T05:48:02Z	ad1f8b9	10-fixture-integrity	0
all-runs	2026-09-20T05:48:02Z	ad1f8b9	20-receipt-freshness	0
all-runs	2026-09-20T05:48:02Z	ad1f8b9	30-no-secrets	0
all-runs	2026-09-20T05:48:03Z	ad1f8b9	40-omp-compact-replay	0
all-runs	2026-09-20T05:48:03Z	ad1f8b9	50-house-gates	0
all-runs	2026-09-20T05:48:07Z	ad1f8b9	60-staged-deletion-lane	0
all-runs	2026-09-20T05:48:07Z	ad1f8b9	70-tests-registry-sync	0
all-runs	2026-09-20T05:48:23Z	ad1f8b9	80-lane-instrument-selftests	0
all-runs	2026-09-20T05:48:23Z	ad1f8b9	90-sidecar-verifier-wrapper	0
all-runs	2026-09-20T05:48:24Z	ad1f8b9	95-numerals-ratchet	0
all-runs	2026-09-20T05:48:24Z	ad1f8b9	96-verdict-status-agreement	0
all-runs	2026-09-20T05:48:24Z	ad1f8b9	97-readme-counts	0
all-runs	2026-09-20T05:49:50Z	ad1f8b9	10-fixture-integrity	0
all-runs	2026-09-20T05:49:50Z	ad1f8b9	20-receipt-freshness	0
all-runs	2026-09-20T05:49:50Z	ad1f8b9	30-no-secrets	0
all-runs	2026-09-20T05:49:51Z	ad1f8b9	40-omp-compact-replay	0
all-runs	2026-09-20T05:49:52Z	ad1f8b9	50-house-gates	0
all-runs	2026-09-20T05:49:55Z	ad1f8b9	60-staged-deletion-lane	0
all-runs	2026-09-20T05:49:55Z	ad1f8b9	70-tests-registry-sync	0
all-runs	2026-09-20T05:50:11Z	ad1f8b9	80-lane-instrument-selftests	0
all-runs	2026-09-20T05:50:11Z	ad1f8b9	90-sidecar-verifier-wrapper	0
all-runs	2026-09-20T05:50:12Z	ad1f8b9	95-numerals-ratchet	0
all-runs	2026-09-20T05:50:12Z	ad1f8b9	96-verdict-status-agreement	0
all-runs	2026-09-20T05:50:12Z	ad1f8b9	97-readme-counts	0
all-runs	2026-09-20T05:52:05Z	6ff34bc	10-fixture-integrity	0
all-runs	2026-09-20T05:52:05Z	6ff34bc	20-receipt-freshness	0
all-runs	2026-09-20T05:52:05Z	6ff34bc	30-no-secrets	0
all-runs	2026-09-20T05:52:06Z	6ff34bc	40-omp-compact-replay	0
all-runs	2026-09-20T05:52:06Z	6ff34bc	50-house-gates	0
all-runs	2026-09-20T05:52:10Z	6ff34bc	60-staged-deletion-lane	0
all-runs	2026-09-20T05:52:10Z	6ff34bc	70-tests-registry-sync	0
all-runs	2026-09-20T05:52:26Z	6ff34bc	80-lane-instrument-selftests	0
all-runs	2026-09-20T05:52:26Z	6ff34bc	90-sidecar-verifier-wrapper	0
all-runs	2026-09-20T05:52:26Z	6ff34bc	95-numerals-ratchet	0
all-runs	2026-09-20T05:52:26Z	6ff34bc	96-verdict-status-agreement	0
all-runs	2026-09-20T05:52:26Z	6ff34bc	97-readme-counts	0
all-runs	2026-09-20T05:54:24Z	19a3260	10-fixture-integrity	0
all-runs	2026-09-20T05:54:24Z	19a3260	20-receipt-freshness	0
all-runs	2026-09-20T05:54:24Z	19a3260	30-no-secrets	0
all-runs	2026-09-20T05:54:25Z	19a3260	40-omp-compact-replay	0
all-runs	2026-09-20T05:54:25Z	19a3260	50-house-gates	0
all-runs	2026-09-20T05:54:28Z	19a3260	60-staged-deletion-lane	0
all-runs	2026-09-20T05:54:29Z	19a3260	70-tests-registry-sync	0
all-runs	2026-09-20T05:54:45Z	19a3260	80-lane-instrument-selftests	0
all-runs	2026-09-20T05:54:45Z	19a3260	90-sidecar-verifier-wrapper	0
all-runs	2026-09-20T05:54:46Z	19a3260	95-numerals-ratchet	0
all-runs	2026-09-20T05:54:46Z	19a3260	96-verdict-status-agreement	0
all-runs	2026-09-20T05:54:46Z	19a3260	97-readme-counts	0
all-runs	2026-09-20T05:55:00Z	19a3260	10-fixture-integrity	0
all-runs	2026-09-20T05:55:00Z	19a3260	20-receipt-freshness	0
all-runs	2026-09-20T05:55:00Z	19a3260	30-no-secrets	0
all-runs	2026-09-20T05:55:01Z	19a3260	40-omp-compact-replay	0
all-runs	2026-09-20T05:55:02Z	19a3260	50-house-gates	0
all-runs	2026-09-20T05:55:04Z	19a3260	60-staged-deletion-lane	0
all-runs	2026-09-20T05:55:05Z	19a3260	70-tests-registry-sync	0
all-runs	2026-09-20T05:55:21Z	19a3260	80-lane-instrument-selftests	0
all-runs	2026-09-20T05:55:21Z	19a3260	90-sidecar-verifier-wrapper	0
all-runs	2026-09-20T05:55:21Z	19a3260	95-numerals-ratchet	0
all-runs	2026-09-20T05:55:21Z	19a3260	96-verdict-status-agreement	0
all-runs	2026-09-20T05:55:21Z	19a3260	97-readme-counts	0
all-runs	2026-09-20T06:01:49Z	e6cb244	10-fixture-integrity	0
all-runs	2026-09-20T06:01:49Z	e6cb244	20-receipt-freshness	0
all-runs	2026-09-20T06:01:49Z	e6cb244	30-no-secrets	0
all-runs	2026-09-20T06:01:50Z	e6cb244	40-omp-compact-replay	0
all-runs	2026-09-20T06:01:51Z	e6cb244	50-house-gates	0
all-runs	2026-09-20T06:01:54Z	e6cb244	60-staged-deletion-lane	0
all-runs	2026-09-20T06:01:55Z	e6cb244	70-tests-registry-sync	0
all-runs	2026-09-20T06:02:11Z	e6cb244	80-lane-instrument-selftests	0
all-runs	2026-09-20T06:02:11Z	e6cb244	90-sidecar-verifier-wrapper	0
all-runs	2026-09-20T06:02:11Z	e6cb244	95-numerals-ratchet	0
all-runs	2026-09-20T06:02:11Z	e6cb244	96-verdict-status-agreement	0
all-runs	2026-09-20T06:02:11Z	e6cb244	97-readme-counts	0
all-runs	2026-09-20T06:02:27Z	42121f7	10-fixture-integrity	0
all-runs	2026-09-20T06:02:27Z	42121f7	20-receipt-freshness	0
all-runs	2026-09-20T06:02:27Z	42121f7	30-no-secrets	0
all-runs	2026-09-20T06:02:28Z	42121f7	40-omp-compact-replay	0
all-runs	2026-09-20T06:02:28Z	42121f7	50-house-gates	0
all-runs	2026-09-20T06:02:31Z	42121f7	60-staged-deletion-lane	0
all-runs	2026-09-20T06:02:31Z	42121f7	70-tests-registry-sync	0
all-runs	2026-09-20T06:02:48Z	42121f7	80-lane-instrument-selftests	0
all-runs	2026-09-20T06:02:48Z	42121f7	90-sidecar-verifier-wrapper	0
all-runs	2026-09-20T06:02:48Z	42121f7	95-numerals-ratchet	0
all-runs	2026-09-20T06:02:48Z	42121f7	96-verdict-status-agreement	0
all-runs	2026-09-20T06:02:48Z	42121f7	97-readme-counts	0
all-runs	2026-09-20T06:04:51Z	fa78767	10-fixture-integrity	0
all-runs	2026-09-20T06:04:51Z	fa78767	20-receipt-freshness	0
all-runs	2026-09-20T06:04:51Z	fa78767	30-no-secrets	0
all-runs	2026-09-20T06:04:52Z	fa78767	40-omp-compact-replay	0
all-runs	2026-09-20T06:04:53Z	fa78767	50-house-gates	0
all-runs	2026-09-20T06:04:57Z	fa78767	60-staged-deletion-lane	0
all-runs	2026-09-20T06:04:57Z	fa78767	70-tests-registry-sync	0
all-runs	2026-09-20T06:05:13Z	fa78767	80-lane-instrument-selftests	0
all-runs	2026-09-20T06:05:13Z	fa78767	90-sidecar-verifier-wrapper	0
all-runs	2026-09-20T06:05:14Z	fa78767	95-numerals-ratchet	0
all-runs	2026-09-20T06:05:14Z	fa78767	96-verdict-status-agreement	0
all-runs	2026-09-20T06:05:14Z	fa78767	97-readme-counts	0
all-runs	2026-09-20T06:08:25Z	495e85e	10-fixture-integrity	0
all-runs	2026-09-20T06:08:25Z	495e85e	20-receipt-freshness	0
all-runs	2026-09-20T06:08:25Z	495e85e	30-no-secrets	0
all-runs	2026-09-20T06:08:26Z	495e85e	40-omp-compact-replay	0
all-runs	2026-09-20T06:08:27Z	495e85e	50-house-gates	0
all-runs	2026-09-20T06:08:30Z	495e85e	60-staged-deletion-lane	0
all-runs	2026-09-20T06:08:30Z	495e85e	70-tests-registry-sync	0
all-runs	2026-09-20T06:08:46Z	495e85e	80-lane-instrument-selftests	0
all-runs	2026-09-20T06:08:46Z	495e85e	90-sidecar-verifier-wrapper	0
all-runs	2026-09-20T06:08:47Z	495e85e	95-numerals-ratchet	0
all-runs	2026-09-20T06:08:47Z	495e85e	96-verdict-status-agreement	0
all-runs	2026-09-20T06:08:47Z	495e85e	97-readme-counts	0
all-runs	2026-09-20T06:10:16Z	9b769db	10-fixture-integrity	0
all-runs	2026-09-20T06:10:16Z	9b769db	20-receipt-freshness	0
all-runs	2026-09-20T06:10:16Z	9b769db	30-no-secrets	0
all-runs	2026-09-20T06:10:17Z	9b769db	40-omp-compact-replay	0
all-runs	2026-09-20T06:10:18Z	9b769db	50-house-gates	0
all-runs	2026-09-20T06:10:22Z	9b769db	60-staged-deletion-lane	0
all-runs	2026-09-20T06:10:22Z	9b769db	70-tests-registry-sync	0
all-runs	2026-09-20T06:10:38Z	9b769db	80-lane-instrument-selftests	0
all-runs	2026-09-20T06:10:38Z	9b769db	90-sidecar-verifier-wrapper	0
all-runs	2026-09-20T06:10:38Z	9b769db	95-numerals-ratchet	0
all-runs	2026-09-20T06:10:38Z	9b769db	96-verdict-status-agreement	0
all-runs	2026-09-20T06:10:38Z	9b769db	97-readme-counts	0
all-runs	2026-09-20T06:13:48Z	b52dc0a	10-fixture-integrity	0
all-runs	2026-09-20T06:13:48Z	b52dc0a	20-receipt-freshness	0
all-runs	2026-09-20T06:13:48Z	b52dc0a	30-no-secrets	0
all-runs	2026-09-20T06:13:49Z	b52dc0a	40-omp-compact-replay	0
all-runs	2026-09-20T06:13:49Z	b52dc0a	50-house-gates	0
all-runs	2026-09-20T06:13:52Z	b52dc0a	60-staged-deletion-lane	0
all-runs	2026-09-20T06:13:52Z	b52dc0a	70-tests-registry-sync	0
all-runs	2026-09-20T06:14:09Z	b52dc0a	80-lane-instrument-selftests	0
all-runs	2026-09-20T06:14:09Z	b52dc0a	90-sidecar-verifier-wrapper	0
all-runs	2026-09-20T06:14:09Z	b52dc0a	95-numerals-ratchet	0
all-runs	2026-09-20T06:14:09Z	b52dc0a	96-verdict-status-agreement	0
all-runs	2026-09-20T06:14:09Z	b52dc0a	97-readme-counts	0
all-runs	2026-09-20T06:15:55Z	daeabe8	10-fixture-integrity	0
all-runs	2026-09-20T06:15:55Z	daeabe8	20-receipt-freshness	0
all-runs	2026-09-20T06:15:55Z	daeabe8	30-no-secrets	0
all-runs	2026-09-20T06:15:56Z	daeabe8	40-omp-compact-replay	0
all-runs	2026-09-20T06:15:57Z	daeabe8	50-house-gates	0
all-runs	2026-09-20T06:16:00Z	daeabe8	60-staged-deletion-lane	0
all-runs	2026-09-20T06:16:00Z	daeabe8	70-tests-registry-sync	0
all-runs	2026-09-20T06:16:18Z	daeabe8	80-lane-instrument-selftests	0
all-runs	2026-09-20T06:16:18Z	daeabe8	90-sidecar-verifier-wrapper	0
all-runs	2026-09-20T06:16:18Z	daeabe8	95-numerals-ratchet	0
all-runs	2026-09-20T06:16:18Z	daeabe8	96-verdict-status-agreement	0
all-runs	2026-09-20T06:16:18Z	daeabe8	97-readme-counts	0
all-runs	2026-09-20T06:17:33Z	f566479	10-fixture-integrity	0
all-runs	2026-09-20T06:17:33Z	f566479	20-receipt-freshness	0
all-runs	2026-09-20T06:17:33Z	f566479	30-no-secrets	0
all-runs	2026-09-20T06:17:34Z	f566479	40-omp-compact-replay	0
all-runs	2026-09-20T06:17:34Z	f566479	50-house-gates	0
all-runs	2026-09-20T06:17:37Z	f566479	60-staged-deletion-lane	0
all-runs	2026-09-20T06:17:37Z	f566479	70-tests-registry-sync	0
all-runs	2026-09-20T06:17:53Z	f566479	80-lane-instrument-selftests	0
all-runs	2026-09-20T06:17:53Z	f566479	90-sidecar-verifier-wrapper	0
all-runs	2026-09-20T06:17:54Z	f566479	95-numerals-ratchet	0
all-runs	2026-09-20T06:17:54Z	f566479	96-verdict-status-agreement	0
all-runs	2026-09-20T06:17:54Z	f566479	97-readme-counts	0
all-runs	2026-09-20T06:21:08Z	6409b49	10-fixture-integrity	0
all-runs	2026-09-20T06:21:08Z	6409b49	20-receipt-freshness	0
all-runs	2026-09-20T06:21:08Z	6409b49	30-no-secrets	0
all-runs	2026-09-20T06:21:09Z	6409b49	40-omp-compact-replay	0
all-runs	2026-09-20T06:21:10Z	6409b49	50-house-gates	0
all-runs	2026-09-20T06:21:14Z	6409b49	60-staged-deletion-lane	0
all-runs	2026-09-20T06:21:14Z	6409b49	70-tests-registry-sync	0
all-runs	2026-09-20T06:21:30Z	6409b49	80-lane-instrument-selftests	1
all-runs	2026-09-20T06:21:30Z	6409b49	90-sidecar-verifier-wrapper	0
all-runs	2026-09-20T06:21:31Z	6409b49	95-numerals-ratchet	1
all-runs	2026-09-20T06:21:31Z	6409b49	96-verdict-status-agreement	0
all-runs	2026-09-20T06:21:31Z	6409b49	97-readme-counts	0
all-runs	2026-09-20T06:22:13Z	6409b49	10-fixture-integrity	0
all-runs	2026-09-20T06:22:13Z	6409b49	20-receipt-freshness	0
all-runs	2026-09-20T06:22:13Z	6409b49	30-no-secrets	0
all-runs	2026-09-20T06:22:14Z	6409b49	40-omp-compact-replay	0
all-runs	2026-09-20T06:22:15Z	6409b49	50-house-gates	0
all-runs	2026-09-20T06:22:19Z	6409b49	60-staged-deletion-lane	0
all-runs	2026-09-20T06:22:19Z	6409b49	70-tests-registry-sync	0
all-runs	2026-09-20T06:22:36Z	6409b49	80-lane-instrument-selftests	0
all-runs	2026-09-20T06:22:36Z	6409b49	90-sidecar-verifier-wrapper	0
all-runs	2026-09-20T06:22:36Z	6409b49	95-numerals-ratchet	0
all-runs	2026-09-20T06:22:36Z	6409b49	96-verdict-status-agreement	0
all-runs	2026-09-20T06:22:36Z	6409b49	97-readme-counts	0
all-runs	2026-09-20T06:23:53Z	c20da52	10-fixture-integrity	0
all-runs	2026-09-20T06:23:53Z	c20da52	20-receipt-freshness	0
all-runs	2026-09-20T06:23:53Z	c20da52	30-no-secrets	0
all-runs	2026-09-20T06:23:55Z	c20da52	40-omp-compact-replay	0
all-runs	2026-09-20T06:23:55Z	c20da52	50-house-gates	0
all-runs	2026-09-20T06:23:58Z	c20da52	60-staged-deletion-lane	0
all-runs	2026-09-20T06:23:58Z	c20da52	70-tests-registry-sync	0
all-runs	2026-09-20T06:24:14Z	c20da52	80-lane-instrument-selftests	0
all-runs	2026-09-20T06:24:15Z	c20da52	90-sidecar-verifier-wrapper	0
all-runs	2026-09-20T06:24:15Z	c20da52	95-numerals-ratchet	0
all-runs	2026-09-20T06:24:15Z	c20da52	96-verdict-status-agreement	0
all-runs	2026-09-20T06:24:15Z	c20da52	97-readme-counts	0
all-runs	2026-09-20T06:24:41Z	aa00d99	10-fixture-integrity	0
all-runs	2026-09-20T06:24:41Z	aa00d99	20-receipt-freshness	0
all-runs	2026-09-20T06:24:41Z	aa00d99	30-no-secrets	0
all-runs	2026-09-20T06:24:42Z	aa00d99	40-omp-compact-replay	0
all-runs	2026-09-20T06:24:42Z	aa00d99	50-house-gates	0
all-runs	2026-09-20T06:24:45Z	aa00d99	60-staged-deletion-lane	0
all-runs	2026-09-20T06:24:45Z	aa00d99	70-tests-registry-sync	0
all-runs	2026-09-20T06:25:02Z	aa00d99	80-lane-instrument-selftests	0
all-runs	2026-09-20T06:25:02Z	aa00d99	90-sidecar-verifier-wrapper	0
all-runs	2026-09-20T06:25:02Z	aa00d99	95-numerals-ratchet	0
all-runs	2026-09-20T06:25:02Z	aa00d99	96-verdict-status-agreement	0
all-runs	2026-09-20T06:25:02Z	aa00d99	97-readme-counts	0
all-runs	2026-09-20T06:26:01Z	2b0bcb9	10-fixture-integrity	0
all-runs	2026-09-20T06:26:01Z	2b0bcb9	20-receipt-freshness	0
all-runs	2026-09-20T06:26:01Z	2b0bcb9	30-no-secrets	0
all-runs	2026-09-20T06:26:02Z	2b0bcb9	40-omp-compact-replay	0
all-runs	2026-09-20T06:26:03Z	2b0bcb9	50-house-gates	0
all-runs	2026-09-20T06:26:06Z	2b0bcb9	60-staged-deletion-lane	0
all-runs	2026-09-20T06:26:06Z	2b0bcb9	70-tests-registry-sync	0
all-runs	2026-09-20T06:26:22Z	2b0bcb9	80-lane-instrument-selftests	0
all-runs	2026-09-20T06:26:22Z	2b0bcb9	90-sidecar-verifier-wrapper	0
all-runs	2026-09-20T06:26:23Z	2b0bcb9	95-numerals-ratchet	0
all-runs	2026-09-20T06:26:23Z	2b0bcb9	96-verdict-status-agreement	0
all-runs	2026-09-20T06:26:23Z	2b0bcb9	97-readme-counts	0
all-runs	2026-09-20T06:27:01Z	2b0bcb9	10-fixture-integrity	0
all-runs	2026-09-20T06:27:01Z	2b0bcb9	20-receipt-freshness	0
all-runs	2026-09-20T06:27:01Z	2b0bcb9	30-no-secrets	0
all-runs	2026-09-20T06:27:02Z	2b0bcb9	40-omp-compact-replay	0
all-runs	2026-09-20T06:27:02Z	2b0bcb9	50-house-gates	0
all-runs	2026-09-20T06:27:06Z	2b0bcb9	60-staged-deletion-lane	0
all-runs	2026-09-20T06:27:07Z	2b0bcb9	70-tests-registry-sync	0
all-runs	2026-09-20T06:27:23Z	2b0bcb9	80-lane-instrument-selftests	0
all-runs	2026-09-20T06:27:23Z	2b0bcb9	90-sidecar-verifier-wrapper	0
all-runs	2026-09-20T06:27:23Z	2b0bcb9	95-numerals-ratchet	0
all-runs	2026-09-20T06:27:23Z	2b0bcb9	96-verdict-status-agreement	0
all-runs	2026-09-20T06:27:23Z	2b0bcb9	97-readme-counts	0
all-runs	2026-09-20T06:30:07Z	0a3bd5f	10-fixture-integrity	0
all-runs	2026-09-20T06:30:07Z	0a3bd5f	20-receipt-freshness	0
all-runs	2026-09-20T06:30:07Z	0a3bd5f	30-no-secrets	0
all-runs	2026-09-20T06:30:08Z	0a3bd5f	40-omp-compact-replay	0
all-runs	2026-09-20T06:30:09Z	0a3bd5f	50-house-gates	0
all-runs	2026-09-20T06:30:16Z	0a3bd5f	60-staged-deletion-lane	0
all-runs	2026-09-20T06:30:16Z	0a3bd5f	70-tests-registry-sync	0
all-runs	2026-09-20T06:30:34Z	0a3bd5f	80-lane-instrument-selftests	0
all-runs	2026-09-20T06:30:35Z	0a3bd5f	85-promotion-contract	0
all-runs	2026-09-20T06:30:35Z	0a3bd5f	90-sidecar-verifier-wrapper	0
all-runs	2026-09-20T06:30:35Z	0a3bd5f	95-numerals-ratchet	0
all-runs	2026-09-20T06:30:35Z	0a3bd5f	96-verdict-status-agreement	0
all-runs	2026-09-20T06:30:35Z	0a3bd5f	97-readme-counts	0
all-runs	2026-09-20T06:32:12Z	84d4739	10-fixture-integrity	0
all-runs	2026-09-20T06:32:12Z	84d4739	20-receipt-freshness	0
all-runs	2026-09-20T06:32:12Z	84d4739	30-no-secrets	0
all-runs	2026-09-20T06:32:13Z	84d4739	40-omp-compact-replay	0
all-runs	2026-09-20T06:32:14Z	84d4739	50-house-gates	0
all-runs	2026-09-20T06:32:17Z	84d4739	60-staged-deletion-lane	0
all-runs	2026-09-20T06:32:17Z	84d4739	70-tests-registry-sync	0
all-runs	2026-09-20T06:32:33Z	84d4739	80-lane-instrument-selftests	0
all-runs	2026-09-20T06:32:34Z	84d4739	85-promotion-contract	0
all-runs	2026-09-20T06:32:34Z	84d4739	90-sidecar-verifier-wrapper	0
all-runs	2026-09-20T06:32:34Z	84d4739	95-numerals-ratchet	0
all-runs	2026-09-20T06:32:34Z	84d4739	96-verdict-status-agreement	0
all-runs	2026-09-20T06:32:34Z	84d4739	97-readme-counts	0
all-runs	2026-09-20T06:34:47Z	338746e	10-fixture-integrity	0
all-runs	2026-09-20T06:34:47Z	338746e	20-receipt-freshness	0
all-runs	2026-09-20T06:34:48Z	338746e	30-no-secrets	0
all-runs	2026-09-20T06:34:49Z	338746e	40-omp-compact-replay	0
all-runs	2026-09-20T06:34:49Z	338746e	50-house-gates	0
all-runs	2026-09-20T06:34:52Z	338746e	60-staged-deletion-lane	0
all-runs	2026-09-20T06:34:52Z	338746e	70-tests-registry-sync	0
all-runs	2026-09-20T06:35:08Z	338746e	80-lane-instrument-selftests	0
all-runs	2026-09-20T06:35:08Z	338746e	85-promotion-contract	0
all-runs	2026-09-20T06:35:08Z	338746e	90-sidecar-verifier-wrapper	0
all-runs	2026-09-20T06:35:09Z	338746e	95-numerals-ratchet	0
all-runs	2026-09-20T06:35:09Z	338746e	96-verdict-status-agreement	0
all-runs	2026-09-20T06:35:09Z	338746e	97-readme-counts	0
all-runs	2026-09-20T06:43:18Z	32fc513	10-fixture-integrity	0
all-runs	2026-09-20T06:43:18Z	32fc513	20-receipt-freshness	0
all-runs	2026-09-20T06:43:18Z	32fc513	30-no-secrets	0
all-runs	2026-09-20T06:43:19Z	32fc513	40-omp-compact-replay	0
all-runs	2026-09-20T06:43:20Z	32fc513	50-house-gates	0
all-runs	2026-09-20T06:43:23Z	32fc513	60-staged-deletion-lane	0
all-runs	2026-09-20T06:43:23Z	32fc513	70-tests-registry-sync	0
all-runs	2026-09-20T06:43:40Z	32fc513	80-lane-instrument-selftests	0
all-runs	2026-09-20T06:43:40Z	32fc513	85-promotion-contract	0
all-runs	2026-09-20T06:43:40Z	32fc513	90-sidecar-verifier-wrapper	0
all-runs	2026-09-20T06:43:40Z	32fc513	95-numerals-ratchet	0
all-runs	2026-09-20T06:43:40Z	32fc513	96-verdict-status-agreement	0
all-runs	2026-09-20T06:43:40Z	32fc513	97-readme-counts	0
all-runs	2026-09-20T06:44:05Z	32fc513	10-fixture-integrity	0
all-runs	2026-09-20T06:44:05Z	32fc513	20-receipt-freshness	0
all-runs	2026-09-20T06:44:05Z	32fc513	30-no-secrets	0
all-runs	2026-09-20T06:44:06Z	32fc513	40-omp-compact-replay	0
all-runs	2026-09-20T06:44:07Z	32fc513	50-house-gates	0
all-runs	2026-09-20T06:44:10Z	32fc513	60-staged-deletion-lane	0
all-runs	2026-09-20T06:44:10Z	32fc513	70-tests-registry-sync	0
all-runs	2026-09-20T06:44:26Z	32fc513	80-lane-instrument-selftests	0
all-runs	2026-09-20T06:44:27Z	32fc513	85-promotion-contract	0
all-runs	2026-09-20T06:44:27Z	32fc513	90-sidecar-verifier-wrapper	0
all-runs	2026-09-20T06:44:27Z	32fc513	95-numerals-ratchet	0
all-runs	2026-09-20T06:44:27Z	32fc513	96-verdict-status-agreement	0
all-runs	2026-09-20T06:44:27Z	32fc513	97-readme-counts	0
all-runs	2026-09-20T07:01:17Z	26c45ff	10-fixture-integrity	0
all-runs	2026-09-20T07:01:17Z	26c45ff	20-receipt-freshness	0
all-runs	2026-09-20T07:01:17Z	26c45ff	30-no-secrets	0
all-runs	2026-09-20T07:01:18Z	26c45ff	40-omp-compact-replay	0
all-runs	2026-09-20T07:01:18Z	26c45ff	50-house-gates	0
all-runs	2026-09-20T07:01:22Z	26c45ff	60-staged-deletion-lane	0
all-runs	2026-09-20T07:01:22Z	26c45ff	70-tests-registry-sync	0
all-runs	2026-09-20T07:01:40Z	26c45ff	80-lane-instrument-selftests	0
all-runs	2026-09-20T07:01:40Z	26c45ff	85-promotion-contract	0
all-runs	2026-09-20T07:01:40Z	26c45ff	90-sidecar-verifier-wrapper	0
all-runs	2026-09-20T07:01:40Z	26c45ff	95-numerals-ratchet	0
all-runs	2026-09-20T07:01:40Z	26c45ff	96-verdict-status-agreement	0
all-runs	2026-09-20T07:01:40Z	26c45ff	97-readme-counts	0
all-runs	2026-09-20T07:14:41Z	df05971	10-fixture-integrity	0
all-runs	2026-09-20T07:14:41Z	df05971	20-receipt-freshness	0
all-runs	2026-09-20T07:14:41Z	df05971	30-no-secrets	0
all-runs	2026-09-20T07:14:43Z	df05971	40-omp-compact-replay	0
all-runs	2026-09-20T07:14:43Z	df05971	50-house-gates	0
all-runs	2026-09-20T07:14:46Z	df05971	60-staged-deletion-lane	0
all-runs	2026-09-20T07:14:46Z	df05971	70-tests-registry-sync	0
all-runs	2026-09-20T07:15:03Z	df05971	80-lane-instrument-selftests	0
all-runs	2026-09-20T07:15:03Z	df05971	85-promotion-contract	0
all-runs	2026-09-20T07:15:03Z	df05971	90-sidecar-verifier-wrapper	0
all-runs	2026-09-20T07:15:03Z	df05971	95-numerals-ratchet	0
all-runs	2026-09-20T07:15:03Z	df05971	96-verdict-status-agreement	0
all-runs	2026-09-20T07:15:03Z	df05971	97-readme-counts	0
all-runs	2026-09-20T07:16:40Z	b2d8b1f	10-fixture-integrity	0
all-runs	2026-09-20T07:16:40Z	b2d8b1f	20-receipt-freshness	0
all-runs	2026-09-20T07:16:40Z	b2d8b1f	30-no-secrets	0
all-runs	2026-09-20T07:16:41Z	b2d8b1f	40-omp-compact-replay	0
all-runs	2026-09-20T07:16:42Z	b2d8b1f	50-house-gates	0
all-runs	2026-09-20T07:16:45Z	b2d8b1f	60-staged-deletion-lane	0
all-runs	2026-09-20T07:16:45Z	b2d8b1f	70-tests-registry-sync	0
all-runs	2026-09-20T07:17:02Z	b2d8b1f	80-lane-instrument-selftests	0
all-runs	2026-09-20T07:17:03Z	b2d8b1f	85-promotion-contract	0
all-runs	2026-09-20T07:17:03Z	b2d8b1f	90-sidecar-verifier-wrapper	0
all-runs	2026-09-20T07:17:03Z	b2d8b1f	95-numerals-ratchet	0
all-runs	2026-09-20T07:17:03Z	b2d8b1f	96-verdict-status-agreement	0
all-runs	2026-09-20T07:17:03Z	b2d8b1f	97-readme-counts	0
all-runs	2026-09-20T07:24:17Z	85fec8d	10-fixture-integrity	0
all-runs	2026-09-20T07:24:17Z	85fec8d	20-receipt-freshness	0
all-runs	2026-09-20T07:24:17Z	85fec8d	30-no-secrets	0
all-runs	2026-09-20T07:24:18Z	85fec8d	40-omp-compact-replay	0
all-runs	2026-09-20T07:24:19Z	85fec8d	50-house-gates	0
all-runs	2026-09-20T07:24:22Z	85fec8d	60-staged-deletion-lane	0
all-runs	2026-09-20T07:24:22Z	85fec8d	70-tests-registry-sync	0
all-runs	2026-09-20T07:24:39Z	85fec8d	80-lane-instrument-selftests	0
all-runs	2026-09-20T07:24:39Z	85fec8d	85-promotion-contract	0
all-runs	2026-09-20T07:24:39Z	85fec8d	90-sidecar-verifier-wrapper	0
all-runs	2026-09-20T07:24:40Z	85fec8d	95-numerals-ratchet	0
all-runs	2026-09-20T07:24:40Z	85fec8d	96-verdict-status-agreement	0
all-runs	2026-09-20T07:24:40Z	85fec8d	97-readme-counts	0
all-runs	2026-09-20T07:25:09Z	4d4825c	10-fixture-integrity	0
all-runs	2026-09-20T07:25:09Z	4d4825c	20-receipt-freshness	0
all-runs	2026-09-20T07:25:09Z	4d4825c	30-no-secrets	0
all-runs	2026-09-20T07:25:10Z	4d4825c	40-omp-compact-replay	0
all-runs	2026-09-20T07:25:11Z	4d4825c	50-house-gates	0
all-runs	2026-09-20T07:25:13Z	4d4825c	60-staged-deletion-lane	0
all-runs	2026-09-20T07:25:14Z	4d4825c	70-tests-registry-sync	0
all-runs	2026-09-20T07:25:30Z	4d4825c	80-lane-instrument-selftests	0
all-runs	2026-09-20T07:25:31Z	4d4825c	85-promotion-contract	0
all-runs	2026-09-20T07:25:31Z	4d4825c	90-sidecar-verifier-wrapper	0
all-runs	2026-09-20T07:25:31Z	4d4825c	95-numerals-ratchet	0
all-runs	2026-09-20T07:25:31Z	4d4825c	96-verdict-status-agreement	0
all-runs	2026-09-20T07:25:31Z	4d4825c	97-readme-counts	0
all-runs	2026-09-20T07:26:53Z	e33bd5d	10-fixture-integrity	0
all-runs	2026-09-20T07:26:53Z	e33bd5d	20-receipt-freshness	0
all-runs	2026-09-20T07:26:54Z	e33bd5d	30-no-secrets	0
all-runs	2026-09-20T07:26:55Z	e33bd5d	40-omp-compact-replay	0
all-runs	2026-09-20T07:26:55Z	e33bd5d	50-house-gates	0
all-runs	2026-09-20T07:26:59Z	e33bd5d	60-staged-deletion-lane	0
all-runs	2026-09-20T07:26:59Z	e33bd5d	70-tests-registry-sync	0
all-runs	2026-09-20T07:27:15Z	e33bd5d	80-lane-instrument-selftests	0
all-runs	2026-09-20T07:27:15Z	e33bd5d	85-promotion-contract	0
all-runs	2026-09-20T07:27:15Z	e33bd5d	90-sidecar-verifier-wrapper	0
all-runs	2026-09-20T07:27:16Z	e33bd5d	95-numerals-ratchet	0
all-runs	2026-09-20T07:27:16Z	e33bd5d	96-verdict-status-agreement	0
all-runs	2026-09-20T07:27:16Z	e33bd5d	97-readme-counts	0
all-runs	2026-09-20T07:28:51Z	8f03d23	10-fixture-integrity	0
all-runs	2026-09-20T07:28:51Z	8f03d23	20-receipt-freshness	0
all-runs	2026-09-20T07:28:51Z	8f03d23	30-no-secrets	0
all-runs	2026-09-20T07:28:52Z	8f03d23	40-omp-compact-replay	0
all-runs	2026-09-20T07:28:53Z	8f03d23	50-house-gates	0
all-runs	2026-09-20T07:28:56Z	8f03d23	60-staged-deletion-lane	0
all-runs	2026-09-20T07:28:57Z	8f03d23	70-tests-registry-sync	0
all-runs	2026-09-20T07:29:13Z	8f03d23	80-lane-instrument-selftests	0
all-runs	2026-09-20T07:29:13Z	8f03d23	85-promotion-contract	0
all-runs	2026-09-20T07:29:13Z	8f03d23	90-sidecar-verifier-wrapper	0
all-runs	2026-09-20T07:29:13Z	8f03d23	95-numerals-ratchet	0
all-runs	2026-09-20T07:29:13Z	8f03d23	96-verdict-status-agreement	0
all-runs	2026-09-20T07:29:13Z	8f03d23	97-readme-counts	0
all-runs	2026-09-20T07:43:28Z	2d96ac6	10-fixture-integrity	0
all-runs	2026-09-20T07:43:28Z	2d96ac6	20-receipt-freshness	0
all-runs	2026-09-20T07:43:28Z	2d96ac6	30-no-secrets	0
all-runs	2026-09-20T07:43:29Z	2d96ac6	40-omp-compact-replay	0
all-runs	2026-09-20T07:43:30Z	2d96ac6	50-house-gates	0
all-runs	2026-09-20T07:43:33Z	2d96ac6	60-staged-deletion-lane	0
all-runs	2026-09-20T07:43:33Z	2d96ac6	70-tests-registry-sync	0
all-runs	2026-09-20T07:43:51Z	2d96ac6	80-lane-instrument-selftests	0
all-runs	2026-09-20T07:43:51Z	2d96ac6	85-promotion-contract	0
all-runs	2026-09-20T07:43:51Z	2d96ac6	90-sidecar-verifier-wrapper	0
all-runs	2026-09-20T07:43:52Z	2d96ac6	95-numerals-ratchet	0
all-runs	2026-09-20T07:43:52Z	2d96ac6	96-verdict-status-agreement	0
all-runs	2026-09-20T07:43:52Z	2d96ac6	97-readme-counts	0
all-runs	2026-09-20T08:00:31Z	ed0b2b4	10-fixture-integrity	0
all-runs	2026-09-20T08:00:31Z	ed0b2b4	20-receipt-freshness	0
all-runs	2026-09-20T08:00:31Z	ed0b2b4	30-no-secrets	0
all-runs	2026-09-20T08:00:32Z	ed0b2b4	40-omp-compact-replay	0
all-runs	2026-09-20T08:00:32Z	ed0b2b4	50-house-gates	0
all-runs	2026-09-20T08:00:37Z	ed0b2b4	60-staged-deletion-lane	0
all-runs	2026-09-20T08:00:37Z	ed0b2b4	70-tests-registry-sync	0
all-runs	2026-09-20T08:00:53Z	ed0b2b4	80-lane-instrument-selftests	0
all-runs	2026-09-20T08:00:53Z	ed0b2b4	85-promotion-contract	0
all-runs	2026-09-20T08:00:54Z	ed0b2b4	90-sidecar-verifier-wrapper	0
all-runs	2026-09-20T08:00:54Z	ed0b2b4	95-numerals-ratchet	0
all-runs	2026-09-20T08:00:54Z	ed0b2b4	96-verdict-status-agreement	0
all-runs	2026-09-20T08:00:54Z	ed0b2b4	97-readme-counts	0
all-runs	2026-09-20T08:01:12Z	ed0b2b4	10-fixture-integrity	0
all-runs	2026-09-20T08:01:12Z	ed0b2b4	20-receipt-freshness	0
all-runs	2026-09-20T08:01:12Z	ed0b2b4	30-no-secrets	0
all-runs	2026-09-20T08:01:13Z	ed0b2b4	40-omp-compact-replay	0
all-runs	2026-09-20T08:01:13Z	ed0b2b4	50-house-gates	0
all-runs	2026-09-20T08:01:17Z	ed0b2b4	60-staged-deletion-lane	0
all-runs	2026-09-20T08:01:17Z	ed0b2b4	70-tests-registry-sync	0
all-runs	2026-09-20T08:01:34Z	ed0b2b4	80-lane-instrument-selftests	0
all-runs	2026-09-20T08:01:34Z	ed0b2b4	85-promotion-contract	0
all-runs	2026-09-20T08:01:34Z	ed0b2b4	90-sidecar-verifier-wrapper	0
all-runs	2026-09-20T08:01:34Z	ed0b2b4	95-numerals-ratchet	0
all-runs	2026-09-20T08:01:34Z	ed0b2b4	96-verdict-status-agreement	0
all-runs	2026-09-20T08:01:34Z	ed0b2b4	97-readme-counts	0
all-runs	2026-09-20T08:02:10Z	ed0b2b4	10-fixture-integrity	0
all-runs	2026-09-20T08:02:10Z	ed0b2b4	20-receipt-freshness	0
all-runs	2026-09-20T08:02:10Z	ed0b2b4	30-no-secrets	0
all-runs	2026-09-20T08:02:11Z	ed0b2b4	40-omp-compact-replay	0
all-runs	2026-09-20T08:02:11Z	ed0b2b4	50-house-gates	0
all-runs	2026-09-20T08:02:15Z	ed0b2b4	60-staged-deletion-lane	0
all-runs	2026-09-20T08:02:15Z	ed0b2b4	70-tests-registry-sync	0
all-runs	2026-09-20T08:02:31Z	ed0b2b4	80-lane-instrument-selftests	0
all-runs	2026-09-20T08:02:32Z	ed0b2b4	85-promotion-contract	0
all-runs	2026-09-20T08:02:32Z	ed0b2b4	90-sidecar-verifier-wrapper	0
all-runs	2026-09-20T08:02:32Z	ed0b2b4	95-numerals-ratchet	0
all-runs	2026-09-20T08:02:32Z	ed0b2b4	96-verdict-status-agreement	0
all-runs	2026-09-20T08:02:32Z	ed0b2b4	97-readme-counts	0
all-runs	2026-09-20T08:04:11Z	ed0b2b4	10-fixture-integrity	0
all-runs	2026-09-20T08:04:11Z	ed0b2b4	20-receipt-freshness	0
all-runs	2026-09-20T08:04:11Z	ed0b2b4	30-no-secrets	0
all-runs	2026-09-20T08:04:12Z	ed0b2b4	40-omp-compact-replay	0
all-runs	2026-09-20T08:04:13Z	ed0b2b4	50-house-gates	0
all-runs	2026-09-20T08:04:16Z	ed0b2b4	60-staged-deletion-lane	0
all-runs	2026-09-20T08:04:16Z	ed0b2b4	70-tests-registry-sync	0
all-runs	2026-09-20T08:04:33Z	ed0b2b4	80-lane-instrument-selftests	0
all-runs	2026-09-20T08:04:33Z	ed0b2b4	85-promotion-contract	0
all-runs	2026-09-20T08:04:33Z	ed0b2b4	90-sidecar-verifier-wrapper	0
all-runs	2026-09-20T08:04:33Z	ed0b2b4	95-numerals-ratchet	0
all-runs	2026-09-20T08:04:33Z	ed0b2b4	96-verdict-status-agreement	0
all-runs	2026-09-20T08:04:33Z	ed0b2b4	97-readme-counts	0
all-runs	2026-09-20T08:05:47Z	ed0b2b4	10-fixture-integrity	0
all-runs	2026-09-20T08:05:47Z	ed0b2b4	20-receipt-freshness	0
all-runs	2026-09-20T08:05:47Z	ed0b2b4	30-no-secrets	0
all-runs	2026-09-20T08:05:48Z	ed0b2b4	40-omp-compact-replay	0
all-runs	2026-09-20T08:05:48Z	ed0b2b4	50-house-gates	0
all-runs	2026-09-20T08:05:52Z	ed0b2b4	60-staged-deletion-lane	0
all-runs	2026-09-20T08:05:52Z	ed0b2b4	70-tests-registry-sync	0
all-runs	2026-09-20T08:06:08Z	ed0b2b4	80-lane-instrument-selftests	0
all-runs	2026-09-20T08:06:08Z	ed0b2b4	85-promotion-contract	0
all-runs	2026-09-20T08:06:08Z	ed0b2b4	90-sidecar-verifier-wrapper	0
all-runs	2026-09-20T08:06:08Z	ed0b2b4	95-numerals-ratchet	0
all-runs	2026-09-20T08:06:09Z	ed0b2b4	96-verdict-status-agreement	0
all-runs	2026-09-20T08:06:09Z	ed0b2b4	97-readme-counts	0
all-runs	2026-09-20T08:07:12Z	6e979d9	10-fixture-integrity	0
all-runs	2026-09-20T08:07:12Z	6e979d9	20-receipt-freshness	0
all-runs	2026-09-20T08:07:12Z	6e979d9	30-no-secrets	0
all-runs	2026-09-20T08:07:13Z	6e979d9	40-omp-compact-replay	0
all-runs	2026-09-20T08:07:14Z	6e979d9	50-house-gates	0
all-runs	2026-09-20T08:07:17Z	6e979d9	60-staged-deletion-lane	0
all-runs	2026-09-20T08:07:17Z	6e979d9	70-tests-registry-sync	0
all-runs	2026-09-20T08:07:33Z	6e979d9	80-lane-instrument-selftests	0
all-runs	2026-09-20T08:07:34Z	6e979d9	85-promotion-contract	0
all-runs	2026-09-20T08:07:34Z	6e979d9	90-sidecar-verifier-wrapper	0
all-runs	2026-09-20T08:07:34Z	6e979d9	95-numerals-ratchet	0
all-runs	2026-09-20T08:07:34Z	6e979d9	96-verdict-status-agreement	0
all-runs	2026-09-20T08:07:34Z	6e979d9	97-readme-counts	0
all-runs	2026-09-20T08:24:55Z	6e979d9	10-fixture-integrity	0
all-runs	2026-09-20T08:24:55Z	6e979d9	20-receipt-freshness	0
all-runs	2026-09-20T08:24:55Z	6e979d9	30-no-secrets	0
all-runs	2026-09-20T08:24:56Z	6e979d9	40-omp-compact-replay	0
all-runs	2026-09-20T08:24:56Z	6e979d9	50-house-gates	0
all-runs	2026-09-20T08:25:00Z	6e979d9	60-staged-deletion-lane	0
all-runs	2026-09-20T08:25:00Z	6e979d9	70-tests-registry-sync	0
all-runs	2026-09-20T08:25:17Z	6e979d9	80-lane-instrument-selftests	0
all-runs	2026-09-20T08:25:17Z	6e979d9	85-promotion-contract	0
all-runs	2026-09-20T08:25:17Z	6e979d9	90-sidecar-verifier-wrapper	0
all-runs	2026-09-20T08:25:17Z	6e979d9	95-numerals-ratchet	0
all-runs	2026-09-20T08:25:17Z	6e979d9	96-verdict-status-agreement	0
all-runs	2026-09-20T08:25:17Z	6e979d9	97-readme-counts	0
all-runs	2026-09-20T08:41:37Z	f128ce3	10-fixture-integrity	0
all-runs	2026-09-20T08:41:37Z	f128ce3	20-receipt-freshness	0
all-runs	2026-09-20T08:41:37Z	f128ce3	30-no-secrets	0
all-runs	2026-09-20T08:41:38Z	f128ce3	40-omp-compact-replay	0
all-runs	2026-09-20T08:41:39Z	f128ce3	50-house-gates	0
all-runs	2026-09-20T08:41:42Z	f128ce3	60-staged-deletion-lane	0
all-runs	2026-09-20T08:41:42Z	f128ce3	70-tests-registry-sync	0
all-runs	2026-09-20T08:42:00Z	f128ce3	80-lane-instrument-selftests	0
all-runs	2026-09-20T08:42:01Z	f128ce3	85-promotion-contract	0
all-runs	2026-09-20T08:42:01Z	f128ce3	90-sidecar-verifier-wrapper	0
all-runs	2026-09-20T08:42:01Z	f128ce3	95-numerals-ratchet	0
all-runs	2026-09-20T08:42:01Z	f128ce3	96-verdict-status-agreement	0
all-runs	2026-09-20T08:42:01Z	f128ce3	97-readme-counts	0
all-runs	2026-09-20T09:00:56Z	916142a	10-fixture-integrity	0
all-runs	2026-09-20T09:00:56Z	916142a	20-receipt-freshness	0
all-runs	2026-09-20T09:00:56Z	916142a	30-no-secrets	0
all-runs	2026-09-20T09:00:57Z	916142a	40-omp-compact-replay	0
all-runs	2026-09-20T09:00:58Z	916142a	50-house-gates	0
all-runs	2026-09-20T09:01:01Z	916142a	60-staged-deletion-lane	0
all-runs	2026-09-20T09:01:01Z	916142a	70-tests-registry-sync	0
all-runs	2026-09-20T09:01:19Z	916142a	80-lane-instrument-selftests	0
all-runs	2026-09-20T09:01:19Z	916142a	85-promotion-contract	0
all-runs	2026-09-20T09:01:19Z	916142a	90-sidecar-verifier-wrapper	0
all-runs	2026-09-20T09:01:20Z	916142a	95-numerals-ratchet	0
all-runs	2026-09-20T09:01:20Z	916142a	96-verdict-status-agreement	0
all-runs	2026-09-20T09:01:20Z	916142a	97-readme-counts	0
all-runs	2026-09-20T09:11:54Z	9193b66	10-fixture-integrity	0
all-runs	2026-09-20T09:11:54Z	9193b66	20-receipt-freshness	0
all-runs	2026-09-20T09:11:54Z	9193b66	30-no-secrets	0
all-runs	2026-09-20T09:11:55Z	9193b66	40-omp-compact-replay	0
all-runs	2026-09-20T09:11:55Z	9193b66	50-house-gates	0
all-runs	2026-09-20T09:12:00Z	9193b66	60-staged-deletion-lane	0
all-runs	2026-09-20T09:12:00Z	9193b66	70-tests-registry-sync	0
all-runs	2026-09-20T09:12:17Z	9193b66	80-lane-instrument-selftests	0
all-runs	2026-09-20T09:12:17Z	9193b66	85-promotion-contract	0
all-runs	2026-09-20T09:12:17Z	9193b66	90-sidecar-verifier-wrapper	0
all-runs	2026-09-20T09:12:17Z	9193b66	95-numerals-ratchet	0
all-runs	2026-09-20T09:12:17Z	9193b66	96-verdict-status-agreement	0
all-runs	2026-09-20T09:12:17Z	9193b66	97-readme-counts	0
all-runs	2026-09-20T09:20:59Z	013cf99	10-fixture-integrity	0
all-runs	2026-09-20T09:20:59Z	013cf99	20-receipt-freshness	0
all-runs	2026-09-20T09:20:59Z	013cf99	30-no-secrets	0
all-runs	2026-09-20T09:21:00Z	013cf99	40-omp-compact-replay	0
all-runs	2026-09-20T09:21:00Z	013cf99	50-house-gates	0
all-runs	2026-09-20T09:21:04Z	013cf99	60-staged-deletion-lane	0
all-runs	2026-09-20T09:21:04Z	013cf99	70-tests-registry-sync	0
all-runs	2026-09-20T09:21:21Z	013cf99	80-lane-instrument-selftests	0
all-runs	2026-09-20T09:21:22Z	013cf99	85-promotion-contract	0
all-runs	2026-09-20T09:21:22Z	013cf99	90-sidecar-verifier-wrapper	0
all-runs	2026-09-20T09:21:22Z	013cf99	95-numerals-ratchet	0
all-runs	2026-09-20T09:21:22Z	013cf99	96-verdict-status-agreement	0
all-runs	2026-09-20T09:21:22Z	013cf99	97-readme-counts	0
all-runs	2026-09-20T09:38:17Z	bc241fd	10-fixture-integrity	0
all-runs	2026-09-20T09:38:17Z	bc241fd	20-receipt-freshness	0
all-runs	2026-09-20T09:38:17Z	bc241fd	30-no-secrets	0
all-runs	2026-09-20T09:38:18Z	bc241fd	40-omp-compact-replay	0
all-runs	2026-09-20T09:38:18Z	bc241fd	50-house-gates	0
all-runs	2026-09-20T09:38:23Z	bc241fd	60-staged-deletion-lane	0
all-runs	2026-09-20T09:38:23Z	bc241fd	70-tests-registry-sync	0
all-runs	2026-09-20T09:38:39Z	bc241fd	80-lane-instrument-selftests	0
all-runs	2026-09-20T09:38:40Z	bc241fd	85-promotion-contract	0
all-runs	2026-09-20T09:38:40Z	bc241fd	90-sidecar-verifier-wrapper	0
all-runs	2026-09-20T09:38:40Z	bc241fd	95-numerals-ratchet	0
all-runs	2026-09-20T09:38:40Z	bc241fd	96-verdict-status-agreement	0
all-runs	2026-09-20T09:38:40Z	bc241fd	97-readme-counts	0
all-runs	2026-09-20T09:41:41Z	3c47a2c	10-fixture-integrity	0
all-runs	2026-09-20T09:41:41Z	3c47a2c	20-receipt-freshness	0
all-runs	2026-09-20T09:41:41Z	3c47a2c	30-no-secrets	0
all-runs	2026-09-20T09:41:42Z	3c47a2c	40-omp-compact-replay	0
all-runs	2026-09-20T09:41:43Z	3c47a2c	50-house-gates	0
all-runs	2026-09-20T09:41:47Z	3c47a2c	60-staged-deletion-lane	0
all-runs	2026-09-20T09:41:47Z	3c47a2c	70-tests-registry-sync	0
all-runs	2026-09-20T09:42:04Z	3c47a2c	80-lane-instrument-selftests	0
all-runs	2026-09-20T09:42:04Z	3c47a2c	85-promotion-contract	0
all-runs	2026-09-20T09:42:04Z	3c47a2c	90-sidecar-verifier-wrapper	0
all-runs	2026-09-20T09:42:04Z	3c47a2c	95-numerals-ratchet	0
all-runs	2026-09-20T09:42:04Z	3c47a2c	96-verdict-status-agreement	0
all-runs	2026-09-20T09:42:05Z	3c47a2c	97-readme-counts	0
all-runs	2026-09-20T10:01:55Z	e17bdb5	10-fixture-integrity	0
all-runs	2026-09-20T10:01:55Z	e17bdb5	20-receipt-freshness	0
all-runs	2026-09-20T10:01:55Z	e17bdb5	30-no-secrets	0
all-runs	2026-09-20T10:01:56Z	e17bdb5	40-omp-compact-replay	0
all-runs	2026-09-20T10:01:56Z	e17bdb5	50-house-gates	0
all-runs	2026-09-20T10:01:59Z	e17bdb5	60-staged-deletion-lane	0
all-runs	2026-09-20T10:01:59Z	e17bdb5	70-tests-registry-sync	0
all-runs	2026-09-20T10:02:17Z	e17bdb5	80-lane-instrument-selftests	0
all-runs	2026-09-20T10:02:17Z	e17bdb5	85-promotion-contract	0
all-runs	2026-09-20T10:02:17Z	e17bdb5	90-sidecar-verifier-wrapper	0
all-runs	2026-09-20T10:02:17Z	e17bdb5	95-numerals-ratchet	0
all-runs	2026-09-20T10:02:17Z	e17bdb5	96-verdict-status-agreement	0
all-runs	2026-09-20T10:02:17Z	e17bdb5	97-readme-counts	0
all-runs	2026-09-20T10:08:48Z	7f03758	10-fixture-integrity	0
all-runs	2026-09-20T10:08:48Z	7f03758	20-receipt-freshness	0
all-runs	2026-09-20T10:08:48Z	7f03758	30-no-secrets	0
all-runs	2026-09-20T10:08:49Z	7f03758	40-omp-compact-replay	0
all-runs	2026-09-20T10:08:50Z	7f03758	50-house-gates	0
all-runs	2026-09-20T10:08:55Z	7f03758	60-staged-deletion-lane	0
all-runs	2026-09-20T10:08:55Z	7f03758	70-tests-registry-sync	0
all-runs	2026-09-20T10:09:12Z	7f03758	80-lane-instrument-selftests	0
all-runs	2026-09-20T10:09:12Z	7f03758	85-promotion-contract	0
all-runs	2026-09-20T10:09:12Z	7f03758	90-sidecar-verifier-wrapper	0
all-runs	2026-09-20T10:09:12Z	7f03758	95-numerals-ratchet	0
all-runs	2026-09-20T10:09:12Z	7f03758	96-verdict-status-agreement	0
all-runs	2026-09-20T10:09:12Z	7f03758	97-readme-counts	0
all-runs	2026-09-20T10:17:20Z	abc23aa	10-fixture-integrity	0
all-runs	2026-09-20T10:17:20Z	abc23aa	20-receipt-freshness	0
all-runs	2026-09-20T10:17:20Z	abc23aa	30-no-secrets	0
all-runs	2026-09-20T10:17:21Z	abc23aa	40-omp-compact-replay	0
all-runs	2026-09-20T10:17:22Z	abc23aa	50-house-gates	0
all-runs	2026-09-20T10:17:25Z	abc23aa	60-staged-deletion-lane	0
all-runs	2026-09-20T10:17:25Z	abc23aa	70-tests-registry-sync	0
all-runs	2026-09-20T10:17:42Z	abc23aa	80-lane-instrument-selftests	0
all-runs	2026-09-20T10:17:43Z	abc23aa	85-promotion-contract	0
all-runs	2026-09-20T10:17:43Z	abc23aa	90-sidecar-verifier-wrapper	0
all-runs	2026-09-20T10:17:43Z	abc23aa	95-numerals-ratchet	0
all-runs	2026-09-20T10:17:43Z	abc23aa	96-verdict-status-agreement	0
all-runs	2026-09-20T10:17:43Z	abc23aa	97-readme-counts	0
all-runs	2026-09-20T10:21:19Z	59e6846	10-fixture-integrity	0
all-runs	2026-09-20T10:21:19Z	59e6846	20-receipt-freshness	0
all-runs	2026-09-20T10:21:19Z	59e6846	30-no-secrets	0
all-runs	2026-09-20T10:21:20Z	59e6846	40-omp-compact-replay	0
all-runs	2026-09-20T10:21:20Z	59e6846	50-house-gates	0
all-runs	2026-09-20T10:21:24Z	59e6846	60-staged-deletion-lane	0
all-runs	2026-09-20T10:21:24Z	59e6846	70-tests-registry-sync	0
all-runs	2026-09-20T10:21:41Z	59e6846	80-lane-instrument-selftests	0
all-runs	2026-09-20T10:21:41Z	59e6846	85-promotion-contract	0
all-runs	2026-09-20T10:21:41Z	59e6846	90-sidecar-verifier-wrapper	0
all-runs	2026-09-20T10:21:42Z	59e6846	95-numerals-ratchet	0
all-runs	2026-09-20T10:21:42Z	59e6846	96-verdict-status-agreement	0
all-runs	2026-09-20T10:21:42Z	59e6846	97-readme-counts	0
all-runs	2026-09-20T10:26:13Z	da209da	10-fixture-integrity	0
all-runs	2026-09-20T10:26:13Z	da209da	20-receipt-freshness	0
all-runs	2026-09-20T10:26:14Z	da209da	30-no-secrets	0
all-runs	2026-09-20T10:26:15Z	da209da	40-omp-compact-replay	0
all-runs	2026-09-20T10:26:15Z	da209da	50-house-gates	0
all-runs	2026-09-20T10:26:19Z	da209da	60-staged-deletion-lane	0
all-runs	2026-09-20T10:26:19Z	da209da	70-tests-registry-sync	0
all-runs	2026-09-20T10:26:36Z	da209da	80-lane-instrument-selftests	0
all-runs	2026-09-20T10:26:36Z	da209da	85-promotion-contract	0
all-runs	2026-09-20T10:26:36Z	da209da	90-sidecar-verifier-wrapper	0
all-runs	2026-09-20T10:26:36Z	da209da	95-numerals-ratchet	0
all-runs	2026-09-20T10:26:36Z	da209da	96-verdict-status-agreement	0
all-runs	2026-09-20T10:26:36Z	da209da	97-readme-counts	0
all-runs	2026-09-20T10:41:10Z	982f65a	10-fixture-integrity	0
all-runs	2026-09-20T10:41:10Z	982f65a	20-receipt-freshness	0
all-runs	2026-09-20T10:41:11Z	982f65a	30-no-secrets	0
all-runs	2026-09-20T10:41:12Z	982f65a	40-omp-compact-replay	0
all-runs	2026-09-20T10:41:12Z	982f65a	50-house-gates	0
all-runs	2026-09-20T10:41:16Z	982f65a	60-staged-deletion-lane	0
all-runs	2026-09-20T10:41:16Z	982f65a	70-tests-registry-sync	0
all-runs	2026-09-20T10:41:33Z	982f65a	80-lane-instrument-selftests	0
all-runs	2026-09-20T10:41:33Z	982f65a	85-promotion-contract	0
all-runs	2026-09-20T10:41:33Z	982f65a	90-sidecar-verifier-wrapper	0
all-runs	2026-09-20T10:41:33Z	982f65a	95-numerals-ratchet	0
all-runs	2026-09-20T10:41:33Z	982f65a	96-verdict-status-agreement	0
all-runs	2026-09-20T10:41:33Z	982f65a	97-readme-counts	0
all-runs	2026-09-20T11:02:14Z	2c12df3	10-fixture-integrity	0
all-runs	2026-09-20T11:02:15Z	2c12df3	20-receipt-freshness	0
all-runs	2026-09-20T11:02:15Z	2c12df3	30-no-secrets	0
all-runs	2026-09-20T11:02:16Z	2c12df3	40-omp-compact-replay	0
all-runs	2026-09-20T11:02:16Z	2c12df3	50-house-gates	0
all-runs	2026-09-20T11:02:20Z	2c12df3	60-staged-deletion-lane	0
all-runs	2026-09-20T11:02:20Z	2c12df3	70-tests-registry-sync	0
all-runs	2026-09-20T11:02:37Z	2c12df3	80-lane-instrument-selftests	0
all-runs	2026-09-20T11:02:37Z	2c12df3	85-promotion-contract	0
all-runs	2026-09-20T11:02:37Z	2c12df3	90-sidecar-verifier-wrapper	0
all-runs	2026-09-20T11:02:37Z	2c12df3	95-numerals-ratchet	0
all-runs	2026-09-20T11:02:37Z	2c12df3	96-verdict-status-agreement	0
all-runs	2026-09-20T11:02:37Z	2c12df3	97-readme-counts	0
all-runs	2026-09-20T11:22:40Z	0f050b3	10-fixture-integrity	0
all-runs	2026-09-20T11:22:40Z	0f050b3	20-receipt-freshness	0
all-runs	2026-09-20T11:22:40Z	0f050b3	30-no-secrets	0
all-runs	2026-09-20T11:22:41Z	0f050b3	40-omp-compact-replay	0
all-runs	2026-09-20T11:22:41Z	0f050b3	50-house-gates	0
all-runs	2026-09-20T11:22:44Z	0f050b3	60-staged-deletion-lane	0
all-runs	2026-09-20T11:22:44Z	0f050b3	70-tests-registry-sync	0
all-runs	2026-09-20T11:23:01Z	0f050b3	80-lane-instrument-selftests	0
all-runs	2026-09-20T11:23:02Z	0f050b3	85-promotion-contract	0
all-runs	2026-09-20T11:23:02Z	0f050b3	90-sidecar-verifier-wrapper	0
all-runs	2026-09-20T11:23:02Z	0f050b3	95-numerals-ratchet	0
all-runs	2026-09-20T11:23:02Z	0f050b3	96-verdict-status-agreement	0
all-runs	2026-09-20T11:23:02Z	0f050b3	97-readme-counts	0
all-runs	2026-09-20T11:41:04Z	3b156a2	10-fixture-integrity	0
all-runs	2026-09-20T11:41:04Z	3b156a2	20-receipt-freshness	0
all-runs	2026-09-20T11:41:04Z	3b156a2	30-no-secrets	0
all-runs	2026-09-20T11:41:05Z	3b156a2	40-omp-compact-replay	0
all-runs	2026-09-20T11:41:06Z	3b156a2	50-house-gates	0
all-runs	2026-09-20T11:41:10Z	3b156a2	60-staged-deletion-lane	0
all-runs	2026-09-20T11:41:10Z	3b156a2	70-tests-registry-sync	0
all-runs	2026-09-20T11:41:27Z	3b156a2	80-lane-instrument-selftests	0
all-runs	2026-09-20T11:41:27Z	3b156a2	85-promotion-contract	0
all-runs	2026-09-20T11:41:27Z	3b156a2	90-sidecar-verifier-wrapper	0
all-runs	2026-09-20T11:41:27Z	3b156a2	95-numerals-ratchet	0
all-runs	2026-09-20T11:41:28Z	3b156a2	96-verdict-status-agreement	0
all-runs	2026-09-20T11:41:28Z	3b156a2	97-readme-counts	0
all-runs	2026-09-20T11:57:37Z	7700540	10-fixture-integrity	0
all-runs	2026-09-20T11:57:37Z	7700540	20-receipt-freshness	0
all-runs	2026-09-20T11:57:37Z	7700540	30-no-secrets	0
all-runs	2026-09-20T11:57:38Z	7700540	40-omp-compact-replay	0
all-runs	2026-09-20T11:57:39Z	7700540	50-house-gates	0
all-runs	2026-09-20T11:57:42Z	7700540	60-staged-deletion-lane	0
all-runs	2026-09-20T11:57:42Z	7700540	70-tests-registry-sync	0
all-runs	2026-09-20T11:57:58Z	7700540	80-lane-instrument-selftests	0
all-runs	2026-09-20T11:57:58Z	7700540	85-promotion-contract	0
all-runs	2026-09-20T11:57:58Z	7700540	90-sidecar-verifier-wrapper	0
all-runs	2026-09-20T11:57:59Z	7700540	95-numerals-ratchet	0
all-runs	2026-09-20T11:57:59Z	7700540	96-verdict-status-agreement	0
all-runs	2026-09-20T11:57:59Z	7700540	97-readme-counts	0
all-runs	2026-09-20T12:01:13Z	a75c7a5	10-fixture-integrity	0
all-runs	2026-09-20T12:01:13Z	a75c7a5	20-receipt-freshness	0
all-runs	2026-09-20T12:01:13Z	a75c7a5	30-no-secrets	0
all-runs	2026-09-20T12:01:14Z	a75c7a5	40-omp-compact-replay	0
all-runs	2026-09-20T12:01:14Z	a75c7a5	50-house-gates	0
all-runs	2026-09-20T12:01:17Z	a75c7a5	60-staged-deletion-lane	0
all-runs	2026-09-20T12:01:17Z	a75c7a5	70-tests-registry-sync	0
all-runs	2026-09-20T12:01:35Z	a75c7a5	80-lane-instrument-selftests	0
all-runs	2026-09-20T12:01:35Z	a75c7a5	85-promotion-contract	0
all-runs	2026-09-20T12:01:35Z	a75c7a5	90-sidecar-verifier-wrapper	0
all-runs	2026-09-20T12:01:35Z	a75c7a5	95-numerals-ratchet	0
all-runs	2026-09-20T12:01:35Z	a75c7a5	96-verdict-status-agreement	0
all-runs	2026-09-20T12:01:35Z	a75c7a5	97-readme-counts	0
all-runs	2026-09-20T12:21:19Z	638ec15	10-fixture-integrity	0
all-runs	2026-09-20T12:21:19Z	638ec15	20-receipt-freshness	0
all-runs	2026-09-20T12:21:19Z	638ec15	30-no-secrets	0
all-runs	2026-09-20T12:21:20Z	638ec15	40-omp-compact-replay	0
all-runs	2026-09-20T12:21:21Z	638ec15	50-house-gates	0
all-runs	2026-09-20T12:21:24Z	638ec15	60-staged-deletion-lane	0
all-runs	2026-09-20T12:21:24Z	638ec15	70-tests-registry-sync	0
all-runs	2026-09-20T12:21:41Z	638ec15	80-lane-instrument-selftests	0
all-runs	2026-09-20T12:21:41Z	638ec15	85-promotion-contract	0
all-runs	2026-09-20T12:21:41Z	638ec15	90-sidecar-verifier-wrapper	0
all-runs	2026-09-20T12:21:41Z	638ec15	95-numerals-ratchet	0
all-runs	2026-09-20T12:21:41Z	638ec15	96-verdict-status-agreement	0
all-runs	2026-09-20T12:21:42Z	638ec15	97-readme-counts	0
all-runs	2026-09-20T12:40:52Z	d379d9a	10-fixture-integrity	0
all-runs	2026-09-20T12:40:52Z	d379d9a	20-receipt-freshness	0
all-runs	2026-09-20T12:40:52Z	d379d9a	30-no-secrets	0
all-runs	2026-09-20T12:40:53Z	d379d9a	40-omp-compact-replay	0
all-runs	2026-09-20T12:40:53Z	d379d9a	50-house-gates	0
all-runs	2026-09-20T12:40:57Z	d379d9a	60-staged-deletion-lane	0
all-runs	2026-09-20T12:40:57Z	d379d9a	70-tests-registry-sync	0
all-runs	2026-09-20T12:41:15Z	d379d9a	80-lane-instrument-selftests	0
all-runs	2026-09-20T12:41:15Z	d379d9a	85-promotion-contract	0
all-runs	2026-09-20T12:41:15Z	d379d9a	90-sidecar-verifier-wrapper	0
all-runs	2026-09-20T12:41:15Z	d379d9a	95-numerals-ratchet	0
all-runs	2026-09-20T12:41:16Z	d379d9a	96-verdict-status-agreement	0
all-runs	2026-09-20T12:41:16Z	d379d9a	97-readme-counts	0
all-runs	2026-09-20T12:48:51Z	e44c338	10-fixture-integrity	0
all-runs	2026-09-20T12:48:51Z	e44c338	20-receipt-freshness	0
all-runs	2026-09-20T12:48:51Z	e44c338	30-no-secrets	0
all-runs	2026-09-20T12:48:52Z	e44c338	40-omp-compact-replay	0
all-runs	2026-09-20T12:48:52Z	e44c338	50-house-gates	0
all-runs	2026-09-20T12:48:57Z	e44c338	60-staged-deletion-lane	0
all-runs	2026-09-20T12:48:57Z	e44c338	70-tests-registry-sync	0
all-runs	2026-09-20T12:49:14Z	e44c338	80-lane-instrument-selftests	0
all-runs	2026-09-20T12:49:15Z	e44c338	85-promotion-contract	0
all-runs	2026-09-20T12:49:15Z	e44c338	90-sidecar-verifier-wrapper	0
all-runs	2026-09-20T12:49:15Z	e44c338	95-numerals-ratchet	0
all-runs	2026-09-20T12:49:15Z	e44c338	96-verdict-status-agreement	0
all-runs	2026-09-20T12:49:15Z	e44c338	97-readme-counts	0
all-runs	2026-09-20T13:00:52Z	02a05f6	10-fixture-integrity	0
all-runs	2026-09-20T13:00:52Z	02a05f6	20-receipt-freshness	0
all-runs	2026-09-20T13:00:52Z	02a05f6	30-no-secrets	0
all-runs	2026-09-20T13:00:54Z	02a05f6	40-omp-compact-replay	0
all-runs	2026-09-20T13:00:54Z	02a05f6	50-house-gates	0
all-runs	2026-09-20T13:00:57Z	02a05f6	60-staged-deletion-lane	0
all-runs	2026-09-20T13:00:57Z	02a05f6	70-tests-registry-sync	0
all-runs	2026-09-20T13:01:15Z	02a05f6	80-lane-instrument-selftests	0
all-runs	2026-09-20T13:01:15Z	02a05f6	85-promotion-contract	0
all-runs	2026-09-20T13:01:15Z	02a05f6	90-sidecar-verifier-wrapper	0
all-runs	2026-09-20T13:01:15Z	02a05f6	95-numerals-ratchet	0
all-runs	2026-09-20T13:01:15Z	02a05f6	96-verdict-status-agreement	0
all-runs	2026-09-20T13:01:15Z	02a05f6	97-readme-counts	0
all-runs	2026-09-20T13:20:49Z	2bee6f8	10-fixture-integrity	0
all-runs	2026-09-20T13:20:49Z	2bee6f8	20-receipt-freshness	0
all-runs	2026-09-20T13:20:49Z	2bee6f8	30-no-secrets	0
all-runs	2026-09-20T13:20:50Z	2bee6f8	40-omp-compact-replay	0
all-runs	2026-09-20T13:20:51Z	2bee6f8	50-house-gates	0
all-runs	2026-09-20T13:20:54Z	2bee6f8	60-staged-deletion-lane	0
all-runs	2026-09-20T13:20:55Z	2bee6f8	70-tests-registry-sync	0
all-runs	2026-09-20T13:21:11Z	2bee6f8	80-lane-instrument-selftests	0
all-runs	2026-09-20T13:21:11Z	2bee6f8	85-promotion-contract	0
all-runs	2026-09-20T13:21:11Z	2bee6f8	90-sidecar-verifier-wrapper	0
all-runs	2026-09-20T13:21:12Z	2bee6f8	95-numerals-ratchet	0
all-runs	2026-09-20T13:21:12Z	2bee6f8	96-verdict-status-agreement	0
all-runs	2026-09-20T13:21:12Z	2bee6f8	97-readme-counts	0
all-runs	2026-09-20T13:25:15Z	cf48df9	10-fixture-integrity	0
all-runs	2026-09-20T13:25:15Z	cf48df9	20-receipt-freshness	0
all-runs	2026-09-20T13:25:15Z	cf48df9	30-no-secrets	0
all-runs	2026-09-20T13:25:16Z	cf48df9	40-omp-compact-replay	0
all-runs	2026-09-20T13:25:17Z	cf48df9	50-house-gates	0
all-runs	2026-09-20T13:25:20Z	cf48df9	60-staged-deletion-lane	0
all-runs	2026-09-20T13:25:21Z	cf48df9	70-tests-registry-sync	0
all-runs	2026-09-20T13:25:37Z	cf48df9	80-lane-instrument-selftests	0
all-runs	2026-09-20T13:25:37Z	cf48df9	85-promotion-contract	0
all-runs	2026-09-20T13:25:37Z	cf48df9	90-sidecar-verifier-wrapper	0
all-runs	2026-09-20T13:25:38Z	cf48df9	95-numerals-ratchet	0
all-runs	2026-09-20T13:25:38Z	cf48df9	96-verdict-status-agreement	0
all-runs	2026-09-20T13:25:38Z	cf48df9	97-readme-counts	0
all-runs	2026-09-20T13:42:18Z	8a50c41	10-fixture-integrity	0
all-runs	2026-09-20T13:42:18Z	8a50c41	20-receipt-freshness	0
all-runs	2026-09-20T13:42:18Z	8a50c41	30-no-secrets	0
all-runs	2026-09-20T13:42:19Z	8a50c41	40-omp-compact-replay	0
all-runs	2026-09-20T13:42:20Z	8a50c41	50-house-gates	0
all-runs	2026-09-20T13:42:23Z	8a50c41	60-staged-deletion-lane	0
all-runs	2026-09-20T13:42:23Z	8a50c41	70-tests-registry-sync	0
all-runs	2026-09-20T13:42:40Z	8a50c41	80-lane-instrument-selftests	0
all-runs	2026-09-20T13:42:40Z	8a50c41	85-promotion-contract	0
all-runs	2026-09-20T13:42:40Z	8a50c41	90-sidecar-verifier-wrapper	0
all-runs	2026-09-20T13:42:40Z	8a50c41	95-numerals-ratchet	0
all-runs	2026-09-20T13:42:40Z	8a50c41	96-verdict-status-agreement	0
all-runs	2026-09-20T13:42:40Z	8a50c41	97-readme-counts	0
all-runs	2026-09-20T14:01:01Z	1ee5a18	10-fixture-integrity	0
all-runs	2026-09-20T14:01:01Z	1ee5a18	20-receipt-freshness	0
all-runs	2026-09-20T14:01:01Z	1ee5a18	30-no-secrets	0
all-runs	2026-09-20T14:01:02Z	1ee5a18	40-omp-compact-replay	0
all-runs	2026-09-20T14:01:03Z	1ee5a18	50-house-gates	0
all-runs	2026-09-20T14:01:07Z	1ee5a18	60-staged-deletion-lane	0
all-runs	2026-09-20T14:01:07Z	1ee5a18	70-tests-registry-sync	0
all-runs	2026-09-20T14:01:23Z	1ee5a18	80-lane-instrument-selftests	0
all-runs	2026-09-20T14:01:23Z	1ee5a18	85-promotion-contract	0
all-runs	2026-09-20T14:01:24Z	1ee5a18	90-sidecar-verifier-wrapper	0
all-runs	2026-09-20T14:01:24Z	1ee5a18	95-numerals-ratchet	0
all-runs	2026-09-20T14:01:24Z	1ee5a18	96-verdict-status-agreement	0
all-runs	2026-09-20T14:01:24Z	1ee5a18	97-readme-counts	0
all-runs	2026-09-20T14:03:23Z	2c683bb	10-fixture-integrity	0
all-runs	2026-09-20T14:03:23Z	2c683bb	20-receipt-freshness	0
all-runs	2026-09-20T14:03:23Z	2c683bb	30-no-secrets	0
all-runs	2026-09-20T14:03:24Z	2c683bb	40-omp-compact-replay	0
all-runs	2026-09-20T14:03:25Z	2c683bb	50-house-gates	0
all-runs	2026-09-20T14:03:28Z	2c683bb	60-staged-deletion-lane	0
all-runs	2026-09-20T14:03:28Z	2c683bb	70-tests-registry-sync	0
all-runs	2026-09-20T14:03:46Z	2c683bb	80-lane-instrument-selftests	0
all-runs	2026-09-20T14:03:46Z	2c683bb	85-promotion-contract	0
all-runs	2026-09-20T14:03:47Z	2c683bb	90-sidecar-verifier-wrapper	0
all-runs	2026-09-20T14:03:47Z	2c683bb	95-numerals-ratchet	0
all-runs	2026-09-20T14:03:47Z	2c683bb	96-verdict-status-agreement	0
all-runs	2026-09-20T14:03:47Z	2c683bb	97-readme-counts	0
all-runs	2026-09-20T14:05:34Z	1421d35	10-fixture-integrity	0
all-runs	2026-09-20T14:05:34Z	1421d35	20-receipt-freshness	0
all-runs	2026-09-20T14:05:34Z	1421d35	30-no-secrets	0
all-runs	2026-09-20T14:05:35Z	1421d35	40-omp-compact-replay	0
all-runs	2026-09-20T14:05:35Z	1421d35	50-house-gates	0
all-runs	2026-09-20T14:05:40Z	1421d35	60-staged-deletion-lane	0
all-runs	2026-09-20T14:05:40Z	1421d35	70-tests-registry-sync	0
all-runs	2026-09-20T14:05:59Z	1421d35	80-lane-instrument-selftests	0
all-runs	2026-09-20T14:05:59Z	1421d35	85-promotion-contract	0
all-runs	2026-09-20T14:05:59Z	1421d35	90-sidecar-verifier-wrapper	0
all-runs	2026-09-20T14:05:59Z	1421d35	95-numerals-ratchet	0
all-runs	2026-09-20T14:05:59Z	1421d35	96-verdict-status-agreement	0
all-runs	2026-09-20T14:05:59Z	1421d35	97-readme-counts	0
all-runs	2026-09-20T14:06:30Z	1421d35	10-fixture-integrity	0
all-runs	2026-09-20T14:06:30Z	1421d35	20-receipt-freshness	0
all-runs	2026-09-20T14:06:30Z	1421d35	30-no-secrets	0
all-runs	2026-09-20T14:06:31Z	1421d35	40-omp-compact-replay	0
all-runs	2026-09-20T14:06:31Z	1421d35	50-house-gates	0
all-runs	2026-09-20T14:06:35Z	1421d35	60-staged-deletion-lane	0
all-runs	2026-09-20T14:06:35Z	1421d35	70-tests-registry-sync	0
all-runs	2026-09-20T14:06:51Z	1421d35	80-lane-instrument-selftests	0
all-runs	2026-09-20T14:06:52Z	1421d35	85-promotion-contract	0
all-runs	2026-09-20T14:06:52Z	1421d35	90-sidecar-verifier-wrapper	0
all-runs	2026-09-20T14:06:52Z	1421d35	95-numerals-ratchet	0
all-runs	2026-09-20T14:06:52Z	1421d35	96-verdict-status-agreement	0
all-runs	2026-09-20T14:06:52Z	1421d35	97-readme-counts	0
all-runs	2026-09-20T14:07:59Z	bdc7d36	10-fixture-integrity	0
all-runs	2026-09-20T14:07:59Z	bdc7d36	20-receipt-freshness	0
all-runs	2026-09-20T14:07:59Z	bdc7d36	30-no-secrets	0
all-runs	2026-09-20T14:08:00Z	bdc7d36	40-omp-compact-replay	0
all-runs	2026-09-20T14:08:01Z	bdc7d36	50-house-gates	0
all-runs	2026-09-20T14:08:04Z	bdc7d36	60-staged-deletion-lane	0
all-runs	2026-09-20T14:08:05Z	bdc7d36	70-tests-registry-sync	0
all-runs	2026-09-20T14:08:21Z	bdc7d36	80-lane-instrument-selftests	0
all-runs	2026-09-20T14:08:21Z	bdc7d36	85-promotion-contract	0
all-runs	2026-09-20T14:08:22Z	bdc7d36	90-sidecar-verifier-wrapper	0
all-runs	2026-09-20T14:08:22Z	bdc7d36	95-numerals-ratchet	0
all-runs	2026-09-20T14:08:22Z	bdc7d36	96-verdict-status-agreement	0
all-runs	2026-09-20T14:08:22Z	bdc7d36	97-readme-counts	0
all-runs	2026-09-20T14:08:51Z	bdc7d36	10-fixture-integrity	0
all-runs	2026-09-20T14:08:51Z	bdc7d36	20-receipt-freshness	0
all-runs	2026-09-20T14:08:51Z	bdc7d36	30-no-secrets	0
all-runs	2026-09-20T14:08:52Z	bdc7d36	40-omp-compact-replay	0
all-runs	2026-09-20T14:08:53Z	bdc7d36	50-house-gates	0
all-runs	2026-09-20T14:08:57Z	bdc7d36	60-staged-deletion-lane	0
all-runs	2026-09-20T14:08:57Z	bdc7d36	70-tests-registry-sync	0
all-runs	2026-09-20T14:09:14Z	bdc7d36	80-lane-instrument-selftests	0
all-runs	2026-09-20T14:09:14Z	bdc7d36	85-promotion-contract	0
all-runs	2026-09-20T14:09:14Z	bdc7d36	90-sidecar-verifier-wrapper	0
all-runs	2026-09-20T14:09:14Z	bdc7d36	95-numerals-ratchet	0
all-runs	2026-09-20T14:09:14Z	bdc7d36	96-verdict-status-agreement	0
all-runs	2026-09-20T14:09:14Z	bdc7d36	97-readme-counts	0
all-runs	2026-09-20T14:11:10Z	3bbcf00	10-fixture-integrity	0
all-runs	2026-09-20T14:11:10Z	3bbcf00	20-receipt-freshness	0
all-runs	2026-09-20T14:11:10Z	3bbcf00	30-no-secrets	0
all-runs	2026-09-20T14:11:11Z	3bbcf00	40-omp-compact-replay	0
all-runs	2026-09-20T14:11:11Z	3bbcf00	50-house-gates	0
all-runs	2026-09-20T14:11:15Z	3bbcf00	60-staged-deletion-lane	0
all-runs	2026-09-20T14:11:15Z	3bbcf00	70-tests-registry-sync	0
all-runs	2026-09-20T14:11:32Z	3bbcf00	80-lane-instrument-selftests	0
all-runs	2026-09-20T14:11:33Z	3bbcf00	85-promotion-contract	0
all-runs	2026-09-20T14:11:33Z	3bbcf00	90-sidecar-verifier-wrapper	0
all-runs	2026-09-20T14:11:33Z	3bbcf00	95-numerals-ratchet	0
all-runs	2026-09-20T14:11:33Z	3bbcf00	96-verdict-status-agreement	0
all-runs	2026-09-20T14:11:33Z	3bbcf00	97-readme-counts	0
all-runs	2026-09-20T14:23:58Z	a193838	10-fixture-integrity	0
all-runs	2026-09-20T14:23:58Z	a193838	20-receipt-freshness	0
all-runs	2026-09-20T14:23:58Z	a193838	30-no-secrets	0
all-runs	2026-09-20T14:24:00Z	a193838	40-omp-compact-replay	0
all-runs	2026-09-20T14:24:00Z	a193838	50-house-gates	0
all-runs	2026-09-20T14:24:03Z	a193838	60-staged-deletion-lane	0
all-runs	2026-09-20T14:24:04Z	a193838	70-tests-registry-sync	0
all-runs	2026-09-20T14:24:19Z	a193838	10-fixture-integrity	0
all-runs	2026-09-20T14:24:19Z	a193838	20-receipt-freshness	0
all-runs	2026-09-20T14:24:19Z	a193838	30-no-secrets	0
all-runs	2026-09-20T14:24:20Z	a193838	40-omp-compact-replay	0
all-runs	2026-09-20T14:24:21Z	a193838	50-house-gates	0
all-runs	2026-09-20T14:24:21Z	a193838	80-lane-instrument-selftests	0
all-runs	2026-09-20T14:24:21Z	a193838	85-promotion-contract	0
all-runs	2026-09-20T14:24:22Z	a193838	90-sidecar-verifier-wrapper	0
all-runs	2026-09-20T14:24:22Z	a193838	95-numerals-ratchet	0
all-runs	2026-09-20T14:24:22Z	a193838	96-verdict-status-agreement	0
all-runs	2026-09-20T14:24:22Z	a193838	97-readme-counts	0
all-runs	2026-09-20T14:24:23Z	a193838	60-staged-deletion-lane	0
all-runs	2026-09-20T14:24:24Z	a193838	70-tests-registry-sync	0
all-runs	2026-09-20T14:24:42Z	a193838	80-lane-instrument-selftests	0
all-runs	2026-09-20T14:24:42Z	a193838	85-promotion-contract	0
all-runs	2026-09-20T14:24:42Z	a193838	90-sidecar-verifier-wrapper	0
all-runs	2026-09-20T14:24:43Z	a193838	95-numerals-ratchet	0
all-runs	2026-09-20T14:24:43Z	a193838	96-verdict-status-agreement	0
all-runs	2026-09-20T14:24:43Z	a193838	97-readme-counts	0
all-runs	2026-09-20T14:28:20Z	a785ed0	10-fixture-integrity	0
all-runs	2026-09-20T14:28:21Z	a785ed0	20-receipt-freshness	0
all-runs	2026-09-20T14:28:21Z	a785ed0	30-no-secrets	0
all-runs	2026-09-20T14:28:22Z	a785ed0	40-omp-compact-replay	0
all-runs	2026-09-20T14:28:22Z	a785ed0	50-house-gates	0
all-runs	2026-09-20T14:28:25Z	a785ed0	60-staged-deletion-lane	0
all-runs	2026-09-20T14:28:25Z	a785ed0	70-tests-registry-sync	0
all-runs	2026-09-20T14:28:42Z	a785ed0	80-lane-instrument-selftests	0
all-runs	2026-09-20T14:28:42Z	a785ed0	85-promotion-contract	0
all-runs	2026-09-20T14:28:42Z	a785ed0	90-sidecar-verifier-wrapper	0
all-runs	2026-09-20T14:28:42Z	a785ed0	95-numerals-ratchet	0
all-runs	2026-09-20T14:28:42Z	a785ed0	96-verdict-status-agreement	0
all-runs	2026-09-20T14:28:42Z	a785ed0	97-readme-counts	0
all-runs	2026-09-20T14:31:32Z	a785ed0	10-fixture-integrity	0
all-runs	2026-09-20T14:31:32Z	a785ed0	20-receipt-freshness	0
all-runs	2026-09-20T14:31:33Z	a785ed0	30-no-secrets	0
all-runs	2026-09-20T14:31:33Z	a785ed0	40-omp-compact-replay	0
all-runs	2026-09-20T14:31:34Z	a785ed0	50-house-gates	0
all-runs	2026-09-20T14:31:37Z	a785ed0	60-staged-deletion-lane	0
all-runs	2026-09-20T14:31:37Z	a785ed0	70-tests-registry-sync	0
all-runs	2026-09-20T14:31:56Z	a785ed0	80-lane-instrument-selftests	0
all-runs	2026-09-20T14:31:56Z	a785ed0	85-promotion-contract	0
all-runs	2026-09-20T14:31:56Z	a785ed0	90-sidecar-verifier-wrapper	0
all-runs	2026-09-20T14:31:56Z	a785ed0	95-numerals-ratchet	0
all-runs	2026-09-20T14:31:56Z	a785ed0	96-verdict-status-agreement	0
all-runs	2026-09-20T14:31:56Z	a785ed0	97-readme-counts	0
all-runs	2026-09-20T14:33:24Z	226ccdf	10-fixture-integrity	0
all-runs	2026-09-20T14:33:24Z	226ccdf	20-receipt-freshness	0
all-runs	2026-09-20T14:33:24Z	226ccdf	30-no-secrets	0
all-runs	2026-09-20T14:33:25Z	226ccdf	40-omp-compact-replay	0
all-runs	2026-09-20T14:33:25Z	226ccdf	50-house-gates	0
all-runs	2026-09-20T14:33:28Z	226ccdf	60-staged-deletion-lane	0
all-runs	2026-09-20T14:33:29Z	226ccdf	70-tests-registry-sync	0
all-runs	2026-09-20T14:33:45Z	226ccdf	80-lane-instrument-selftests	0
all-runs	2026-09-20T14:33:45Z	226ccdf	85-promotion-contract	0
all-runs	2026-09-20T14:33:45Z	226ccdf	90-sidecar-verifier-wrapper	0
all-runs	2026-09-20T14:33:46Z	226ccdf	95-numerals-ratchet	0
all-runs	2026-09-20T14:33:46Z	226ccdf	96-verdict-status-agreement	0
all-runs	2026-09-20T14:33:46Z	226ccdf	97-readme-counts	0
all-runs	2026-09-20T14:42:04Z	9af3a05	10-fixture-integrity	0
all-runs	2026-09-20T14:42:04Z	9af3a05	20-receipt-freshness	0
all-runs	2026-09-20T14:42:04Z	9af3a05	30-no-secrets	0
all-runs	2026-09-20T14:42:05Z	9af3a05	40-omp-compact-replay	0
all-runs	2026-09-20T14:42:06Z	9af3a05	50-house-gates	0
all-runs	2026-09-20T14:42:19Z	9af3a05	10-fixture-integrity	0
all-runs	2026-09-20T14:42:19Z	9af3a05	20-receipt-freshness	0
all-runs	2026-09-20T14:42:19Z	9af3a05	30-no-secrets	0
all-runs	2026-09-20T14:42:20Z	9af3a05	40-omp-compact-replay	0
all-runs	2026-09-20T14:42:20Z	9af3a05	50-house-gates	0
all-runs	2026-09-20T14:42:24Z	9af3a05	60-staged-deletion-lane	0
all-runs	2026-09-20T14:42:24Z	9af3a05	70-tests-registry-sync	0
all-runs	2026-09-20T14:42:40Z	9af3a05	80-lane-instrument-selftests	0
all-runs	2026-09-20T14:42:41Z	9af3a05	85-promotion-contract	0
all-runs	2026-09-20T14:42:41Z	9af3a05	90-sidecar-verifier-wrapper	0
all-runs	2026-09-20T14:42:41Z	9af3a05	95-numerals-ratchet	0
all-runs	2026-09-20T14:42:41Z	9af3a05	96-verdict-status-agreement	0
all-runs	2026-09-20T14:42:41Z	9af3a05	97-readme-counts	0
all-runs	2026-09-20T14:43:30Z	52ec78d	10-fixture-integrity	0
all-runs	2026-09-20T14:43:30Z	52ec78d	20-receipt-freshness	0
all-runs	2026-09-20T14:43:30Z	52ec78d	30-no-secrets	0
all-runs	2026-09-20T14:43:31Z	52ec78d	40-omp-compact-replay	0
all-runs	2026-09-20T14:43:32Z	52ec78d	50-house-gates	0
all-runs	2026-09-20T14:43:36Z	52ec78d	60-staged-deletion-lane	0
all-runs	2026-09-20T14:43:36Z	52ec78d	70-tests-registry-sync	0
all-runs	2026-09-20T14:43:53Z	52ec78d	80-lane-instrument-selftests	0
all-runs	2026-09-20T14:43:53Z	52ec78d	85-promotion-contract	0
all-runs	2026-09-20T14:43:53Z	52ec78d	90-sidecar-verifier-wrapper	0
all-runs	2026-09-20T14:43:53Z	52ec78d	95-numerals-ratchet	0
all-runs	2026-09-20T14:43:53Z	52ec78d	96-verdict-status-agreement	0
all-runs	2026-09-20T14:43:53Z	52ec78d	97-readme-counts	0
all-runs	2026-09-20T15:01:24Z	cb854e0	10-fixture-integrity	0
all-runs	2026-09-20T15:01:24Z	cb854e0	20-receipt-freshness	0
all-runs	2026-09-20T15:01:24Z	cb854e0	30-no-secrets	0
all-runs	2026-09-20T15:01:25Z	cb854e0	40-omp-compact-replay	0
all-runs	2026-09-20T15:01:25Z	cb854e0	50-house-gates	0
all-runs	2026-09-20T15:01:29Z	cb854e0	60-staged-deletion-lane	0
all-runs	2026-09-20T15:01:29Z	cb854e0	70-tests-registry-sync	0
all-runs	2026-09-20T15:01:47Z	cb854e0	80-lane-instrument-selftests	0
all-runs	2026-09-20T15:01:48Z	cb854e0	85-promotion-contract	0
all-runs	2026-09-20T15:01:48Z	cb854e0	90-sidecar-verifier-wrapper	0
all-runs	2026-09-20T15:01:48Z	cb854e0	95-numerals-ratchet	0
all-runs	2026-09-20T15:01:48Z	cb854e0	96-verdict-status-agreement	0
all-runs	2026-09-20T15:01:48Z	cb854e0	97-readme-counts	0
all-runs	2026-09-20T15:02:44Z	e2e8b9a	10-fixture-integrity	0
all-runs	2026-09-20T15:02:44Z	e2e8b9a	20-receipt-freshness	0
all-runs	2026-09-20T15:02:44Z	e2e8b9a	30-no-secrets	0
all-runs	2026-09-20T15:02:45Z	e2e8b9a	40-omp-compact-replay	0
all-runs	2026-09-20T15:02:46Z	e2e8b9a	50-house-gates	0
all-runs	2026-09-20T15:02:49Z	e2e8b9a	60-staged-deletion-lane	0
all-runs	2026-09-20T15:02:49Z	e2e8b9a	70-tests-registry-sync	0
all-runs	2026-09-20T15:03:06Z	e2e8b9a	80-lane-instrument-selftests	0
all-runs	2026-09-20T15:03:06Z	e2e8b9a	85-promotion-contract	0
all-runs	2026-09-20T15:03:06Z	e2e8b9a	90-sidecar-verifier-wrapper	0
all-runs	2026-09-20T15:03:06Z	e2e8b9a	95-numerals-ratchet	0
all-runs	2026-09-20T15:03:07Z	e2e8b9a	96-verdict-status-agreement	0
all-runs	2026-09-20T15:03:07Z	e2e8b9a	97-readme-counts	0
all-runs	2026-09-20T15:21:08Z	7b676ce	10-fixture-integrity	0
all-runs	2026-09-20T15:21:08Z	7b676ce	20-receipt-freshness	0
all-runs	2026-09-20T15:21:08Z	7b676ce	30-no-secrets	0
all-runs	2026-09-20T15:21:09Z	7b676ce	40-omp-compact-replay	0
all-runs	2026-09-20T15:21:10Z	7b676ce	50-house-gates	0
all-runs	2026-09-20T15:21:13Z	7b676ce	60-staged-deletion-lane	0
all-runs	2026-09-20T15:21:13Z	7b676ce	70-tests-registry-sync	0
all-runs	2026-09-20T15:21:30Z	7b676ce	80-lane-instrument-selftests	0
all-runs	2026-09-20T15:21:30Z	7b676ce	85-promotion-contract	0
all-runs	2026-09-20T15:21:30Z	7b676ce	90-sidecar-verifier-wrapper	0
all-runs	2026-09-20T15:21:30Z	7b676ce	95-numerals-ratchet	0
all-runs	2026-09-20T15:21:31Z	7b676ce	96-verdict-status-agreement	0
all-runs	2026-09-20T15:21:31Z	7b676ce	97-readme-counts	0
all-runs	2026-09-20T15:42:41Z	8168b53	10-fixture-integrity	0
all-runs	2026-09-20T15:42:41Z	8168b53	20-receipt-freshness	0
all-runs	2026-09-20T15:42:41Z	8168b53	30-no-secrets	0
all-runs	2026-09-20T15:42:42Z	8168b53	40-omp-compact-replay	0
all-runs	2026-09-20T15:42:43Z	8168b53	50-house-gates	0
all-runs	2026-09-20T15:42:45Z	8168b53	60-staged-deletion-lane	0
all-runs	2026-09-20T15:42:46Z	8168b53	70-tests-registry-sync	0
all-runs	2026-09-20T15:43:02Z	8168b53	80-lane-instrument-selftests	0
all-runs	2026-09-20T15:43:02Z	8168b53	85-promotion-contract	0
all-runs	2026-09-20T15:43:02Z	8168b53	90-sidecar-verifier-wrapper	0
all-runs	2026-09-20T15:43:02Z	8168b53	95-numerals-ratchet	0
all-runs	2026-09-20T15:43:02Z	8168b53	96-verdict-status-agreement	0
all-runs	2026-09-20T15:43:02Z	8168b53	97-readme-counts	0
all-runs	2026-09-20T15:44:36Z	56b46cb	10-fixture-integrity	0
all-runs	2026-09-20T15:44:36Z	56b46cb	20-receipt-freshness	0
all-runs	2026-09-20T15:44:36Z	56b46cb	30-no-secrets	0
all-runs	2026-09-20T15:44:37Z	56b46cb	40-omp-compact-replay	0
all-runs	2026-09-20T15:44:38Z	56b46cb	50-house-gates	0
all-runs	2026-09-20T15:44:40Z	56b46cb	60-staged-deletion-lane	0
all-runs	2026-09-20T15:44:40Z	56b46cb	70-tests-registry-sync	0
all-runs	2026-09-20T15:44:57Z	56b46cb	80-lane-instrument-selftests	0
all-runs	2026-09-20T15:44:57Z	56b46cb	85-promotion-contract	0
all-runs	2026-09-20T15:44:58Z	56b46cb	90-sidecar-verifier-wrapper	0
all-runs	2026-09-20T15:44:58Z	56b46cb	95-numerals-ratchet	0
all-runs	2026-09-20T15:44:58Z	56b46cb	96-verdict-status-agreement	0
all-runs	2026-09-20T15:44:58Z	56b46cb	97-readme-counts	0
all-runs	2026-09-20T15:53:14Z	6c44d3c	10-fixture-integrity	0
all-runs	2026-09-20T15:53:14Z	6c44d3c	20-receipt-freshness	0
all-runs	2026-09-20T15:53:15Z	6c44d3c	30-no-secrets	0
all-runs	2026-09-20T15:53:16Z	6c44d3c	40-omp-compact-replay	0
all-runs	2026-09-20T15:53:16Z	6c44d3c	50-house-gates	0
all-runs	2026-09-20T15:53:19Z	6c44d3c	60-staged-deletion-lane	0
all-runs	2026-09-20T15:53:20Z	6c44d3c	70-tests-registry-sync	0
all-runs	2026-09-20T15:53:32Z	6c44d3c	10-fixture-integrity	0
all-runs	2026-09-20T15:53:32Z	6c44d3c	20-receipt-freshness	0
all-runs	2026-09-20T15:53:32Z	6c44d3c	30-no-secrets	0
all-runs	2026-09-20T15:53:33Z	6c44d3c	40-omp-compact-replay	0
all-runs	2026-09-20T15:53:33Z	6c44d3c	50-house-gates	0
all-runs	2026-09-20T15:53:36Z	6c44d3c	60-staged-deletion-lane	0
all-runs	2026-09-20T15:53:36Z	6c44d3c	70-tests-registry-sync	0
all-runs	2026-09-20T15:55:47Z	f6d8a22	10-fixture-integrity	0
all-runs	2026-09-20T15:55:47Z	f6d8a22	20-receipt-freshness	0
all-runs	2026-09-20T15:55:47Z	f6d8a22	30-no-secrets	0
all-runs	2026-09-20T15:55:48Z	f6d8a22	40-omp-compact-replay	0
all-runs	2026-09-20T15:55:49Z	f6d8a22	50-house-gates	0
all-runs	2026-09-20T15:55:51Z	f6d8a22	60-staged-deletion-lane	0
all-runs	2026-09-20T15:55:52Z	f6d8a22	70-tests-registry-sync	0
all-runs	2026-09-20T15:56:09Z	f6d8a22	80-lane-instrument-selftests	0
all-runs	2026-09-20T15:56:09Z	f6d8a22	85-promotion-contract	0
all-runs	2026-09-20T15:56:09Z	f6d8a22	90-sidecar-verifier-wrapper	0
all-runs	2026-09-20T15:56:09Z	f6d8a22	95-numerals-ratchet	0
all-runs	2026-09-20T15:56:10Z	f6d8a22	96-verdict-status-agreement	0
all-runs	2026-09-20T15:56:10Z	f6d8a22	97-readme-counts	0
all-runs	2026-09-20T16:02:34Z	936896b	10-fixture-integrity	0
all-runs	2026-09-20T16:02:35Z	936896b	20-receipt-freshness	0
all-runs	2026-09-20T16:02:35Z	936896b	30-no-secrets	0
all-runs	2026-09-20T16:02:36Z	936896b	40-omp-compact-replay	0
all-runs	2026-09-20T16:02:36Z	936896b	50-house-gates	0
all-runs	2026-09-20T16:02:39Z	936896b	60-staged-deletion-lane	0
all-runs	2026-09-20T16:02:39Z	936896b	70-tests-registry-sync	0
all-runs	2026-09-20T16:02:58Z	936896b	80-lane-instrument-selftests	0
all-runs	2026-09-20T16:02:58Z	936896b	85-promotion-contract	0
all-runs	2026-09-20T16:02:59Z	936896b	90-sidecar-verifier-wrapper	0
all-runs	2026-09-20T16:02:59Z	936896b	95-numerals-ratchet	0
all-runs	2026-09-20T16:02:59Z	936896b	96-verdict-status-agreement	0
all-runs	2026-09-20T16:02:59Z	936896b	97-readme-counts	0
all-runs	2026-09-20T16:06:08Z	c164161	10-fixture-integrity	0
all-runs	2026-09-20T16:06:08Z	c164161	20-receipt-freshness	0
all-runs	2026-09-20T16:06:08Z	c164161	30-no-secrets	0
all-runs	2026-09-20T16:06:09Z	c164161	40-omp-compact-replay	0
all-runs	2026-09-20T16:06:10Z	c164161	50-house-gates	0
all-runs	2026-09-20T16:06:13Z	c164161	60-staged-deletion-lane	0
all-runs	2026-09-20T16:06:14Z	c164161	70-tests-registry-sync	0
all-runs	2026-09-20T16:06:34Z	c164161	80-lane-instrument-selftests	0
all-runs	2026-09-20T16:06:35Z	c164161	85-promotion-contract	0
all-runs	2026-09-20T16:06:35Z	c164161	90-sidecar-verifier-wrapper	0
all-runs	2026-09-20T16:06:35Z	c164161	95-numerals-ratchet	0
all-runs	2026-09-20T16:06:35Z	c164161	96-verdict-status-agreement	0
all-runs	2026-09-20T16:06:35Z	c164161	97-readme-counts	0
all-runs	2026-09-20T16:14:02Z	d916152	10-fixture-integrity	0
all-runs	2026-09-20T16:14:02Z	d916152	20-receipt-freshness	0
all-runs	2026-09-20T16:14:02Z	d916152	30-no-secrets	0
all-runs	2026-09-20T16:14:03Z	d916152	40-omp-compact-replay	0
all-runs	2026-09-20T16:14:04Z	d916152	50-house-gates	0
all-runs	2026-09-20T16:14:06Z	d916152	60-staged-deletion-lane	0
all-runs	2026-09-20T16:14:07Z	d916152	70-tests-registry-sync	0
all-runs	2026-09-20T16:14:26Z	d916152	80-lane-instrument-selftests	0
all-runs	2026-09-20T16:14:26Z	d916152	85-promotion-contract	0
all-runs	2026-09-20T16:14:27Z	d916152	90-sidecar-verifier-wrapper	0
all-runs	2026-09-20T16:14:27Z	d916152	95-numerals-ratchet	0
all-runs	2026-09-20T16:14:27Z	d916152	96-verdict-status-agreement	0
all-runs	2026-09-20T16:14:27Z	d916152	97-readme-counts	0
all-runs	2026-09-20T16:19:16Z	b104a87	10-fixture-integrity	0
all-runs	2026-09-20T16:19:16Z	b104a87	20-receipt-freshness	0
all-runs	2026-09-20T16:19:16Z	b104a87	30-no-secrets	0
all-runs	2026-09-20T16:19:17Z	b104a87	40-omp-compact-replay	0
all-runs	2026-09-20T16:19:18Z	b104a87	50-house-gates	0
all-runs	2026-09-20T16:19:21Z	b104a87	60-staged-deletion-lane	0
all-runs	2026-09-20T16:19:21Z	b104a87	70-tests-registry-sync	0
all-runs	2026-09-20T16:19:43Z	b104a87	80-lane-instrument-selftests	0
all-runs	2026-09-20T16:19:43Z	b104a87	85-promotion-contract	0
all-runs	2026-09-20T16:19:43Z	b104a87	90-sidecar-verifier-wrapper	0
all-runs	2026-09-20T16:19:44Z	b104a87	95-numerals-ratchet	0
all-runs	2026-09-20T16:19:44Z	b104a87	96-verdict-status-agreement	0
all-runs	2026-09-20T16:19:44Z	b104a87	97-readme-counts	0
all-runs	2026-09-20T16:21:17Z	7600cc0	10-fixture-integrity	0
all-runs	2026-09-20T16:21:17Z	7600cc0	20-receipt-freshness	0
all-runs	2026-09-20T16:21:17Z	7600cc0	30-no-secrets	0
all-runs	2026-09-20T16:21:18Z	7600cc0	40-omp-compact-replay	0
all-runs	2026-09-20T16:21:19Z	7600cc0	50-house-gates	0
all-runs	2026-09-20T16:21:22Z	7600cc0	60-staged-deletion-lane	0
all-runs	2026-09-20T16:21:22Z	7600cc0	70-tests-registry-sync	0
all-runs	2026-09-20T16:21:46Z	7600cc0	10-fixture-integrity	0
all-runs	2026-09-20T16:21:47Z	7600cc0	20-receipt-freshness	0
all-runs	2026-09-20T16:21:47Z	7600cc0	30-no-secrets	0
all-runs	2026-09-20T16:21:48Z	7600cc0	40-omp-compact-replay	0
all-runs	2026-09-20T16:21:48Z	7600cc0	50-house-gates	0
all-runs	2026-09-20T16:21:51Z	7600cc0	60-staged-deletion-lane	0
all-runs	2026-09-20T16:21:51Z	7600cc0	70-tests-registry-sync	0
all-runs	2026-09-20T16:22:12Z	7600cc0	80-lane-instrument-selftests	0
all-runs	2026-09-20T16:22:12Z	7600cc0	85-promotion-contract	0
all-runs	2026-09-20T16:22:13Z	7600cc0	90-sidecar-verifier-wrapper	0
all-runs	2026-09-20T16:22:13Z	7600cc0	95-numerals-ratchet	0
all-runs	2026-09-20T16:22:13Z	7600cc0	96-verdict-status-agreement	0
all-runs	2026-09-20T16:22:13Z	7600cc0	97-readme-counts	0
all-runs	2026-09-20T16:25:28Z	d836a98	10-fixture-integrity	0
all-runs	2026-09-20T16:25:28Z	d836a98	20-receipt-freshness	0
all-runs	2026-09-20T16:25:28Z	d836a98	30-no-secrets	0
all-runs	2026-09-20T16:25:29Z	d836a98	40-omp-compact-replay	0
all-runs	2026-09-20T16:25:29Z	d836a98	50-house-gates	0
all-runs	2026-09-20T16:25:32Z	d836a98	60-staged-deletion-lane	0
all-runs	2026-09-20T16:25:33Z	d836a98	70-tests-registry-sync	0
all-runs	2026-09-20T16:25:54Z	d836a98	80-lane-instrument-selftests	0
all-runs	2026-09-20T16:25:54Z	d836a98	85-promotion-contract	0
all-runs	2026-09-20T16:25:54Z	d836a98	90-sidecar-verifier-wrapper	0
all-runs	2026-09-20T16:25:54Z	d836a98	95-numerals-ratchet	0
all-runs	2026-09-20T16:25:54Z	d836a98	96-verdict-status-agreement	0
all-runs	2026-09-20T16:25:55Z	d836a98	97-readme-counts	0
all-runs	2026-09-20T16:26:57Z	519cb14	10-fixture-integrity	0
all-runs	2026-09-20T16:26:57Z	519cb14	20-receipt-freshness	0
all-runs	2026-09-20T16:26:57Z	519cb14	30-no-secrets	0
all-runs	2026-09-20T16:26:58Z	519cb14	40-omp-compact-replay	0
all-runs	2026-09-20T16:26:58Z	519cb14	50-house-gates	0
all-runs	2026-09-20T16:27:01Z	519cb14	60-staged-deletion-lane	0
all-runs	2026-09-20T16:27:02Z	519cb14	70-tests-registry-sync	0
all-runs	2026-09-20T16:27:25Z	519cb14	80-lane-instrument-selftests	0
all-runs	2026-09-20T16:27:25Z	519cb14	85-promotion-contract	0
all-runs	2026-09-20T16:27:25Z	519cb14	90-sidecar-verifier-wrapper	0
all-runs	2026-09-20T16:27:25Z	519cb14	95-numerals-ratchet	0
all-runs	2026-09-20T16:27:25Z	519cb14	96-verdict-status-agreement	0
all-runs	2026-09-20T16:27:25Z	519cb14	97-readme-counts	0
all-runs	2026-09-20T16:30:24Z	9db0856	10-fixture-integrity	0
all-runs	2026-09-20T16:30:24Z	9db0856	20-receipt-freshness	0
all-runs	2026-09-20T16:30:25Z	9db0856	30-no-secrets	0
all-runs	2026-09-20T16:30:26Z	9db0856	40-omp-compact-replay	0
all-runs	2026-09-20T16:30:26Z	9db0856	50-house-gates	0
all-runs	2026-09-20T16:30:29Z	9db0856	60-staged-deletion-lane	0
all-runs	2026-09-20T16:30:29Z	9db0856	70-tests-registry-sync	0
all-runs	2026-09-20T16:30:50Z	9db0856	80-lane-instrument-selftests	0
all-runs	2026-09-20T16:30:50Z	9db0856	85-promotion-contract	0
all-runs	2026-09-20T16:30:50Z	9db0856	90-sidecar-verifier-wrapper	0
all-runs	2026-09-20T16:30:50Z	9db0856	95-numerals-ratchet	0
all-runs	2026-09-20T16:30:50Z	9db0856	96-verdict-status-agreement	0
all-runs	2026-09-20T16:30:50Z	9db0856	97-readme-counts	0
all-runs	2026-09-20T16:33:39Z	d47dc9c	10-fixture-integrity	0
all-runs	2026-09-20T16:33:39Z	d47dc9c	20-receipt-freshness	0
all-runs	2026-09-20T16:33:39Z	d47dc9c	30-no-secrets	0
all-runs	2026-09-20T16:33:40Z	d47dc9c	40-omp-compact-replay	0
all-runs	2026-09-20T16:33:40Z	d47dc9c	50-house-gates	0
all-runs	2026-09-20T16:33:48Z	d47dc9c	60-staged-deletion-lane	0
all-runs	2026-09-20T16:33:49Z	d47dc9c	70-tests-registry-sync	0
all-runs	2026-09-20T16:34:11Z	d47dc9c	80-lane-instrument-selftests	0
all-runs	2026-09-20T16:34:11Z	d47dc9c	85-promotion-contract	0
all-runs	2026-09-20T16:34:11Z	d47dc9c	90-sidecar-verifier-wrapper	0
all-runs	2026-09-20T16:34:11Z	d47dc9c	95-numerals-ratchet	0
all-runs	2026-09-20T16:34:11Z	d47dc9c	96-verdict-status-agreement	0
all-runs	2026-09-20T16:34:11Z	d47dc9c	97-readme-counts	0
all-runs	2026-09-20T16:35:47Z	b395a35	10-fixture-integrity	0
all-runs	2026-09-20T16:35:47Z	b395a35	20-receipt-freshness	0
all-runs	2026-09-20T16:35:47Z	b395a35	30-no-secrets	0
all-runs	2026-09-20T16:35:48Z	b395a35	40-omp-compact-replay	0
all-runs	2026-09-20T16:35:48Z	b395a35	50-house-gates	0
all-runs	2026-09-20T16:35:51Z	b395a35	60-staged-deletion-lane	0
all-runs	2026-09-20T16:35:52Z	b395a35	70-tests-registry-sync	0
all-runs	2026-09-20T16:36:13Z	b395a35	80-lane-instrument-selftests	0
all-runs	2026-09-20T16:36:13Z	b395a35	85-promotion-contract	0
all-runs	2026-09-20T16:36:13Z	b395a35	90-sidecar-verifier-wrapper	0
all-runs	2026-09-20T16:36:14Z	b395a35	95-numerals-ratchet	0
all-runs	2026-09-20T16:36:14Z	b395a35	96-verdict-status-agreement	0
all-runs	2026-09-20T16:36:14Z	b395a35	97-readme-counts	0
all-runs	2026-09-20T16:39:06Z	b1cd105	10-fixture-integrity	0
all-runs	2026-09-20T16:39:06Z	b1cd105	20-receipt-freshness	0
all-runs	2026-09-20T16:39:06Z	b1cd105	30-no-secrets	0
all-runs	2026-09-20T16:39:07Z	b1cd105	40-omp-compact-replay	0
all-runs	2026-09-20T16:39:08Z	b1cd105	50-house-gates	0
all-runs	2026-09-20T16:39:11Z	b1cd105	60-staged-deletion-lane	0
all-runs	2026-09-20T16:39:11Z	b1cd105	70-tests-registry-sync	0
all-runs	2026-09-20T16:39:32Z	b1cd105	80-lane-instrument-selftests	0
all-runs	2026-09-20T16:39:33Z	b1cd105	85-promotion-contract	0
all-runs	2026-09-20T16:39:33Z	b1cd105	90-sidecar-verifier-wrapper	0
all-runs	2026-09-20T16:39:33Z	b1cd105	95-numerals-ratchet	0
all-runs	2026-09-20T16:39:33Z	b1cd105	96-verdict-status-agreement	0
all-runs	2026-09-20T16:39:33Z	b1cd105	97-readme-counts	0
all-runs	2026-09-20T16:40:42Z	4a5d4d5	10-fixture-integrity	0
all-runs	2026-09-20T16:40:42Z	4a5d4d5	20-receipt-freshness	0
all-runs	2026-09-20T16:40:42Z	4a5d4d5	30-no-secrets	0
all-runs	2026-09-20T16:40:43Z	4a5d4d5	40-omp-compact-replay	0
all-runs	2026-09-20T16:40:43Z	4a5d4d5	50-house-gates	0
all-runs	2026-09-20T16:40:46Z	4a5d4d5	60-staged-deletion-lane	0
all-runs	2026-09-20T16:40:46Z	4a5d4d5	70-tests-registry-sync	0
all-runs	2026-09-20T16:41:08Z	4a5d4d5	80-lane-instrument-selftests	0
all-runs	2026-09-20T16:41:08Z	4a5d4d5	85-promotion-contract	0
all-runs	2026-09-20T16:41:08Z	4a5d4d5	90-sidecar-verifier-wrapper	0
all-runs	2026-09-20T16:41:08Z	4a5d4d5	95-numerals-ratchet	0
all-runs	2026-09-20T16:41:08Z	4a5d4d5	96-verdict-status-agreement	0
all-runs	2026-09-20T16:41:08Z	4a5d4d5	97-readme-counts	0
all-runs	2026-09-20T16:43:33Z	7c2c32a	10-fixture-integrity	0
all-runs	2026-09-20T16:43:33Z	7c2c32a	20-receipt-freshness	0
all-runs	2026-09-20T16:43:33Z	7c2c32a	30-no-secrets	0
all-runs	2026-09-20T16:43:34Z	7c2c32a	40-omp-compact-replay	0
all-runs	2026-09-20T16:43:35Z	7c2c32a	50-house-gates	0
all-runs	2026-09-20T16:43:38Z	7c2c32a	60-staged-deletion-lane	0
all-runs	2026-09-20T16:43:38Z	7c2c32a	70-tests-registry-sync	0
all-runs	2026-09-20T16:44:01Z	7c2c32a	80-lane-instrument-selftests	0
all-runs	2026-09-20T16:44:01Z	7c2c32a	85-promotion-contract	0
all-runs	2026-09-20T16:44:01Z	7c2c32a	90-sidecar-verifier-wrapper	0
all-runs	2026-09-20T16:44:01Z	7c2c32a	95-numerals-ratchet	0
all-runs	2026-09-20T16:44:01Z	7c2c32a	96-verdict-status-agreement	0
all-runs	2026-09-20T16:44:01Z	7c2c32a	97-readme-counts	0
all-runs	2026-09-20T16:52:52Z	5f0b7a4	10-fixture-integrity	0
all-runs	2026-09-20T16:52:52Z	5f0b7a4	20-receipt-freshness	0
all-runs	2026-09-20T16:52:52Z	5f0b7a4	30-no-secrets	0
all-runs	2026-09-20T16:52:53Z	5f0b7a4	40-omp-compact-replay	0
all-runs	2026-09-20T16:52:54Z	5f0b7a4	50-house-gates	0
all-runs	2026-09-20T16:52:58Z	5f0b7a4	60-staged-deletion-lane	0
all-runs	2026-09-20T16:52:58Z	5f0b7a4	70-tests-registry-sync	0
all-runs	2026-09-20T16:53:21Z	5f0b7a4	80-lane-instrument-selftests	0
all-runs	2026-09-20T16:53:21Z	5f0b7a4	85-promotion-contract	0
all-runs	2026-09-20T16:53:21Z	5f0b7a4	90-sidecar-verifier-wrapper	0
all-runs	2026-09-20T16:53:21Z	5f0b7a4	95-numerals-ratchet	0
all-runs	2026-09-20T16:53:21Z	5f0b7a4	96-verdict-status-agreement	0
all-runs	2026-09-20T16:53:21Z	5f0b7a4	97-readme-counts	0
all-runs	2026-09-20T16:53:47Z	a89e38a	10-fixture-integrity	0
all-runs	2026-09-20T16:53:47Z	a89e38a	20-receipt-freshness	0
all-runs	2026-09-20T16:53:47Z	a89e38a	30-no-secrets	0
all-runs	2026-09-20T16:53:48Z	a89e38a	40-omp-compact-replay	0
all-runs	2026-09-20T16:53:49Z	a89e38a	50-house-gates	0
all-runs	2026-09-20T16:53:51Z	a89e38a	60-staged-deletion-lane	0
all-runs	2026-09-20T16:53:51Z	a89e38a	70-tests-registry-sync	0
all-runs	2026-09-20T16:54:13Z	a89e38a	80-lane-instrument-selftests	0
all-runs	2026-09-20T16:54:13Z	a89e38a	85-promotion-contract	0
all-runs	2026-09-20T16:54:13Z	a89e38a	90-sidecar-verifier-wrapper	0
all-runs	2026-09-20T16:54:13Z	a89e38a	95-numerals-ratchet	0
all-runs	2026-09-20T16:54:13Z	a89e38a	96-verdict-status-agreement	0
all-runs	2026-09-20T16:54:13Z	a89e38a	97-readme-counts	0
all-runs	2026-09-20T17:01:04Z	89985a9	10-fixture-integrity	0
all-runs	2026-09-20T17:01:04Z	89985a9	20-receipt-freshness	0
all-runs	2026-09-20T17:01:04Z	89985a9	30-no-secrets	0
all-runs	2026-09-20T17:01:05Z	89985a9	40-omp-compact-replay	0
all-runs	2026-09-20T17:01:05Z	89985a9	50-house-gates	0
all-runs	2026-09-20T17:01:08Z	89985a9	60-staged-deletion-lane	0
all-runs	2026-09-20T17:01:08Z	89985a9	70-tests-registry-sync	0
all-runs	2026-09-20T17:01:32Z	89985a9	80-lane-instrument-selftests	1
all-runs	2026-09-20T17:01:32Z	89985a9	85-promotion-contract	0
all-runs	2026-09-20T17:01:32Z	89985a9	90-sidecar-verifier-wrapper	0
all-runs	2026-09-20T17:01:33Z	89985a9	95-numerals-ratchet	0
all-runs	2026-09-20T17:01:33Z	89985a9	96-verdict-status-agreement	0
all-runs	2026-09-20T17:01:33Z	89985a9	97-readme-counts	1
all-runs	2026-09-20T17:01:42Z	89985a9	10-fixture-integrity	0
all-runs	2026-09-20T17:01:42Z	89985a9	20-receipt-freshness	0
all-runs	2026-09-20T17:01:42Z	89985a9	30-no-secrets	0
all-runs	2026-09-20T17:01:43Z	89985a9	40-omp-compact-replay	0
all-runs	2026-09-20T17:01:43Z	89985a9	50-house-gates	0
all-runs	2026-09-20T17:01:46Z	89985a9	60-staged-deletion-lane	0
all-runs	2026-09-20T17:01:46Z	89985a9	70-tests-registry-sync	0
all-runs	2026-09-20T17:02:09Z	89985a9	80-lane-instrument-selftests	1
all-runs	2026-09-20T17:02:09Z	89985a9	85-promotion-contract	0
all-runs	2026-09-20T17:02:09Z	89985a9	90-sidecar-verifier-wrapper	0
all-runs	2026-09-20T17:02:09Z	89985a9	95-numerals-ratchet	0
all-runs	2026-09-20T17:02:09Z	89985a9	96-verdict-status-agreement	0
all-runs	2026-09-20T17:02:10Z	89985a9	97-readme-counts	1
all-runs	2026-09-20T17:03:16Z	b28db65	10-fixture-integrity	0
all-runs	2026-09-20T17:03:16Z	b28db65	20-receipt-freshness	0
all-runs	2026-09-20T17:03:16Z	b28db65	30-no-secrets	0
all-runs	2026-09-20T17:03:17Z	b28db65	40-omp-compact-replay	0
all-runs	2026-09-20T17:03:18Z	b28db65	50-house-gates	0
all-runs	2026-09-20T17:03:21Z	b28db65	60-staged-deletion-lane	0
all-runs	2026-09-20T17:03:21Z	b28db65	70-tests-registry-sync	0
all-runs	2026-09-20T17:03:41Z	b28db65	10-fixture-integrity	0
all-runs	2026-09-20T17:03:41Z	b28db65	20-receipt-freshness	0
all-runs	2026-09-20T17:03:41Z	b28db65	30-no-secrets	0
all-runs	2026-09-20T17:03:42Z	b28db65	40-omp-compact-replay	0
all-runs	2026-09-20T17:03:42Z	b28db65	50-house-gates	0
all-runs	2026-09-20T17:03:44Z	b28db65	80-lane-instrument-selftests	0
all-runs	2026-09-20T17:03:44Z	b28db65	85-promotion-contract	0
all-runs	2026-09-20T17:03:45Z	b28db65	90-sidecar-verifier-wrapper	0
all-runs	2026-09-20T17:03:45Z	b28db65	95-numerals-ratchet	0
all-runs	2026-09-20T17:03:45Z	b28db65	96-verdict-status-agreement	0
all-runs	2026-09-20T17:03:45Z	b28db65	97-readme-counts	0
all-runs	2026-09-20T17:03:46Z	b28db65	60-staged-deletion-lane	0
all-runs	2026-09-20T17:03:46Z	b28db65	70-tests-registry-sync	0
all-runs	2026-09-20T17:04:10Z	b28db65	80-lane-instrument-selftests	0
all-runs	2026-09-20T17:04:10Z	b28db65	85-promotion-contract	0
all-runs	2026-09-20T17:04:11Z	b28db65	90-sidecar-verifier-wrapper	0
all-runs	2026-09-20T17:04:11Z	b28db65	95-numerals-ratchet	0
all-runs	2026-09-20T17:04:11Z	b28db65	96-verdict-status-agreement	0
all-runs	2026-09-20T17:04:11Z	b28db65	97-readme-counts	0
all-runs	2026-09-20T17:06:10Z	4de01a6	10-fixture-integrity	0
all-runs	2026-09-20T17:06:10Z	4de01a6	20-receipt-freshness	0
all-runs	2026-09-20T17:06:10Z	4de01a6	30-no-secrets	0
all-runs	2026-09-20T17:06:11Z	4de01a6	40-omp-compact-replay	0
all-runs	2026-09-20T17:06:12Z	4de01a6	50-house-gates	0
all-runs	2026-09-20T17:06:15Z	4de01a6	60-staged-deletion-lane	0
all-runs	2026-09-20T17:06:15Z	4de01a6	70-tests-registry-sync	0
all-runs	2026-09-20T17:06:36Z	4de01a6	80-lane-instrument-selftests	0
all-runs	2026-09-20T17:06:37Z	4de01a6	85-promotion-contract	0
all-runs	2026-09-20T17:06:37Z	4de01a6	90-sidecar-verifier-wrapper	0
all-runs	2026-09-20T17:06:37Z	4de01a6	95-numerals-ratchet	0
all-runs	2026-09-20T17:06:37Z	4de01a6	96-verdict-status-agreement	0
all-runs	2026-09-20T17:06:37Z	4de01a6	97-readme-counts	0
all-runs	2026-09-20T17:07:32Z	13badbc	10-fixture-integrity	0
all-runs	2026-09-20T17:07:32Z	13badbc	20-receipt-freshness	0
all-runs	2026-09-20T17:07:33Z	13badbc	30-no-secrets	0
all-runs	2026-09-20T17:07:34Z	13badbc	40-omp-compact-replay	0
all-runs	2026-09-20T17:07:34Z	13badbc	50-house-gates	0
all-runs	2026-09-20T17:07:37Z	13badbc	60-staged-deletion-lane	0
all-runs	2026-09-20T17:07:37Z	13badbc	70-tests-registry-sync	0
all-runs	2026-09-20T17:07:59Z	13badbc	80-lane-instrument-selftests	0
all-runs	2026-09-20T17:07:59Z	13badbc	85-promotion-contract	0
all-runs	2026-09-20T17:07:59Z	13badbc	90-sidecar-verifier-wrapper	0
all-runs	2026-09-20T17:07:59Z	13badbc	95-numerals-ratchet	0
all-runs	2026-09-20T17:07:59Z	13badbc	96-verdict-status-agreement	0
all-runs	2026-09-20T17:08:00Z	13badbc	97-readme-counts	0
all-runs	2026-09-20T17:11:48Z	6e063b1	10-fixture-integrity	0
all-runs	2026-09-20T17:11:48Z	6e063b1	20-receipt-freshness	0
all-runs	2026-09-20T17:11:48Z	6e063b1	30-no-secrets	0
all-runs	2026-09-20T17:11:49Z	6e063b1	40-omp-compact-replay	0
all-runs	2026-09-20T17:11:50Z	6e063b1	50-house-gates	0
all-runs	2026-09-20T17:11:53Z	6e063b1	60-staged-deletion-lane	0
all-runs	2026-09-20T17:11:53Z	6e063b1	70-tests-registry-sync	0
all-runs	2026-09-20T17:12:15Z	6e063b1	80-lane-instrument-selftests	0
all-runs	2026-09-20T17:12:15Z	6e063b1	85-promotion-contract	0
all-runs	2026-09-20T17:12:15Z	6e063b1	90-sidecar-verifier-wrapper	0
all-runs	2026-09-20T17:12:16Z	6e063b1	95-numerals-ratchet	0
all-runs	2026-09-20T17:12:16Z	6e063b1	96-verdict-status-agreement	0
all-runs	2026-09-20T17:12:16Z	6e063b1	97-readme-counts	0
all-runs	2026-09-20T17:15:46Z	7912b02	10-fixture-integrity	0
all-runs	2026-09-20T17:15:46Z	7912b02	20-receipt-freshness	0
all-runs	2026-09-20T17:15:46Z	7912b02	30-no-secrets	0
all-runs	2026-09-20T17:15:47Z	7912b02	40-omp-compact-replay	0
all-runs	2026-09-20T17:15:48Z	7912b02	50-house-gates	0
all-runs	2026-09-20T17:15:51Z	7912b02	60-staged-deletion-lane	0
all-runs	2026-09-20T17:15:52Z	7912b02	70-tests-registry-sync	0
all-runs	2026-09-20T17:16:13Z	7912b02	80-lane-instrument-selftests	0
all-runs	2026-09-20T17:16:14Z	7912b02	85-promotion-contract	0
all-runs	2026-09-20T17:16:14Z	7912b02	90-sidecar-verifier-wrapper	0
all-runs	2026-09-20T17:16:14Z	7912b02	95-numerals-ratchet	0
all-runs	2026-09-20T17:16:14Z	7912b02	96-verdict-status-agreement	0
all-runs	2026-09-20T17:16:14Z	7912b02	97-readme-counts	0
all-runs	2026-09-20T17:17:56Z	b84a226	10-fixture-integrity	0
all-runs	2026-09-20T17:17:56Z	b84a226	20-receipt-freshness	0
all-runs	2026-09-20T17:17:56Z	b84a226	30-no-secrets	0
all-runs	2026-09-20T17:17:57Z	b84a226	40-omp-compact-replay	0
all-runs	2026-09-20T17:17:58Z	b84a226	50-house-gates	0
all-runs	2026-09-20T17:18:01Z	b84a226	60-staged-deletion-lane	0
all-runs	2026-09-20T17:18:01Z	b84a226	70-tests-registry-sync	0
all-runs	2026-09-20T17:18:16Z	634dcd2	10-fixture-integrity	0
all-runs	2026-09-20T17:18:17Z	634dcd2	20-receipt-freshness	0
all-runs	2026-09-20T17:18:17Z	634dcd2	30-no-secrets	0
all-runs	2026-09-20T17:18:18Z	634dcd2	40-omp-compact-replay	0
all-runs	2026-09-20T17:18:18Z	634dcd2	50-house-gates	0
all-runs	2026-09-20T17:18:21Z	634dcd2	60-staged-deletion-lane	0
all-runs	2026-09-20T17:18:21Z	634dcd2	70-tests-registry-sync	0
all-runs	2026-09-20T17:18:48Z	634dcd2	80-lane-instrument-selftests	0
all-runs	2026-09-20T17:18:48Z	634dcd2	85-promotion-contract	0
all-runs	2026-09-20T17:18:48Z	634dcd2	90-sidecar-verifier-wrapper	0
all-runs	2026-09-20T17:18:49Z	634dcd2	95-numerals-ratchet	0
all-runs	2026-09-20T17:18:49Z	634dcd2	96-verdict-status-agreement	0
all-runs	2026-09-20T17:18:49Z	634dcd2	97-readme-counts	0
all-runs	2026-09-20T17:19:05Z	fb5480a	10-fixture-integrity	0
all-runs	2026-09-20T17:19:06Z	fb5480a	20-receipt-freshness	0
all-runs	2026-09-20T17:19:06Z	fb5480a	30-no-secrets	0
all-runs	2026-09-20T17:19:07Z	fb5480a	40-omp-compact-replay	0
all-runs	2026-09-20T17:19:07Z	fb5480a	50-house-gates	0
all-runs	2026-09-20T17:19:10Z	fb5480a	60-staged-deletion-lane	0
all-runs	2026-09-20T17:19:10Z	fb5480a	70-tests-registry-sync	0
all-runs	2026-09-20T17:19:33Z	fb5480a	80-lane-instrument-selftests	0
all-runs	2026-09-20T17:19:34Z	fb5480a	85-promotion-contract	0
all-runs	2026-09-20T17:19:34Z	fb5480a	90-sidecar-verifier-wrapper	0
all-runs	2026-09-20T17:19:34Z	fb5480a	95-numerals-ratchet	0
all-runs	2026-09-20T17:19:34Z	fb5480a	96-verdict-status-agreement	0
all-runs	2026-09-20T17:19:34Z	fb5480a	97-readme-counts	0
all-runs	2026-09-20T17:20:32Z	fb5480a	10-fixture-integrity	0
all-runs	2026-09-20T17:20:33Z	fb5480a	20-receipt-freshness	0
all-runs	2026-09-20T17:20:33Z	fb5480a	30-no-secrets	0
all-runs	2026-09-20T17:20:34Z	fb5480a	40-omp-compact-replay	0
all-runs	2026-09-20T17:20:34Z	fb5480a	50-house-gates	0
all-runs	2026-09-20T17:20:38Z	fb5480a	60-staged-deletion-lane	0
all-runs	2026-09-20T17:20:38Z	fb5480a	70-tests-registry-sync	0
all-runs	2026-09-20T17:21:01Z	fb5480a	80-lane-instrument-selftests	0
all-runs	2026-09-20T17:21:01Z	fb5480a	85-promotion-contract	0
all-runs	2026-09-20T17:21:01Z	fb5480a	90-sidecar-verifier-wrapper	0
all-runs	2026-09-20T17:21:01Z	fb5480a	95-numerals-ratchet	0
all-runs	2026-09-20T17:21:01Z	fb5480a	96-verdict-status-agreement	0
all-runs	2026-09-20T17:21:01Z	fb5480a	97-readme-counts	0
all-runs	2026-09-20T17:25:53Z	722759b	10-fixture-integrity	0
all-runs	2026-09-20T17:25:53Z	722759b	20-receipt-freshness	0
all-runs	2026-09-20T17:25:53Z	722759b	30-no-secrets	0
all-runs	2026-09-20T17:25:54Z	722759b	40-omp-compact-replay	0
all-runs	2026-09-20T17:25:54Z	722759b	50-house-gates	0
all-runs	2026-09-20T17:25:57Z	722759b	60-staged-deletion-lane	0
all-runs	2026-09-20T17:25:57Z	722759b	70-tests-registry-sync	0
all-runs	2026-09-20T17:26:22Z	722759b	80-lane-instrument-selftests	0
all-runs	2026-09-20T17:26:22Z	722759b	85-promotion-contract	0
all-runs	2026-09-20T17:26:23Z	722759b	90-sidecar-verifier-wrapper	0
all-runs	2026-09-20T17:26:23Z	722759b	95-numerals-ratchet	0
all-runs	2026-09-20T17:26:23Z	722759b	96-verdict-status-agreement	0
all-runs	2026-09-20T17:26:23Z	722759b	97-readme-counts	0
all-runs	2026-09-20T17:27:47Z	6eee6ab	10-fixture-integrity	0
all-runs	2026-09-20T17:27:47Z	6eee6ab	20-receipt-freshness	0
all-runs	2026-09-20T17:27:47Z	6eee6ab	30-no-secrets	0
all-runs	2026-09-20T17:27:48Z	6eee6ab	40-omp-compact-replay	0
all-runs	2026-09-20T17:27:49Z	6eee6ab	50-house-gates	0
all-runs	2026-09-20T17:27:51Z	6eee6ab	60-staged-deletion-lane	0
all-runs	2026-09-20T17:27:51Z	6eee6ab	70-tests-registry-sync	0
all-runs	2026-09-20T17:28:14Z	6eee6ab	80-lane-instrument-selftests	0
all-runs	2026-09-20T17:28:14Z	6eee6ab	85-promotion-contract	0
all-runs	2026-09-20T17:28:14Z	6eee6ab	90-sidecar-verifier-wrapper	0
all-runs	2026-09-20T17:28:14Z	6eee6ab	95-numerals-ratchet	0
all-runs	2026-09-20T17:28:15Z	6eee6ab	96-verdict-status-agreement	0
all-runs	2026-09-20T17:28:15Z	6eee6ab	97-readme-counts	0
all-runs	2026-09-20T17:42:46Z	e2479f1	10-fixture-integrity	0
all-runs	2026-09-20T17:42:46Z	e2479f1	20-receipt-freshness	0
all-runs	2026-09-20T17:42:46Z	e2479f1	30-no-secrets	0
all-runs	2026-09-20T17:42:48Z	e2479f1	40-omp-compact-replay	0
all-runs	2026-09-20T17:42:48Z	e2479f1	50-house-gates	0
all-runs	2026-09-20T17:42:52Z	e2479f1	60-staged-deletion-lane	0
all-runs	2026-09-20T17:42:52Z	e2479f1	70-tests-registry-sync	0
all-runs	2026-09-20T17:43:15Z	e2479f1	80-lane-instrument-selftests	0
all-runs	2026-09-20T17:43:15Z	e2479f1	85-promotion-contract	0
all-runs	2026-09-20T17:43:15Z	e2479f1	90-sidecar-verifier-wrapper	0
all-runs	2026-09-20T17:43:15Z	e2479f1	95-numerals-ratchet	0
all-runs	2026-09-20T17:43:15Z	e2479f1	96-verdict-status-agreement	0
all-runs	2026-09-20T17:43:15Z	e2479f1	97-readme-counts	0
all-runs	2026-09-20T17:51:22Z	3e61e54	10-fixture-integrity	0
all-runs	2026-09-20T17:51:22Z	3e61e54	20-receipt-freshness	0
all-runs	2026-09-20T17:51:22Z	3e61e54	30-no-secrets	0
all-runs	2026-09-20T17:51:23Z	3e61e54	40-omp-compact-replay	0
all-runs	2026-09-20T17:51:24Z	3e61e54	50-house-gates	0
all-runs	2026-09-20T17:51:27Z	3e61e54	60-staged-deletion-lane	0
all-runs	2026-09-20T17:51:27Z	3e61e54	70-tests-registry-sync	0
all-runs	2026-09-20T17:51:51Z	3e61e54	80-lane-instrument-selftests	0
all-runs	2026-09-20T17:51:51Z	3e61e54	85-promotion-contract	0
all-runs	2026-09-20T17:51:51Z	3e61e54	90-sidecar-verifier-wrapper	0
all-runs	2026-09-20T17:51:51Z	3e61e54	95-numerals-ratchet	0
all-runs	2026-09-20T17:51:51Z	3e61e54	96-verdict-status-agreement	0
all-runs	2026-09-20T17:51:51Z	3e61e54	97-readme-counts	0
all-runs	2026-09-20T18:01:08Z	ab8c6cd	10-fixture-integrity	0
all-runs	2026-09-20T18:01:08Z	ab8c6cd	20-receipt-freshness	0
all-runs	2026-09-20T18:01:08Z	ab8c6cd	30-no-secrets	0
all-runs	2026-09-20T18:01:09Z	ab8c6cd	40-omp-compact-replay	0
all-runs	2026-09-20T18:01:10Z	ab8c6cd	50-house-gates	0
all-runs	2026-09-20T18:01:13Z	ab8c6cd	60-staged-deletion-lane	0
all-runs	2026-09-20T18:01:13Z	ab8c6cd	70-tests-registry-sync	0
all-runs	2026-09-20T18:01:36Z	ab8c6cd	80-lane-instrument-selftests	0
all-runs	2026-09-20T18:01:37Z	ab8c6cd	85-promotion-contract	0
all-runs	2026-09-20T18:01:37Z	ab8c6cd	90-sidecar-verifier-wrapper	0
all-runs	2026-09-20T18:01:37Z	ab8c6cd	95-numerals-ratchet	0
all-runs	2026-09-20T18:01:37Z	ab8c6cd	96-verdict-status-agreement	0
all-runs	2026-09-20T18:01:37Z	ab8c6cd	97-readme-counts	0
all-runs	2026-09-20T18:18:05Z	81ef8b1	10-fixture-integrity	0
all-runs	2026-09-20T18:18:05Z	81ef8b1	20-receipt-freshness	0
all-runs	2026-09-20T18:18:05Z	81ef8b1	30-no-secrets	0
all-runs	2026-09-20T18:18:07Z	81ef8b1	40-omp-compact-replay	0
all-runs	2026-09-20T18:18:07Z	81ef8b1	50-house-gates	0
all-runs	2026-09-20T18:18:11Z	81ef8b1	60-staged-deletion-lane	0
all-runs	2026-09-20T18:18:11Z	81ef8b1	70-tests-registry-sync	0
all-runs	2026-09-20T18:18:34Z	81ef8b1	80-lane-instrument-selftests	0
all-runs	2026-09-20T18:18:34Z	81ef8b1	85-promotion-contract	0
all-runs	2026-09-20T18:18:34Z	81ef8b1	90-sidecar-verifier-wrapper	0
all-runs	2026-09-20T18:18:34Z	81ef8b1	95-numerals-ratchet	0
all-runs	2026-09-20T18:18:34Z	81ef8b1	96-verdict-status-agreement	0
all-runs	2026-09-20T18:18:34Z	81ef8b1	97-readme-counts	0
all-runs	2026-09-20T18:20:34Z	aee107d	10-fixture-integrity	0
all-runs	2026-09-20T18:20:34Z	aee107d	20-receipt-freshness	0
all-runs	2026-09-20T18:20:34Z	aee107d	30-no-secrets	0
all-runs	2026-09-20T18:20:35Z	aee107d	40-omp-compact-replay	0
all-runs	2026-09-20T18:20:35Z	aee107d	50-house-gates	0
all-runs	2026-09-20T18:20:38Z	aee107d	60-staged-deletion-lane	0
all-runs	2026-09-20T18:20:38Z	aee107d	70-tests-registry-sync	0
all-runs	2026-09-20T18:21:02Z	aee107d	10-fixture-integrity	0
all-runs	2026-09-20T18:21:02Z	aee107d	20-receipt-freshness	0
all-runs	2026-09-20T18:21:02Z	aee107d	30-no-secrets	0
all-runs	2026-09-20T18:21:03Z	aee107d	40-omp-compact-replay	0
all-runs	2026-09-20T18:21:04Z	aee107d	50-house-gates	0
all-runs	2026-09-20T18:21:07Z	aee107d	60-staged-deletion-lane	0
all-runs	2026-09-20T18:21:07Z	aee107d	70-tests-registry-sync	0
all-runs	2026-09-20T18:21:30Z	aee107d	80-lane-instrument-selftests	0
all-runs	2026-09-20T18:21:30Z	aee107d	85-promotion-contract	0
all-runs	2026-09-20T18:21:30Z	aee107d	90-sidecar-verifier-wrapper	0
all-runs	2026-09-20T18:21:30Z	aee107d	95-numerals-ratchet	0
all-runs	2026-09-20T18:21:30Z	aee107d	96-verdict-status-agreement	0
all-runs	2026-09-20T18:21:30Z	aee107d	97-readme-counts	0
all-runs	2026-09-20T18:30:47Z	02c3a5f	10-fixture-integrity	0
all-runs	2026-09-20T18:30:47Z	02c3a5f	20-receipt-freshness	0
all-runs	2026-09-20T18:30:47Z	02c3a5f	30-no-secrets	0
all-runs	2026-09-20T18:30:48Z	02c3a5f	40-omp-compact-replay	0
all-runs	2026-09-20T18:30:49Z	02c3a5f	50-house-gates	0
all-runs	2026-09-20T18:30:52Z	02c3a5f	60-staged-deletion-lane	0
all-runs	2026-09-20T18:30:52Z	02c3a5f	70-tests-registry-sync	0
all-runs	2026-09-20T18:31:16Z	02c3a5f	80-lane-instrument-selftests	0
all-runs	2026-09-20T18:31:16Z	02c3a5f	85-promotion-contract	0
all-runs	2026-09-20T18:31:16Z	02c3a5f	90-sidecar-verifier-wrapper	0
all-runs	2026-09-20T18:31:16Z	02c3a5f	95-numerals-ratchet	0
all-runs	2026-09-20T18:31:16Z	02c3a5f	96-verdict-status-agreement	0
all-runs	2026-09-20T18:31:16Z	02c3a5f	97-readme-counts	0
all-runs	2026-09-20T18:40:38Z	038aeb4	10-fixture-integrity	0
all-runs	2026-09-20T18:40:38Z	038aeb4	20-receipt-freshness	0
all-runs	2026-09-20T18:40:38Z	038aeb4	30-no-secrets	0
all-runs	2026-09-20T18:40:39Z	038aeb4	40-omp-compact-replay	0
all-runs	2026-09-20T18:40:40Z	038aeb4	50-house-gates	0
all-runs	2026-09-20T18:40:43Z	038aeb4	60-staged-deletion-lane	0
all-runs	2026-09-20T18:40:43Z	038aeb4	70-tests-registry-sync	0
all-runs	2026-09-20T18:41:07Z	038aeb4	80-lane-instrument-selftests	0
all-runs	2026-09-20T18:41:08Z	038aeb4	85-promotion-contract	0
all-runs	2026-09-20T18:41:08Z	038aeb4	90-sidecar-verifier-wrapper	0
all-runs	2026-09-20T18:41:08Z	038aeb4	95-numerals-ratchet	0
all-runs	2026-09-20T18:41:08Z	038aeb4	96-verdict-status-agreement	0
all-runs	2026-09-20T18:41:08Z	038aeb4	97-readme-counts	0
all-runs	2026-09-20T18:47:01Z	c3b80f4	10-fixture-integrity	0
all-runs	2026-09-20T18:47:01Z	c3b80f4	20-receipt-freshness	0
all-runs	2026-09-20T18:47:01Z	c3b80f4	30-no-secrets	0
all-runs	2026-09-20T18:47:03Z	c3b80f4	40-omp-compact-replay	0
all-runs	2026-09-20T18:47:03Z	c3b80f4	50-house-gates	0
all-runs	2026-09-20T18:47:06Z	c3b80f4	60-staged-deletion-lane	0
all-runs	2026-09-20T18:47:07Z	c3b80f4	70-tests-registry-sync	0
all-runs	2026-09-20T18:47:30Z	c3b80f4	80-lane-instrument-selftests	0
all-runs	2026-09-20T18:47:31Z	c3b80f4	85-promotion-contract	0
all-runs	2026-09-20T18:47:31Z	c3b80f4	90-sidecar-verifier-wrapper	0
all-runs	2026-09-20T18:47:31Z	c3b80f4	95-numerals-ratchet	0
all-runs	2026-09-20T18:47:31Z	c3b80f4	96-verdict-status-agreement	0
all-runs	2026-09-20T18:47:31Z	c3b80f4	97-readme-counts	0
all-runs	2026-09-20T18:50:35Z	543abb7	10-fixture-integrity	0
all-runs	2026-09-20T18:50:35Z	543abb7	20-receipt-freshness	0
all-runs	2026-09-20T18:50:35Z	543abb7	30-no-secrets	0
all-runs	2026-09-20T18:50:36Z	543abb7	40-omp-compact-replay	0
all-runs	2026-09-20T18:50:37Z	543abb7	50-house-gates	0
all-runs	2026-09-20T18:50:39Z	543abb7	60-staged-deletion-lane	0
all-runs	2026-09-20T18:50:40Z	543abb7	70-tests-registry-sync	0
all-runs	2026-09-20T18:51:03Z	543abb7	80-lane-instrument-selftests	0
all-runs	2026-09-20T18:51:04Z	543abb7	85-promotion-contract	0
all-runs	2026-09-20T18:51:04Z	543abb7	90-sidecar-verifier-wrapper	0
all-runs	2026-09-20T18:51:04Z	543abb7	95-numerals-ratchet	0
all-runs	2026-09-20T18:51:04Z	543abb7	96-verdict-status-agreement	0
all-runs	2026-09-20T18:51:04Z	543abb7	97-readme-counts	0
all-runs	2026-09-20T18:54:03Z	c2a7f1f	10-fixture-integrity	0
all-runs	2026-09-20T18:54:10Z	c2a7f1f	20-receipt-freshness	0
all-runs	2026-09-20T18:54:15Z	c2a7f1f	30-no-secrets	0
all-runs	2026-09-20T18:54:17Z	c2a7f1f	40-omp-compact-replay	0
all-runs	2026-09-20T18:54:18Z	c2a7f1f	50-house-gates	0
all-runs	2026-09-20T18:54:23Z	c2a7f1f	60-staged-deletion-lane	0
all-runs	2026-09-20T18:54:23Z	c2a7f1f	70-tests-registry-sync	0
all-runs	2026-09-20T18:54:53Z	c2a7f1f	80-lane-instrument-selftests	0
all-runs	2026-09-20T18:54:53Z	c2a7f1f	85-promotion-contract	0
all-runs	2026-09-20T18:54:53Z	c2a7f1f	90-sidecar-verifier-wrapper	0
all-runs	2026-09-20T18:54:54Z	c2a7f1f	95-numerals-ratchet	0
all-runs	2026-09-20T18:54:54Z	c2a7f1f	96-verdict-status-agreement	0
all-runs	2026-09-20T18:54:54Z	c2a7f1f	97-readme-counts	0
all-runs	2026-09-20T18:55:53Z	af6d50e	10-fixture-integrity	0
all-runs	2026-09-20T18:55:53Z	af6d50e	20-receipt-freshness	0
all-runs	2026-09-20T18:55:53Z	af6d50e	30-no-secrets	0
all-runs	2026-09-20T18:55:55Z	af6d50e	40-omp-compact-replay	0
all-runs	2026-09-20T18:55:55Z	af6d50e	50-house-gates	0
all-runs	2026-09-20T18:55:58Z	af6d50e	60-staged-deletion-lane	0
all-runs	2026-09-20T18:55:59Z	af6d50e	70-tests-registry-sync	0
all-runs	2026-09-20T18:56:23Z	af6d50e	80-lane-instrument-selftests	0
all-runs	2026-09-20T18:56:23Z	af6d50e	85-promotion-contract	0
all-runs	2026-09-20T18:56:23Z	af6d50e	90-sidecar-verifier-wrapper	0
all-runs	2026-09-20T18:56:24Z	af6d50e	95-numerals-ratchet	0
all-runs	2026-09-20T18:56:24Z	af6d50e	96-verdict-status-agreement	0
all-runs	2026-09-20T18:56:24Z	af6d50e	97-readme-counts	0
all-runs	2026-09-20T18:57:56Z	4c1a8b8	10-fixture-integrity	0
all-runs	2026-09-20T18:57:56Z	4c1a8b8	20-receipt-freshness	0
all-runs	2026-09-20T18:57:56Z	4c1a8b8	30-no-secrets	0
all-runs	2026-09-20T18:57:57Z	4c1a8b8	40-omp-compact-replay	0
all-runs	2026-09-20T18:57:58Z	4c1a8b8	50-house-gates	0
all-runs	2026-09-20T18:58:01Z	4c1a8b8	60-staged-deletion-lane	0
all-runs	2026-09-20T18:58:01Z	4c1a8b8	70-tests-registry-sync	0
all-runs	2026-09-20T18:58:24Z	4c1a8b8	80-lane-instrument-selftests	0
all-runs	2026-09-20T18:58:25Z	4c1a8b8	85-promotion-contract	0
all-runs	2026-09-20T18:58:25Z	4c1a8b8	90-sidecar-verifier-wrapper	0
all-runs	2026-09-20T18:58:25Z	4c1a8b8	95-numerals-ratchet	0
all-runs	2026-09-20T18:58:25Z	4c1a8b8	96-verdict-status-agreement	0
all-runs	2026-09-20T18:58:25Z	4c1a8b8	97-readme-counts	0
all-runs	2026-09-20T18:59:44Z	6baa45f	10-fixture-integrity	0
all-runs	2026-09-20T18:59:44Z	6baa45f	20-receipt-freshness	0
all-runs	2026-09-20T18:59:44Z	6baa45f	30-no-secrets	0
all-runs	2026-09-20T18:59:45Z	6baa45f	40-omp-compact-replay	0
all-runs	2026-09-20T18:59:46Z	6baa45f	50-house-gates	0
all-runs	2026-09-20T18:59:48Z	6baa45f	60-staged-deletion-lane	0
all-runs	2026-09-20T18:59:49Z	6baa45f	70-tests-registry-sync	0
all-runs	2026-09-20T19:00:37Z	6baa45f	10-fixture-integrity	0
all-runs	2026-09-20T19:00:37Z	6baa45f	20-receipt-freshness	0
all-runs	2026-09-20T19:00:37Z	6baa45f	30-no-secrets	0
all-runs	2026-09-20T19:00:38Z	6baa45f	40-omp-compact-replay	0
all-runs	2026-09-20T19:00:39Z	6baa45f	50-house-gates	0
all-runs	2026-09-20T19:00:42Z	6baa45f	60-staged-deletion-lane	0
all-runs	2026-09-20T19:00:42Z	6baa45f	70-tests-registry-sync	0
all-runs	2026-09-20T19:01:05Z	6baa45f	80-lane-instrument-selftests	0
all-runs	2026-09-20T19:01:06Z	6baa45f	85-promotion-contract	0
all-runs	2026-09-20T19:01:06Z	6baa45f	90-sidecar-verifier-wrapper	0
all-runs	2026-09-20T19:01:06Z	6baa45f	95-numerals-ratchet	0
all-runs	2026-09-20T19:01:06Z	6baa45f	96-verdict-status-agreement	0
all-runs	2026-09-20T19:01:06Z	6baa45f	97-readme-counts	0
all-runs	2026-09-20T19:12:28Z	1c67b11	10-fixture-integrity	0
all-runs	2026-09-20T19:12:28Z	1c67b11	20-receipt-freshness	0
all-runs	2026-09-20T19:12:28Z	1c67b11	30-no-secrets	0
all-runs	2026-09-20T19:12:29Z	1c67b11	40-omp-compact-replay	0
all-runs	2026-09-20T19:12:30Z	1c67b11	50-house-gates	0
all-runs	2026-09-20T19:12:32Z	1c67b11	10-fixture-integrity	0
all-runs	2026-09-20T19:12:32Z	1c67b11	20-receipt-freshness	0
all-runs	2026-09-20T19:12:32Z	1c67b11	30-no-secrets	0
all-runs	2026-09-20T19:12:33Z	1c67b11	60-staged-deletion-lane	0
all-runs	2026-09-20T19:12:33Z	1c67b11	70-tests-registry-sync	0
all-runs	2026-09-20T19:12:33Z	1c67b11	40-omp-compact-replay	0
all-runs	2026-09-20T19:12:34Z	1c67b11	50-house-gates	0
all-runs	2026-09-20T19:12:37Z	1c67b11	60-staged-deletion-lane	0
all-runs	2026-09-20T19:12:37Z	1c67b11	70-tests-registry-sync	0
all-runs	2026-09-20T19:13:00Z	1c67b11	80-lane-instrument-selftests	0
all-runs	2026-09-20T19:13:00Z	1c67b11	85-promotion-contract	0
all-runs	2026-09-20T19:13:00Z	1c67b11	90-sidecar-verifier-wrapper	0
all-runs	2026-09-20T19:13:00Z	1c67b11	95-numerals-ratchet	0
all-runs	2026-09-20T19:13:01Z	1c67b11	96-verdict-status-agreement	0
all-runs	2026-09-20T19:13:01Z	1c67b11	97-readme-counts	0
all-runs	2026-09-20T19:13:04Z	1c67b11	80-lane-instrument-selftests	0
all-runs	2026-09-20T19:13:04Z	1c67b11	85-promotion-contract	0
all-runs	2026-09-20T19:13:04Z	1c67b11	90-sidecar-verifier-wrapper	0
all-runs	2026-09-20T19:13:04Z	1c67b11	95-numerals-ratchet	0
all-runs	2026-09-20T19:13:04Z	1c67b11	96-verdict-status-agreement	0
all-runs	2026-09-20T19:13:04Z	1c67b11	97-readme-counts	0
all-runs	2026-09-20T19:17:20Z	aa41b61	10-fixture-integrity	0
all-runs	2026-09-20T19:17:20Z	aa41b61	20-receipt-freshness	0
all-runs	2026-09-20T19:17:20Z	aa41b61	30-no-secrets	0
all-runs	2026-09-20T19:17:21Z	aa41b61	40-omp-compact-replay	0
all-runs	2026-09-20T19:17:21Z	aa41b61	50-house-gates	0
all-runs	2026-09-20T19:17:24Z	aa41b61	60-staged-deletion-lane	0
all-runs	2026-09-20T19:17:24Z	aa41b61	70-tests-registry-sync	0
all-runs	2026-09-20T19:17:49Z	aa41b61	80-lane-instrument-selftests	0
all-runs	2026-09-20T19:17:50Z	aa41b61	85-promotion-contract	0
all-runs	2026-09-20T19:17:50Z	aa41b61	90-sidecar-verifier-wrapper	0
all-runs	2026-09-20T19:17:50Z	aa41b61	95-numerals-ratchet	0
all-runs	2026-09-20T19:17:50Z	aa41b61	96-verdict-status-agreement	0
all-runs	2026-09-20T19:17:50Z	aa41b61	97-readme-counts	0
all-runs	2026-09-20T19:23:00Z	8d34f11	10-fixture-integrity	0
all-runs	2026-09-20T19:23:01Z	8d34f11	20-receipt-freshness	0
all-runs	2026-09-20T19:23:01Z	8d34f11	30-no-secrets	0
all-runs	2026-09-20T19:23:02Z	8d34f11	40-omp-compact-replay	0
all-runs	2026-09-20T19:23:02Z	8d34f11	50-house-gates	0
all-runs	2026-09-20T19:23:05Z	8d34f11	60-staged-deletion-lane	0
all-runs	2026-09-20T19:23:05Z	8d34f11	70-tests-registry-sync	0
all-runs	2026-09-20T19:23:29Z	8d34f11	80-lane-instrument-selftests	0
all-runs	2026-09-20T19:23:29Z	8d34f11	85-promotion-contract	0
all-runs	2026-09-20T19:23:29Z	8d34f11	90-sidecar-verifier-wrapper	0
all-runs	2026-09-20T19:23:29Z	8d34f11	95-numerals-ratchet	0
all-runs	2026-09-20T19:23:29Z	8d34f11	96-verdict-status-agreement	0
all-runs	2026-09-20T19:23:29Z	8d34f11	97-readme-counts	0
all-runs	2026-09-20T19:27:28Z	8cb6b7f	10-fixture-integrity	0
all-runs	2026-09-20T19:27:29Z	8cb6b7f	20-receipt-freshness	0
all-runs	2026-09-20T19:27:29Z	8cb6b7f	30-no-secrets	0
all-runs	2026-09-20T19:27:30Z	8cb6b7f	40-omp-compact-replay	0
all-runs	2026-09-20T19:27:30Z	8cb6b7f	50-house-gates	0
all-runs	2026-09-20T19:27:33Z	8cb6b7f	60-staged-deletion-lane	0
all-runs	2026-09-20T19:27:33Z	8cb6b7f	70-tests-registry-sync	0
all-runs	2026-09-20T19:28:05Z	8cb6b7f	80-lane-instrument-selftests	0
all-runs	2026-09-20T19:28:06Z	8cb6b7f	85-promotion-contract	0
all-runs	2026-09-20T19:28:06Z	8cb6b7f	90-sidecar-verifier-wrapper	0
all-runs	2026-09-20T19:28:06Z	8cb6b7f	95-numerals-ratchet	0
all-runs	2026-09-20T19:28:06Z	8cb6b7f	96-verdict-status-agreement	0
all-runs	2026-09-20T19:28:06Z	8cb6b7f	97-readme-counts	0
all-runs	2026-09-20T19:29:15Z	3c5a2ae	10-fixture-integrity	0
all-runs	2026-09-20T19:29:15Z	3c5a2ae	20-receipt-freshness	0
all-runs	2026-09-20T19:29:15Z	3c5a2ae	30-no-secrets	0
all-runs	2026-09-20T19:29:16Z	3c5a2ae	40-omp-compact-replay	0
all-runs	2026-09-20T19:29:16Z	3c5a2ae	50-house-gates	0
all-runs	2026-09-20T19:29:19Z	3c5a2ae	60-staged-deletion-lane	0
all-runs	2026-09-20T19:29:19Z	3c5a2ae	70-tests-registry-sync	0
all-runs	2026-09-20T19:29:52Z	3c5a2ae	80-lane-instrument-selftests	0
all-runs	2026-09-20T19:29:52Z	3c5a2ae	85-promotion-contract	0
all-runs	2026-09-20T19:29:52Z	3c5a2ae	90-sidecar-verifier-wrapper	0
all-runs	2026-09-20T19:29:52Z	3c5a2ae	95-numerals-ratchet	0
all-runs	2026-09-20T19:29:53Z	3c5a2ae	96-verdict-status-agreement	0
all-runs	2026-09-20T19:29:53Z	3c5a2ae	97-readme-counts	0
all-runs	2026-09-20T19:34:37Z	8e19a53	10-fixture-integrity	0
all-runs	2026-09-20T19:34:37Z	8e19a53	20-receipt-freshness	0
all-runs	2026-09-20T19:34:37Z	8e19a53	30-no-secrets	0
all-runs	2026-09-20T19:34:38Z	8e19a53	40-omp-compact-replay	0
all-runs	2026-09-20T19:34:39Z	8e19a53	50-house-gates	0
all-runs	2026-09-20T19:34:42Z	8e19a53	60-staged-deletion-lane	0
all-runs	2026-09-20T19:34:42Z	8e19a53	70-tests-registry-sync	0
all-runs	2026-09-20T19:35:16Z	8e19a53	80-lane-instrument-selftests	0
all-runs	2026-09-20T19:35:16Z	8e19a53	85-promotion-contract	0
all-runs	2026-09-20T19:35:16Z	8e19a53	90-sidecar-verifier-wrapper	0
all-runs	2026-09-20T19:35:16Z	8e19a53	95-numerals-ratchet	0
all-runs	2026-09-20T19:35:16Z	8e19a53	96-verdict-status-agreement	0
all-runs	2026-09-20T19:35:16Z	8e19a53	97-readme-counts	0
all-runs	2026-09-20T19:40:51Z	190668d	10-fixture-integrity	0
all-runs	2026-09-20T19:40:51Z	190668d	20-receipt-freshness	0
all-runs	2026-09-20T19:40:51Z	190668d	30-no-secrets	0
all-runs	2026-09-20T19:40:52Z	190668d	40-omp-compact-replay	0
all-runs	2026-09-20T19:40:53Z	190668d	50-house-gates	0
all-runs	2026-09-20T19:40:55Z	190668d	60-staged-deletion-lane	0
all-runs	2026-09-20T19:40:56Z	190668d	70-tests-registry-sync	0
all-runs	2026-09-20T19:41:29Z	190668d	80-lane-instrument-selftests	0
all-runs	2026-09-20T19:41:30Z	190668d	85-promotion-contract	0
all-runs	2026-09-20T19:41:30Z	190668d	90-sidecar-verifier-wrapper	0
all-runs	2026-09-20T19:41:30Z	190668d	95-numerals-ratchet	0
all-runs	2026-09-20T19:41:30Z	190668d	96-verdict-status-agreement	0
all-runs	2026-09-20T19:41:30Z	190668d	97-readme-counts	0
all-runs	2026-09-20T19:47:50Z	6dba0be	10-fixture-integrity	0
all-runs	2026-09-20T19:47:50Z	6dba0be	20-receipt-freshness	0
all-runs	2026-09-20T19:47:50Z	6dba0be	30-no-secrets	0
all-runs	2026-09-20T19:47:51Z	6dba0be	40-omp-compact-replay	0
all-runs	2026-09-20T19:47:51Z	6dba0be	50-house-gates	0
all-runs	2026-09-20T19:47:55Z	6dba0be	60-staged-deletion-lane	0
all-runs	2026-09-20T19:47:55Z	6dba0be	70-tests-registry-sync	0
all-runs	2026-09-20T19:48:29Z	6dba0be	80-lane-instrument-selftests	0
all-runs	2026-09-20T19:48:29Z	6dba0be	85-promotion-contract	0
all-runs	2026-09-20T19:48:29Z	6dba0be	90-sidecar-verifier-wrapper	0
all-runs	2026-09-20T19:48:29Z	6dba0be	95-numerals-ratchet	0
all-runs	2026-09-20T19:48:30Z	6dba0be	96-verdict-status-agreement	0
all-runs	2026-09-20T19:48:30Z	6dba0be	97-readme-counts	0
all-runs	2026-09-20T19:50:45Z	6dba0be	10-fixture-integrity	0
all-runs	2026-09-20T19:50:45Z	6dba0be	20-receipt-freshness	0
all-runs	2026-09-20T19:50:45Z	6dba0be	30-no-secrets	0
all-runs	2026-09-20T19:50:46Z	6dba0be	40-omp-compact-replay	0
all-runs	2026-09-20T19:50:47Z	6dba0be	50-house-gates	0
all-runs	2026-09-20T19:50:50Z	6dba0be	60-staged-deletion-lane	0
all-runs	2026-09-20T19:50:50Z	6dba0be	70-tests-registry-sync	0
all-runs	2026-09-20T19:51:25Z	6dba0be	80-lane-instrument-selftests	0
all-runs	2026-09-20T19:51:25Z	6dba0be	85-promotion-contract	0
all-runs	2026-09-20T19:51:26Z	6dba0be	90-sidecar-verifier-wrapper	0
all-runs	2026-09-20T19:51:26Z	6dba0be	95-numerals-ratchet	0
all-runs	2026-09-20T19:51:26Z	6dba0be	96-verdict-status-agreement	0
all-runs	2026-09-20T19:51:26Z	6dba0be	97-readme-counts	0
all-runs	2026-09-20T19:58:02Z	079d9ca	10-fixture-integrity	0
all-runs	2026-09-20T19:58:02Z	079d9ca	20-receipt-freshness	0
all-runs	2026-09-20T19:58:02Z	079d9ca	30-no-secrets	0
all-runs	2026-09-20T19:58:03Z	079d9ca	40-omp-compact-replay	0
all-runs	2026-09-20T19:58:03Z	079d9ca	50-house-gates	0
all-runs	2026-09-20T19:58:06Z	079d9ca	60-staged-deletion-lane	0
all-runs	2026-09-20T19:58:07Z	079d9ca	70-tests-registry-sync	0
all-runs	2026-09-20T19:58:41Z	079d9ca	80-lane-instrument-selftests	0
all-runs	2026-09-20T19:58:41Z	079d9ca	85-promotion-contract	0
all-runs	2026-09-20T19:58:42Z	079d9ca	90-sidecar-verifier-wrapper	0
all-runs	2026-09-20T19:58:42Z	079d9ca	95-numerals-ratchet	0
all-runs	2026-09-20T19:58:42Z	079d9ca	96-verdict-status-agreement	0
all-runs	2026-09-20T19:58:42Z	079d9ca	97-readme-counts	0
all-runs	2026-09-20T20:02:40Z	95ddc53	10-fixture-integrity	0
all-runs	2026-09-20T20:02:40Z	95ddc53	20-receipt-freshness	0
all-runs	2026-09-20T20:02:40Z	95ddc53	30-no-secrets	0
all-runs	2026-09-20T20:02:41Z	95ddc53	40-omp-compact-replay	0
all-runs	2026-09-20T20:02:42Z	95ddc53	50-house-gates	0
all-runs	2026-09-20T20:02:44Z	95ddc53	60-staged-deletion-lane	0
all-runs	2026-09-20T20:02:45Z	95ddc53	70-tests-registry-sync	0
all-runs	2026-09-20T20:03:20Z	95ddc53	80-lane-instrument-selftests	0
all-runs	2026-09-20T20:03:20Z	95ddc53	85-promotion-contract	0
all-runs	2026-09-20T20:03:20Z	95ddc53	90-sidecar-verifier-wrapper	0
all-runs	2026-09-20T20:03:21Z	95ddc53	95-numerals-ratchet	0
all-runs	2026-09-20T20:03:21Z	95ddc53	96-verdict-status-agreement	0
all-runs	2026-09-20T20:03:21Z	95ddc53	97-readme-counts	0
all-runs	2026-09-20T20:06:04Z	f22f6f7	10-fixture-integrity	0
all-runs	2026-09-20T20:06:04Z	f22f6f7	20-receipt-freshness	0
all-runs	2026-09-20T20:06:04Z	f22f6f7	30-no-secrets	0
all-runs	2026-09-20T20:06:05Z	f22f6f7	40-omp-compact-replay	0
all-runs	2026-09-20T20:06:06Z	f22f6f7	50-house-gates	0
all-runs	2026-09-20T20:06:10Z	f22f6f7	60-staged-deletion-lane	0
all-runs	2026-09-20T20:06:10Z	f22f6f7	70-tests-registry-sync	0
all-runs	2026-09-20T20:06:45Z	f22f6f7	80-lane-instrument-selftests	0
all-runs	2026-09-20T20:06:45Z	f22f6f7	85-promotion-contract	0
all-runs	2026-09-20T20:06:45Z	f22f6f7	90-sidecar-verifier-wrapper	0
all-runs	2026-09-20T20:06:45Z	f22f6f7	95-numerals-ratchet	0
all-runs	2026-09-20T20:06:45Z	f22f6f7	96-verdict-status-agreement	0
all-runs	2026-09-20T20:06:46Z	f22f6f7	97-readme-counts	0
all-runs	2026-09-20T20:15:36Z	cc2ae69	10-fixture-integrity	0
all-runs	2026-09-20T20:15:36Z	cc2ae69	20-receipt-freshness	0
all-runs	2026-09-20T20:15:36Z	cc2ae69	30-no-secrets	0
all-runs	2026-09-20T20:15:37Z	cc2ae69	40-omp-compact-replay	0
all-runs	2026-09-20T20:15:38Z	cc2ae69	50-house-gates	0
all-runs	2026-09-20T20:15:42Z	cc2ae69	60-staged-deletion-lane	0
all-runs	2026-09-20T20:15:43Z	cc2ae69	70-tests-registry-sync	0
all-runs	2026-09-20T20:16:18Z	cc2ae69	80-lane-instrument-selftests	0
all-runs	2026-09-20T20:16:18Z	cc2ae69	85-promotion-contract	0
all-runs	2026-09-20T20:16:19Z	cc2ae69	90-sidecar-verifier-wrapper	0
all-runs	2026-09-20T20:16:19Z	cc2ae69	95-numerals-ratchet	0
all-runs	2026-09-20T20:16:19Z	cc2ae69	96-verdict-status-agreement	0
all-runs	2026-09-20T20:16:19Z	cc2ae69	97-readme-counts	0
all-runs	2026-09-20T20:24:46Z	6114522	10-fixture-integrity	0
all-runs	2026-09-20T20:24:46Z	6114522	20-receipt-freshness	0
all-runs	2026-09-20T20:24:46Z	6114522	30-no-secrets	0
all-runs	2026-09-20T20:24:47Z	6114522	40-omp-compact-replay	0
all-runs	2026-09-20T20:24:48Z	6114522	50-house-gates	0
all-runs	2026-09-20T20:24:51Z	6114522	60-staged-deletion-lane	0
all-runs	2026-09-20T20:24:51Z	6114522	70-tests-registry-sync	0
all-runs	2026-09-20T20:25:19Z	74726a9	10-fixture-integrity	0
all-runs	2026-09-20T20:25:19Z	74726a9	20-receipt-freshness	0
all-runs	2026-09-20T20:25:19Z	74726a9	30-no-secrets	0
all-runs	2026-09-20T20:25:20Z	74726a9	40-omp-compact-replay	0
all-runs	2026-09-20T20:25:21Z	74726a9	50-house-gates	0
all-runs	2026-09-20T20:25:24Z	74726a9	60-staged-deletion-lane	0
all-runs	2026-09-20T20:25:24Z	74726a9	70-tests-registry-sync	0
all-runs	2026-09-20T20:26:00Z	74726a9	80-lane-instrument-selftests	0
all-runs	2026-09-20T20:26:00Z	74726a9	85-promotion-contract	0
all-runs	2026-09-20T20:26:00Z	74726a9	90-sidecar-verifier-wrapper	0
all-runs	2026-09-20T20:26:01Z	74726a9	95-numerals-ratchet	0
all-runs	2026-09-20T20:26:01Z	74726a9	96-verdict-status-agreement	0
all-runs	2026-09-20T20:26:01Z	74726a9	97-readme-counts	0
all-runs	2026-09-21T02:04:33Z	5cb44b6	10-fixture-integrity	0
all-runs	2026-09-21T02:04:33Z	5cb44b6	20-receipt-freshness	0
all-runs	2026-09-21T02:04:33Z	5cb44b6	30-no-secrets	0
all-runs	2026-09-21T02:04:35Z	5cb44b6	40-omp-compact-replay	0
all-runs	2026-09-21T02:04:36Z	5cb44b6	50-house-gates	1
all-runs	2026-09-21T02:04:44Z	5cb44b6	10-fixture-integrity	0
all-runs	2026-09-21T02:04:44Z	5cb44b6	20-receipt-freshness	0
all-runs	2026-09-21T02:04:44Z	5cb44b6	30-no-secrets	0
all-runs	2026-09-21T02:04:46Z	5cb44b6	40-omp-compact-replay	0
all-runs	2026-09-21T02:04:46Z	5cb44b6	50-house-gates	1
all-runs	2026-09-21T02:04:49Z	5cb44b6	60-staged-deletion-lane	0
all-runs	2026-09-21T02:04:49Z	5cb44b6	70-tests-registry-sync	0
all-runs	2026-09-22T01:02:21Z	3b29ca3	10-fixture-integrity	0
all-runs	2026-09-22T01:02:21Z	3b29ca3	20-receipt-freshness	0
all-runs	2026-09-22T01:02:21Z	3b29ca3	30-no-secrets	0
all-runs	2026-09-22T01:02:22Z	3b29ca3	40-omp-compact-replay	0
all-runs	2026-09-22T01:02:22Z	3b29ca3	44-native-surface	0
all-runs	2026-09-22T01:02:22Z	3b29ca3	50-house-gates	0
all-runs	2026-09-22T01:02:25Z	3b29ca3	60-staged-deletion-lane	0
all-runs	2026-09-22T01:02:25Z	3b29ca3	70-tests-registry-sync	1
all-runs	2026-09-22T01:03:41Z	3b29ca3	80-lane-instrument-selftests	1
all-runs	2026-09-22T01:03:41Z	3b29ca3	85-promotion-contract	0
all-runs	2026-09-22T01:03:41Z	3b29ca3	90-sidecar-verifier-wrapper	0
all-runs	2026-09-22T01:03:42Z	3b29ca3	95-numerals-ratchet	0
all-runs	2026-09-22T01:03:42Z	3b29ca3	96-verdict-status-agreement	0
all-runs	2026-09-22T01:03:42Z	3b29ca3	97-readme-counts	1
all-runs	2026-09-22T02:05:20Z	56cc485	10-fixture-integrity	0
all-runs	2026-09-22T02:05:20Z	56cc485	20-receipt-freshness	0
all-runs	2026-09-22T02:05:20Z	56cc485	30-no-secrets	0
all-runs	2026-09-22T02:05:21Z	56cc485	40-omp-compact-replay	0
all-runs	2026-09-22T02:05:21Z	56cc485	44-native-surface	0
all-runs	2026-09-22T02:05:22Z	56cc485	50-house-gates	0
all-runs	2026-09-22T02:05:25Z	56cc485	60-staged-deletion-lane	0
all-runs	2026-09-22T02:05:26Z	56cc485	70-tests-registry-sync	1
all-runs	2026-09-22T02:07:09Z	56cc485	80-lane-instrument-selftests	1
all-runs	2026-09-22T02:07:09Z	56cc485	85-promotion-contract	0
all-runs	2026-09-22T02:07:10Z	56cc485	90-sidecar-verifier-wrapper	0
all-runs	2026-09-22T02:07:10Z	56cc485	95-numerals-ratchet	0
all-runs	2026-09-22T02:07:10Z	56cc485	96-verdict-status-agreement	0
all-runs	2026-09-22T02:07:10Z	56cc485	97-readme-counts	1
all-runs	2026-09-22T02:09:10Z	81a1daa	10-fixture-integrity	0
all-runs	2026-09-22T02:09:10Z	81a1daa	20-receipt-freshness	0
all-runs	2026-09-22T02:09:10Z	81a1daa	30-no-secrets	0
all-runs	2026-09-22T02:09:11Z	81a1daa	40-omp-compact-replay	0
all-runs	2026-09-22T02:09:11Z	81a1daa	44-native-surface	0
all-runs	2026-09-22T02:09:12Z	81a1daa	50-house-gates	0
all-runs	2026-09-22T02:09:14Z	81a1daa	60-staged-deletion-lane	0
all-runs	2026-09-22T02:09:14Z	81a1daa	70-tests-registry-sync	1
all-runs	2026-09-22T02:10:37Z	81a1daa	80-lane-instrument-selftests	1
all-runs	2026-09-22T02:10:37Z	81a1daa	85-promotion-contract	0
all-runs	2026-09-22T02:10:37Z	81a1daa	90-sidecar-verifier-wrapper	0
all-runs	2026-09-22T02:10:37Z	81a1daa	95-numerals-ratchet	0
all-runs	2026-09-22T02:10:37Z	81a1daa	96-verdict-status-agreement	0
all-runs	2026-09-22T02:10:38Z	81a1daa	97-readme-counts	0
all-runs	2026-09-22T02:12:45Z	5cc68bf	10-fixture-integrity	0
all-runs	2026-09-22T02:12:45Z	5cc68bf	20-receipt-freshness	0
all-runs	2026-09-22T02:12:45Z	5cc68bf	30-no-secrets	0
all-runs	2026-09-22T02:12:47Z	5cc68bf	40-omp-compact-replay	0
all-runs	2026-09-22T02:12:47Z	5cc68bf	44-native-surface	0
all-runs	2026-09-22T02:12:48Z	5cc68bf	50-house-gates	0
all-runs	2026-09-22T02:12:51Z	5cc68bf	60-staged-deletion-lane	0
all-runs	2026-09-22T02:12:51Z	5cc68bf	70-tests-registry-sync	0
all-runs	2026-09-22T02:14:10Z	5cc68bf	80-lane-instrument-selftests	1
all-runs	2026-09-22T02:14:11Z	5cc68bf	85-promotion-contract	0
all-runs	2026-09-22T02:14:11Z	5cc68bf	90-sidecar-verifier-wrapper	0
all-runs	2026-09-22T02:14:11Z	5cc68bf	95-numerals-ratchet	0
all-runs	2026-09-22T02:14:11Z	5cc68bf	96-verdict-status-agreement	0
all-runs	2026-09-22T02:14:11Z	5cc68bf	97-readme-counts	0
all-runs	2026-09-22T02:14:24Z	18b4d4f	10-fixture-integrity	0
all-runs	2026-09-22T02:14:24Z	18b4d4f	20-receipt-freshness	0
all-runs	2026-09-22T02:14:24Z	18b4d4f	30-no-secrets	0
all-runs	2026-09-22T02:14:25Z	18b4d4f	40-omp-compact-replay	0
all-runs	2026-09-22T02:14:25Z	18b4d4f	44-native-surface	0
all-runs	2026-09-22T02:14:26Z	18b4d4f	50-house-gates	0
all-runs	2026-09-22T02:14:28Z	18b4d4f	60-staged-deletion-lane	0
all-runs	2026-09-22T02:14:28Z	18b4d4f	70-tests-registry-sync	0
all-runs	2026-09-22T02:15:48Z	18b4d4f	80-lane-instrument-selftests	1
all-runs	2026-09-22T02:15:48Z	18b4d4f	85-promotion-contract	0
all-runs	2026-09-22T02:15:48Z	18b4d4f	90-sidecar-verifier-wrapper	0
all-runs	2026-09-22T02:15:48Z	18b4d4f	95-numerals-ratchet	0
all-runs	2026-09-22T02:15:48Z	18b4d4f	96-verdict-status-agreement	0
all-runs	2026-09-22T02:15:49Z	18b4d4f	97-readme-counts	0
all-runs	2026-09-23T02:25:11Z	33fe6ae	10-fixture-integrity	0
all-runs	2026-09-23T02:25:11Z	33fe6ae	15-kit-claim	0
all-runs	2026-09-23T02:25:12Z	33fe6ae	16-kit-readiness	0
all-runs	2026-09-23T02:25:12Z	33fe6ae	17-kit-demotion	0
all-runs	2026-09-23T02:25:12Z	33fe6ae	20-receipt-freshness	0
all-runs	2026-09-23T02:25:12Z	33fe6ae	30-no-secrets	0
all-runs	2026-09-23T02:25:13Z	33fe6ae	40-omp-compact-replay	0
all-runs	2026-09-23T02:25:13Z	33fe6ae	44-native-surface	0
all-runs	2026-09-23T02:25:14Z	33fe6ae	50-house-gates	0
all-runs	2026-09-23T02:25:16Z	33fe6ae	60-staged-deletion-lane	0
all-runs	2026-09-23T02:25:16Z	33fe6ae	70-tests-registry-sync	1
all-runs	2026-09-23T02:26:26Z	33fe6ae	80-lane-instrument-selftests	1
all-runs	2026-09-23T02:26:27Z	33fe6ae	85-promotion-contract	0
all-runs	2026-09-23T02:26:27Z	33fe6ae	90-sidecar-verifier-wrapper	0
all-runs	2026-09-23T02:26:27Z	33fe6ae	95-numerals-ratchet	0
all-runs	2026-09-23T02:26:27Z	33fe6ae	96-verdict-status-agreement	0
all-runs	2026-09-23T02:26:27Z	33fe6ae	97-readme-counts	1
all-runs	2026-09-23T02:27:07Z	33fe6ae	10-fixture-integrity	0
all-runs	2026-09-23T02:27:07Z	33fe6ae	15-kit-claim	0
all-runs	2026-09-23T02:27:07Z	33fe6ae	16-kit-readiness	0
all-runs	2026-09-23T02:27:07Z	33fe6ae	17-kit-demotion	0
all-runs	2026-09-23T02:27:07Z	33fe6ae	20-receipt-freshness	0
all-runs	2026-09-23T02:27:07Z	33fe6ae	30-no-secrets	0
all-runs	2026-09-23T02:27:08Z	33fe6ae	40-omp-compact-replay	0
all-runs	2026-09-23T02:27:08Z	33fe6ae	44-native-surface	0
all-runs	2026-09-23T02:27:09Z	33fe6ae	50-house-gates	0
all-runs	2026-09-23T02:27:11Z	33fe6ae	60-staged-deletion-lane	0
all-runs	2026-09-23T02:27:11Z	33fe6ae	70-tests-registry-sync	1
all-runs	2026-09-23T02:28:22Z	33fe6ae	80-lane-instrument-selftests	1
all-runs	2026-09-23T02:28:22Z	33fe6ae	85-promotion-contract	0
all-runs	2026-09-23T02:28:23Z	33fe6ae	90-sidecar-verifier-wrapper	0
all-runs	2026-09-23T02:28:23Z	33fe6ae	95-numerals-ratchet	0
all-runs	2026-09-23T02:28:23Z	33fe6ae	96-verdict-status-agreement	0
all-runs	2026-09-23T02:28:23Z	33fe6ae	97-readme-counts	1
all-runs	2026-09-23T02:29:13Z	33fe6ae	10-fixture-integrity	0
all-runs	2026-09-23T02:29:13Z	33fe6ae	15-kit-claim	0
all-runs	2026-09-23T02:29:13Z	33fe6ae	16-kit-readiness	0
all-runs	2026-09-23T02:29:13Z	33fe6ae	17-kit-demotion	0
all-runs	2026-09-23T02:29:13Z	33fe6ae	20-receipt-freshness	0
all-runs	2026-09-23T02:29:14Z	33fe6ae	30-no-secrets	0
all-runs	2026-09-23T02:29:15Z	33fe6ae	40-omp-compact-replay	0
all-runs	2026-09-23T02:29:15Z	33fe6ae	44-native-surface	0
all-runs	2026-09-23T02:29:15Z	33fe6ae	50-house-gates	0
all-runs	2026-09-23T02:29:17Z	33fe6ae	60-staged-deletion-lane	0
all-runs	2026-09-23T02:29:18Z	33fe6ae	70-tests-registry-sync	1
all-runs	2026-09-23T02:30:27Z	33fe6ae	80-lane-instrument-selftests	1
all-runs	2026-09-23T02:30:27Z	33fe6ae	85-promotion-contract	0
all-runs	2026-09-23T02:30:27Z	33fe6ae	90-sidecar-verifier-wrapper	0
all-runs	2026-09-23T02:30:27Z	33fe6ae	95-numerals-ratchet	0
all-runs	2026-09-23T02:30:27Z	33fe6ae	96-verdict-status-agreement	0
all-runs	2026-09-23T02:30:27Z	33fe6ae	97-readme-counts	1
all-runs	2026-09-23T02:37:35Z	efff421	10-fixture-integrity	0
all-runs	2026-09-23T02:37:35Z	efff421	15-kit-claim	0
all-runs	2026-09-23T02:37:36Z	efff421	16-kit-readiness	0
all-runs	2026-09-23T02:37:36Z	efff421	17-kit-demotion	0
all-runs	2026-09-23T02:37:36Z	efff421	20-receipt-freshness	0
all-runs	2026-09-23T02:37:36Z	efff421	30-no-secrets	0
all-runs	2026-09-23T02:37:37Z	efff421	40-omp-compact-replay	0
all-runs	2026-09-23T02:37:37Z	efff421	44-native-surface	0
all-runs	2026-09-23T02:37:37Z	efff421	50-house-gates	0
all-runs	2026-09-23T02:37:40Z	efff421	60-staged-deletion-lane	0
all-runs	2026-09-23T02:37:41Z	efff421	70-tests-registry-sync	0
all-runs	2026-09-23T02:39:02Z	efff421	80-lane-instrument-selftests	1
all-runs	2026-09-23T02:39:02Z	efff421	85-promotion-contract	0
all-runs	2026-09-23T02:39:02Z	efff421	90-sidecar-verifier-wrapper	0
all-runs	2026-09-23T02:39:02Z	efff421	95-numerals-ratchet	0
all-runs	2026-09-23T02:39:02Z	efff421	96-verdict-status-agreement	0
all-runs	2026-09-23T02:39:02Z	efff421	97-readme-counts	0
all-runs	2026-09-23T03:20:40Z	e3dd0c4	10-fixture-integrity	0
all-runs	2026-09-23T03:20:40Z	e3dd0c4	15-kit-claim	0
all-runs	2026-09-23T03:20:41Z	e3dd0c4	16-kit-readiness	0
all-runs	2026-09-23T03:20:41Z	e3dd0c4	17-kit-demotion	0
all-runs	2026-09-23T03:20:41Z	e3dd0c4	20-receipt-freshness	0
all-runs	2026-09-23T03:20:41Z	e3dd0c4	30-no-secrets	0
all-runs	2026-09-23T03:20:43Z	e3dd0c4	40-omp-compact-replay	0
all-runs	2026-09-23T03:20:43Z	e3dd0c4	44-native-surface	0
all-runs	2026-09-23T03:20:44Z	e3dd0c4	50-house-gates	0
all-runs	2026-09-23T03:20:48Z	e3dd0c4	60-staged-deletion-lane	0
all-runs	2026-09-23T03:20:48Z	e3dd0c4	70-tests-registry-sync	0
all-runs	2026-09-23T03:21:17Z	e3dd0c4	10-fixture-integrity	0
all-runs	2026-09-23T03:21:17Z	e3dd0c4	15-kit-claim	0
all-runs	2026-09-23T03:21:19Z	e3dd0c4	16-kit-readiness	0
all-runs	2026-09-23T03:21:19Z	e3dd0c4	17-kit-demotion	0
all-runs	2026-09-23T03:21:20Z	e3dd0c4	20-receipt-freshness	0
all-runs	2026-09-23T03:21:20Z	e3dd0c4	30-no-secrets	0
all-runs	2026-09-23T03:21:42Z	e3dd0c4	40-omp-compact-replay	0
all-runs	2026-09-23T03:21:43Z	e3dd0c4	44-native-surface	0
all-runs	2026-09-23T03:21:45Z	e3dd0c4	50-house-gates	0
all-runs	2026-09-23T03:21:53Z	e3dd0c4	60-staged-deletion-lane	0
all-runs	2026-09-23T03:21:53Z	e3dd0c4	70-tests-registry-sync	0
all-runs	2026-09-23T03:24:41Z	e3dd0c4	80-lane-instrument-selftests	0
all-runs	2026-09-23T03:24:41Z	e3dd0c4	85-promotion-contract	0
all-runs	2026-09-23T03:24:42Z	e3dd0c4	90-sidecar-verifier-wrapper	0
all-runs	2026-09-23T03:24:42Z	e3dd0c4	95-numerals-ratchet	0
all-runs	2026-09-23T03:24:42Z	e3dd0c4	96-verdict-status-agreement	0
all-runs	2026-09-23T03:24:42Z	e3dd0c4	97-readme-counts	0
all-runs	2026-09-23T03:25:15Z	e3dd0c4	80-lane-instrument-selftests	0
all-runs	2026-09-23T03:25:15Z	e3dd0c4	85-promotion-contract	0
all-runs	2026-09-23T03:25:16Z	e3dd0c4	90-sidecar-verifier-wrapper	0
all-runs	2026-09-23T03:25:16Z	e3dd0c4	95-numerals-ratchet	0
all-runs	2026-09-23T03:25:16Z	e3dd0c4	96-verdict-status-agreement	0
all-runs	2026-09-23T03:25:16Z	e3dd0c4	97-readme-counts	0
all-runs	2026-09-23T04:36:04Z	bcdd1cb	10-fixture-integrity	0
all-runs	2026-09-23T04:36:04Z	bcdd1cb	15-kit-claim	0
all-runs	2026-09-23T04:36:04Z	bcdd1cb	16-kit-readiness	0
all-runs	2026-09-23T04:36:05Z	bcdd1cb	17-kit-demotion	0
all-runs	2026-09-23T04:36:05Z	bcdd1cb	20-receipt-freshness	0
all-runs	2026-09-23T04:36:05Z	bcdd1cb	30-no-secrets	0
all-runs	2026-09-23T04:36:06Z	bcdd1cb	40-omp-compact-replay	0
all-runs	2026-09-23T04:36:06Z	bcdd1cb	44-native-surface	0
all-runs	2026-09-23T04:36:06Z	bcdd1cb	50-house-gates	0
all-runs	2026-09-23T04:36:09Z	bcdd1cb	60-staged-deletion-lane	0
all-runs	2026-09-23T04:36:09Z	bcdd1cb	70-tests-registry-sync	0
all-runs	2026-09-23T04:37:54Z	bcdd1cb	80-lane-instrument-selftests	0
all-runs	2026-09-23T04:37:55Z	bcdd1cb	85-promotion-contract	0
all-runs	2026-09-23T04:37:55Z	bcdd1cb	90-sidecar-verifier-wrapper	0
all-runs	2026-09-23T04:37:55Z	bcdd1cb	95-numerals-ratchet	0
all-runs	2026-09-23T04:37:55Z	bcdd1cb	96-verdict-status-agreement	0
all-runs	2026-09-23T04:37:55Z	bcdd1cb	97-readme-counts	0
all-runs	2026-09-23T05:41:03Z	1e59489	10-fixture-integrity	0
all-runs	2026-09-23T05:41:03Z	1e59489	15-kit-claim	0
all-runs	2026-09-23T05:41:04Z	1e59489	16-kit-readiness	0
all-runs	2026-09-23T05:41:04Z	1e59489	17-kit-demotion	0
all-runs	2026-09-23T05:41:04Z	1e59489	20-receipt-freshness	0
all-runs	2026-09-23T05:41:04Z	1e59489	30-no-secrets	0
all-runs	2026-09-23T05:41:06Z	1e59489	40-omp-compact-replay	0
all-runs	2026-09-23T05:41:06Z	1e59489	44-native-surface	0
all-runs	2026-09-23T05:41:06Z	1e59489	50-house-gates	0
all-runs	2026-09-23T05:41:10Z	1e59489	60-staged-deletion-lane	0
all-runs	2026-09-23T05:41:10Z	1e59489	70-tests-registry-sync	0
all-runs	2026-09-23T05:43:39Z	1e59489	80-lane-instrument-selftests	1
all-runs	2026-09-23T05:43:40Z	1e59489	85-promotion-contract	0
all-runs	2026-09-23T05:43:40Z	1e59489	90-sidecar-verifier-wrapper	0
all-runs	2026-09-23T05:43:41Z	1e59489	95-numerals-ratchet	0
all-runs	2026-09-23T05:43:41Z	1e59489	96-verdict-status-agreement	0
all-runs	2026-09-23T05:43:41Z	1e59489	97-readme-counts	0
all-runs	2026-09-23T05:50:47Z	3037f36	10-fixture-integrity	0
all-runs	2026-09-23T05:50:47Z	3037f36	15-kit-claim	0
all-runs	2026-09-23T05:50:47Z	3037f36	16-kit-readiness	0
all-runs	2026-09-23T05:50:47Z	3037f36	17-kit-demotion	0
all-runs	2026-09-23T05:50:47Z	3037f36	20-receipt-freshness	0
all-runs	2026-09-23T05:50:47Z	3037f36	30-no-secrets	0
all-runs	2026-09-23T05:50:49Z	3037f36	40-omp-compact-replay	0
all-runs	2026-09-23T05:50:49Z	3037f36	44-native-surface	0
all-runs	2026-09-23T05:50:49Z	3037f36	50-house-gates	0
all-runs	2026-09-23T05:50:52Z	3037f36	60-staged-deletion-lane	0
all-runs	2026-09-23T05:50:52Z	3037f36	70-tests-registry-sync	0
all-runs	2026-09-23T05:52:31Z	3037f36	80-lane-instrument-selftests	0
all-runs	2026-09-23T05:52:32Z	3037f36	85-promotion-contract	0
all-runs	2026-09-23T05:52:32Z	3037f36	90-sidecar-verifier-wrapper	0
all-runs	2026-09-23T05:52:32Z	3037f36	95-numerals-ratchet	0
all-runs	2026-09-23T05:52:32Z	3037f36	96-verdict-status-agreement	0
all-runs	2026-09-23T05:52:32Z	3037f36	97-readme-counts	0
all-runs	2026-09-24T01:29:52Z	f132b96	10-fixture-integrity	0
all-runs	2026-09-24T01:29:52Z	f132b96	15-kit-claim	0
all-runs	2026-09-24T01:29:53Z	f132b96	16-kit-readiness	0
all-runs	2026-09-24T01:29:53Z	f132b96	17-kit-demotion	0
all-runs	2026-09-24T01:29:53Z	f132b96	20-receipt-freshness	0
all-runs	2026-09-24T01:29:53Z	f132b96	30-no-secrets	0
all-runs	2026-09-24T01:29:54Z	f132b96	40-omp-compact-replay	0
all-runs	2026-09-24T01:29:55Z	f132b96	44-native-surface	0
all-runs	2026-09-24T01:29:55Z	f132b96	50-house-gates	0
all-runs	2026-09-24T01:30:00Z	f132b96	60-staged-deletion-lane	0
all-runs	2026-09-24T01:30:00Z	f132b96	70-tests-registry-sync	0
all-runs	2026-09-24T01:34:11Z	f132b96	80-lane-instrument-selftests	0
all-runs	2026-09-24T01:34:12Z	f132b96	85-promotion-contract	0
all-runs	2026-09-24T01:34:12Z	f132b96	90-sidecar-verifier-wrapper	0
all-runs	2026-09-24T01:34:13Z	f132b96	95-numerals-ratchet	0
all-runs	2026-09-24T01:34:13Z	f132b96	96-verdict-status-agreement	0
all-runs	2026-09-24T01:34:13Z	f132b96	97-readme-counts	0
all-runs	2026-09-24T02:04:29Z	4954b50	10-fixture-integrity	0
all-runs	2026-09-24T02:04:29Z	4954b50	15-kit-claim	0
all-runs	2026-09-24T02:04:30Z	4954b50	16-kit-readiness	0
all-runs	2026-09-24T02:04:31Z	4954b50	17-kit-demotion	0
all-runs	2026-09-24T02:04:31Z	4954b50	20-receipt-freshness	0
all-runs	2026-09-24T02:04:31Z	4954b50	30-no-secrets	0
all-runs	2026-09-24T02:04:33Z	4954b50	40-omp-compact-replay	0
all-runs	2026-09-24T02:04:33Z	4954b50	44-native-surface	0
all-runs	2026-09-24T02:04:34Z	4954b50	50-house-gates	0
all-runs	2026-09-24T02:04:38Z	4954b50	60-staged-deletion-lane	1
all-runs	2026-09-24T02:04:38Z	4954b50	70-tests-registry-sync	1
all-runs	2026-09-24T02:12:27Z	4954b50	80-lane-instrument-selftests	0
all-runs	2026-09-24T02:12:28Z	4954b50	85-promotion-contract	0
all-runs	2026-09-24T02:12:29Z	4954b50	90-sidecar-verifier-wrapper	0
all-runs	2026-09-24T02:12:30Z	4954b50	95-numerals-ratchet	0
all-runs	2026-09-24T02:12:31Z	4954b50	96-verdict-status-agreement	0
all-runs	2026-09-24T02:12:31Z	4954b50	97-readme-counts	0
all-runs	2026-09-24T02:14:34Z	eb4efd2	10-fixture-integrity	0
all-runs	2026-09-24T02:14:35Z	eb4efd2	15-kit-claim	0
all-runs	2026-09-24T02:14:38Z	eb4efd2	16-kit-readiness	0
all-runs	2026-09-24T02:14:38Z	eb4efd2	17-kit-demotion	0
all-runs	2026-09-24T02:14:38Z	eb4efd2	20-receipt-freshness	0
all-runs	2026-09-24T02:14:39Z	eb4efd2	30-no-secrets	0
all-runs	2026-09-24T02:14:50Z	eb4efd2	40-omp-compact-replay	0
all-runs	2026-09-24T02:14:51Z	eb4efd2	44-native-surface	0
all-runs	2026-09-24T02:14:53Z	eb4efd2	50-house-gates	0
all-runs	2026-09-24T02:15:05Z	eb4efd2	60-staged-deletion-lane	0
all-runs	2026-09-24T02:15:06Z	eb4efd2	70-tests-registry-sync	0
all-runs	2026-09-24T02:19:33Z	1e16af4	10-fixture-integrity	0
all-runs	2026-09-24T02:19:33Z	1e16af4	15-kit-claim	0
all-runs	2026-09-24T02:19:34Z	1e16af4	16-kit-readiness	0
all-runs	2026-09-24T02:19:34Z	1e16af4	17-kit-demotion	0
all-runs	2026-09-24T02:19:34Z	1e16af4	20-receipt-freshness	0
all-runs	2026-09-24T02:19:34Z	1e16af4	30-no-secrets	0
all-runs	2026-09-24T02:19:36Z	1e16af4	40-omp-compact-replay	0
all-runs	2026-09-24T02:19:37Z	1e16af4	44-native-surface	0
all-runs	2026-09-24T02:19:38Z	1e16af4	50-house-gates	0
all-runs	2026-09-24T02:19:43Z	1e16af4	60-staged-deletion-lane	0
all-runs	2026-09-24T02:19:43Z	1e16af4	70-tests-registry-sync	0
all-runs	2026-09-24T02:22:44Z	1e16af4	80-lane-instrument-selftests	0
all-runs	2026-09-24T02:22:44Z	1e16af4	85-promotion-contract	0
all-runs	2026-09-24T02:22:45Z	1e16af4	90-sidecar-verifier-wrapper	0
all-runs	2026-09-24T02:22:45Z	1e16af4	95-numerals-ratchet	0
all-runs	2026-09-24T02:22:45Z	1e16af4	96-verdict-status-agreement	0
all-runs	2026-09-24T02:22:45Z	1e16af4	97-readme-counts	0
all-runs	2026-09-24T04:03:47Z	8374fd4	10-fixture-integrity	0
all-runs	2026-09-24T04:03:51Z	8374fd4	15-kit-claim	0
all-runs	2026-09-24T04:03:53Z	8374fd4	16-kit-readiness	0
all-runs	2026-09-24T04:03:55Z	8374fd4	17-kit-demotion	0
all-runs	2026-09-24T04:03:55Z	8374fd4	20-receipt-freshness	0
all-runs	2026-09-24T04:03:56Z	8374fd4	30-no-secrets	0
all-runs	2026-09-24T04:04:00Z	8374fd4	40-omp-compact-replay	0
all-runs	2026-09-24T04:04:01Z	8374fd4	44-native-surface	0
all-runs	2026-09-24T04:04:03Z	8374fd4	50-house-gates	0
all-runs	2026-09-24T04:04:12Z	8374fd4	60-staged-deletion-lane	0
all-runs	2026-09-24T04:04:13Z	8374fd4	70-tests-registry-sync	0
all-runs	2026-09-24T04:08:18Z	8374fd4	80-lane-instrument-selftests	1
all-runs	2026-09-24T04:08:19Z	8374fd4	85-promotion-contract	0
all-runs	2026-09-24T04:08:19Z	8374fd4	90-sidecar-verifier-wrapper	0
all-runs	2026-09-24T04:08:19Z	8374fd4	95-numerals-ratchet	0
all-runs	2026-09-24T04:08:20Z	8374fd4	96-verdict-status-agreement	0
all-runs	2026-09-24T04:08:20Z	8374fd4	97-readme-counts	0
all-runs	2026-09-24T04:11:38Z	23ef548	10-fixture-integrity	0
all-runs	2026-09-24T04:11:41Z	23ef548	15-kit-claim	0
all-runs	2026-09-24T04:11:42Z	23ef548	16-kit-readiness	0
all-runs	2026-09-24T04:11:44Z	23ef548	17-kit-demotion	0
all-runs	2026-09-24T04:11:44Z	23ef548	20-receipt-freshness	0
all-runs	2026-09-24T04:11:44Z	23ef548	30-no-secrets	0
all-runs	2026-09-24T04:11:47Z	23ef548	40-omp-compact-replay	0
all-runs	2026-09-24T04:11:48Z	23ef548	44-native-surface	0
all-runs	2026-09-24T04:11:49Z	23ef548	50-house-gates	0
all-runs	2026-09-24T04:11:58Z	23ef548	60-staged-deletion-lane	0
all-runs	2026-09-24T04:11:58Z	23ef548	70-tests-registry-sync	0
all-runs	2026-09-24T04:15:28Z	23ef548	80-lane-instrument-selftests	0
all-runs	2026-09-24T04:15:29Z	23ef548	85-promotion-contract	0
all-runs	2026-09-24T04:15:29Z	23ef548	90-sidecar-verifier-wrapper	0
all-runs	2026-09-24T04:15:29Z	23ef548	95-numerals-ratchet	0
all-runs	2026-09-24T04:15:29Z	23ef548	96-verdict-status-agreement	0
all-runs	2026-09-24T04:15:29Z	23ef548	97-readme-counts	0
all-runs	2026-09-24T08:11:03Z	22b0b44	10-fixture-integrity	0
all-runs	2026-09-24T08:11:04Z	22b0b44	15-kit-claim	0
all-runs	2026-09-24T08:11:05Z	22b0b44	16-kit-readiness	0
all-runs	2026-09-24T08:11:05Z	22b0b44	17-kit-demotion	0
all-runs	2026-09-24T08:11:05Z	22b0b44	20-receipt-freshness	0
all-runs	2026-09-24T08:11:05Z	22b0b44	30-no-secrets	0
all-runs	2026-09-24T08:11:06Z	22b0b44	40-omp-compact-replay	0
all-runs	2026-09-24T08:11:07Z	22b0b44	44-native-surface	1
all-runs	2026-09-24T08:11:07Z	22b0b44	50-house-gates	0
all-runs	2026-09-24T08:11:09Z	22b0b44	60-staged-deletion-lane	0
all-runs	2026-09-24T08:11:09Z	22b0b44	70-tests-registry-sync	0
all-runs	2026-09-24T08:12:12Z	22b0b44	80-lane-instrument-selftests	1
all-runs	2026-09-24T08:12:12Z	22b0b44	85-promotion-contract	0
all-runs	2026-09-24T08:12:12Z	22b0b44	90-sidecar-verifier-wrapper	0
all-runs	2026-09-24T08:12:13Z	22b0b44	95-numerals-ratchet	0
all-runs	2026-09-24T08:12:13Z	22b0b44	96-verdict-status-agreement	0
all-runs	2026-09-24T08:12:13Z	22b0b44	97-readme-counts	0
all-runs	2026-09-24T08:12:13Z	22b0b44	10-fixture-integrity	0
all-runs	2026-09-24T08:12:14Z	22b0b44	15-kit-claim	0
all-runs	2026-09-24T08:12:14Z	22b0b44	16-kit-readiness	0
all-runs	2026-09-24T08:12:14Z	22b0b44	17-kit-demotion	0
all-runs	2026-09-24T08:12:15Z	22b0b44	20-receipt-freshness	0
all-runs	2026-09-24T08:12:15Z	22b0b44	30-no-secrets	0
all-runs	2026-09-24T08:12:15Z	22b0b44	40-omp-compact-replay	0
all-runs	2026-09-24T08:12:16Z	22b0b44	44-native-surface	1
all-runs	2026-09-24T08:12:16Z	22b0b44	50-house-gates	0
all-runs	2026-09-24T08:12:18Z	22b0b44	60-staged-deletion-lane	0
all-runs	2026-09-24T08:12:18Z	22b0b44	70-tests-registry-sync	0
all-runs	2026-09-24T08:13:21Z	22b0b44	80-lane-instrument-selftests	1
all-runs	2026-09-24T08:13:21Z	22b0b44	85-promotion-contract	0
all-runs	2026-09-24T08:13:21Z	22b0b44	90-sidecar-verifier-wrapper	0
all-runs	2026-09-24T08:13:21Z	22b0b44	95-numerals-ratchet	0
all-runs	2026-09-24T08:13:21Z	22b0b44	96-verdict-status-agreement	0
all-runs	2026-09-24T08:13:21Z	22b0b44	97-readme-counts	0
all-runs	2026-09-24T08:21:13Z	f0f7fe2	10-fixture-integrity	0
all-runs	2026-09-24T08:21:14Z	f0f7fe2	15-kit-claim	0
all-runs	2026-09-24T08:21:14Z	f0f7fe2	16-kit-readiness	0
all-runs	2026-09-24T08:21:15Z	f0f7fe2	17-kit-demotion	0
all-runs	2026-09-24T08:21:15Z	f0f7fe2	20-receipt-freshness	0
all-runs	2026-09-24T08:21:15Z	f0f7fe2	30-no-secrets	0
all-runs	2026-09-24T08:21:16Z	f0f7fe2	40-omp-compact-replay	0
all-runs	2026-09-24T08:21:16Z	f0f7fe2	44-native-surface	1
all-runs	2026-09-24T08:21:16Z	f0f7fe2	50-house-gates	0
all-runs	2026-09-24T08:21:18Z	f0f7fe2	60-staged-deletion-lane	0
all-runs	2026-09-24T08:21:19Z	f0f7fe2	70-tests-registry-sync	0
all-runs	2026-09-24T08:22:20Z	f0f7fe2	80-lane-instrument-selftests	0
all-runs	2026-09-24T08:22:20Z	f0f7fe2	85-promotion-contract	0
all-runs	2026-09-24T08:22:20Z	f0f7fe2	90-sidecar-verifier-wrapper	0
all-runs	2026-09-24T08:22:21Z	f0f7fe2	95-numerals-ratchet	0
all-runs	2026-09-24T08:22:21Z	f0f7fe2	96-verdict-status-agreement	0
all-runs	2026-09-24T08:22:21Z	f0f7fe2	97-readme-counts	0
all-runs	2026-09-24T08:28:02Z	4ff90fe	10-fixture-integrity	0
all-runs	2026-09-24T08:28:03Z	4ff90fe	15-kit-claim	0
all-runs	2026-09-24T08:28:03Z	4ff90fe	16-kit-readiness	0
all-runs	2026-09-24T08:28:03Z	4ff90fe	17-kit-demotion	0
all-runs	2026-09-24T08:28:03Z	4ff90fe	20-receipt-freshness	0
all-runs	2026-09-24T08:28:03Z	4ff90fe	30-no-secrets	0
all-runs	2026-09-24T08:28:04Z	4ff90fe	40-omp-compact-replay	0
all-runs	2026-09-24T08:28:04Z	4ff90fe	44-native-surface	1
all-runs	2026-09-24T08:28:05Z	4ff90fe	50-house-gates	0
all-runs	2026-09-24T08:28:07Z	4ff90fe	60-staged-deletion-lane	0
all-runs	2026-09-24T08:28:08Z	4ff90fe	70-tests-registry-sync	0
all-runs	2026-09-24T08:29:09Z	4ff90fe	80-lane-instrument-selftests	0
all-runs	2026-09-24T08:29:10Z	4ff90fe	85-promotion-contract	0
all-runs	2026-09-24T08:29:10Z	4ff90fe	90-sidecar-verifier-wrapper	0
all-runs	2026-09-24T08:29:10Z	4ff90fe	95-numerals-ratchet	0
all-runs	2026-09-24T08:29:10Z	4ff90fe	96-verdict-status-agreement	0
all-runs	2026-09-24T08:29:10Z	4ff90fe	97-readme-counts	0
all-runs	2026-09-24T08:29:10Z	7d28c6c	10-fixture-integrity	0
all-runs	2026-09-24T08:29:11Z	7d28c6c	15-kit-claim	0
all-runs	2026-09-24T08:29:11Z	7d28c6c	16-kit-readiness	0
all-runs	2026-09-24T08:29:12Z	7d28c6c	17-kit-demotion	0
all-runs	2026-09-24T08:29:12Z	7d28c6c	20-receipt-freshness	0
all-runs	2026-09-24T08:29:12Z	7d28c6c	30-no-secrets	0
all-runs	2026-09-24T08:29:13Z	7d28c6c	40-omp-compact-replay	0
all-runs	2026-09-24T08:29:13Z	7d28c6c	44-native-surface	1
all-runs	2026-09-24T08:29:14Z	7d28c6c	50-house-gates	0
all-runs	2026-09-24T08:29:16Z	7d28c6c	60-staged-deletion-lane	0
all-runs	2026-09-24T08:29:16Z	7d28c6c	70-tests-registry-sync	0
all-runs	2026-09-24T08:30:19Z	7d28c6c	80-lane-instrument-selftests	1
all-runs	2026-09-24T08:30:20Z	7d28c6c	85-promotion-contract	0
all-runs	2026-09-24T08:30:20Z	7d28c6c	90-sidecar-verifier-wrapper	0
all-runs	2026-09-24T08:30:20Z	7d28c6c	95-numerals-ratchet	0
all-runs	2026-09-24T08:30:20Z	7d28c6c	96-verdict-status-agreement	0
all-runs	2026-09-24T08:30:20Z	7d28c6c	97-readme-counts	0
all-runs	2026-09-24T08:55:40Z	9da0e2b	10-fixture-integrity	0
all-runs	2026-09-24T08:55:41Z	9da0e2b	15-kit-claim	0
all-runs	2026-09-24T08:55:41Z	9da0e2b	16-kit-readiness	0
all-runs	2026-09-24T08:55:42Z	9da0e2b	17-kit-demotion	0
all-runs	2026-09-24T08:55:42Z	9da0e2b	20-receipt-freshness	0
all-runs	2026-09-24T08:55:42Z	9da0e2b	30-no-secrets	0
all-runs	2026-09-24T08:55:43Z	9da0e2b	40-omp-compact-replay	0
all-runs	2026-09-24T08:55:43Z	9da0e2b	44-native-surface	0
all-runs	2026-09-24T08:55:43Z	9da0e2b	50-house-gates	0
all-runs	2026-09-24T08:55:46Z	9da0e2b	60-staged-deletion-lane	0
all-runs	2026-09-24T08:55:46Z	9da0e2b	70-tests-registry-sync	0
all-runs	2026-09-24T08:56:51Z	9da0e2b	80-lane-instrument-selftests	0
all-runs	2026-09-24T08:56:51Z	9da0e2b	85-promotion-contract	0
all-runs	2026-09-24T08:56:51Z	9da0e2b	90-sidecar-verifier-wrapper	0
all-runs	2026-09-24T08:56:52Z	9da0e2b	95-numerals-ratchet	0
all-runs	2026-09-24T08:56:52Z	9da0e2b	96-verdict-status-agreement	0
all-runs	2026-09-24T08:56:52Z	9da0e2b	97-readme-counts	0
all-runs	2026-09-24T09:08:00Z	037a807	10-fixture-integrity	0
all-runs	2026-09-24T09:08:01Z	037a807	15-kit-claim	0
all-runs	2026-09-24T09:08:01Z	037a807	16-kit-readiness	0
all-runs	2026-09-24T09:08:02Z	037a807	17-kit-demotion	0
all-runs	2026-09-24T09:08:02Z	037a807	20-receipt-freshness	0
all-runs	2026-09-24T09:08:02Z	037a807	30-no-secrets	0
all-runs	2026-09-24T09:08:03Z	037a807	40-omp-compact-replay	0
all-runs	2026-09-24T09:08:03Z	037a807	44-native-surface	0
all-runs	2026-09-24T09:08:03Z	037a807	50-house-gates	0
all-runs	2026-09-24T09:08:06Z	037a807	60-staged-deletion-lane	0
all-runs	2026-09-24T09:08:06Z	037a807	70-tests-registry-sync	0
all-runs	2026-09-24T09:09:13Z	037a807	80-lane-instrument-selftests	0
all-runs	2026-09-24T09:09:13Z	037a807	85-promotion-contract	0
all-runs	2026-09-24T09:09:13Z	037a807	90-sidecar-verifier-wrapper	0
all-runs	2026-09-24T09:09:13Z	037a807	95-numerals-ratchet	0
all-runs	2026-09-24T09:09:13Z	037a807	96-verdict-status-agreement	0
all-runs	2026-09-24T09:09:13Z	037a807	97-readme-counts	0
one-per-sha	2026-09-20T09:20:59Z	013cf99	10-fixture-integrity	0
one-per-sha	2026-09-20T09:20:59Z	013cf99	20-receipt-freshness	0
one-per-sha	2026-09-20T09:20:59Z	013cf99	30-no-secrets	0
one-per-sha	2026-09-20T09:21:00Z	013cf99	40-omp-compact-replay	0
one-per-sha	2026-09-20T09:21:00Z	013cf99	50-house-gates	0
one-per-sha	2026-09-20T09:21:04Z	013cf99	60-staged-deletion-lane	0
one-per-sha	2026-09-20T09:21:04Z	013cf99	70-tests-registry-sync	0
one-per-sha	2026-09-20T09:21:21Z	013cf99	80-lane-instrument-selftests	0
one-per-sha	2026-09-20T09:21:22Z	013cf99	85-promotion-contract	0
one-per-sha	2026-09-20T09:21:22Z	013cf99	90-sidecar-verifier-wrapper	0
one-per-sha	2026-09-20T09:21:22Z	013cf99	95-numerals-ratchet	0
one-per-sha	2026-09-20T09:21:22Z	013cf99	96-verdict-status-agreement	0
one-per-sha	2026-09-20T09:21:22Z	013cf99	97-readme-counts	0
one-per-sha	2026-09-20T13:00:52Z	02a05f6	10-fixture-integrity	0
one-per-sha	2026-09-20T13:00:52Z	02a05f6	20-receipt-freshness	0
one-per-sha	2026-09-20T13:00:52Z	02a05f6	30-no-secrets	0
one-per-sha	2026-09-20T13:00:54Z	02a05f6	40-omp-compact-replay	0
one-per-sha	2026-09-20T13:00:54Z	02a05f6	50-house-gates	0
one-per-sha	2026-09-20T13:00:57Z	02a05f6	60-staged-deletion-lane	0
one-per-sha	2026-09-20T13:00:57Z	02a05f6	70-tests-registry-sync	0
one-per-sha	2026-09-20T13:01:15Z	02a05f6	80-lane-instrument-selftests	0
one-per-sha	2026-09-20T13:01:15Z	02a05f6	85-promotion-contract	0
one-per-sha	2026-09-20T13:01:15Z	02a05f6	90-sidecar-verifier-wrapper	0
one-per-sha	2026-09-20T13:01:15Z	02a05f6	95-numerals-ratchet	0
one-per-sha	2026-09-20T13:01:15Z	02a05f6	96-verdict-status-agreement	0
one-per-sha	2026-09-20T13:01:15Z	02a05f6	97-readme-counts	0
one-per-sha	2026-09-20T18:30:47Z	02c3a5f	10-fixture-integrity	0
one-per-sha	2026-09-20T18:30:47Z	02c3a5f	20-receipt-freshness	0
one-per-sha	2026-09-20T18:30:47Z	02c3a5f	30-no-secrets	0
one-per-sha	2026-09-20T18:30:48Z	02c3a5f	40-omp-compact-replay	0
one-per-sha	2026-09-20T18:30:49Z	02c3a5f	50-house-gates	0
one-per-sha	2026-09-20T18:30:52Z	02c3a5f	60-staged-deletion-lane	0
one-per-sha	2026-09-20T18:30:52Z	02c3a5f	70-tests-registry-sync	0
one-per-sha	2026-09-20T18:31:16Z	02c3a5f	80-lane-instrument-selftests	0
one-per-sha	2026-09-20T18:31:16Z	02c3a5f	85-promotion-contract	0
one-per-sha	2026-09-20T18:31:16Z	02c3a5f	90-sidecar-verifier-wrapper	0
one-per-sha	2026-09-20T18:31:16Z	02c3a5f	95-numerals-ratchet	0
one-per-sha	2026-09-20T18:31:16Z	02c3a5f	96-verdict-status-agreement	0
one-per-sha	2026-09-20T18:31:16Z	02c3a5f	97-readme-counts	0
one-per-sha	2026-09-19T22:30:15Z	02f05f8	10-fixture-integrity	0
one-per-sha	2026-09-19T22:30:15Z	02f05f8	20-receipt-freshness	0
one-per-sha	2026-09-19T22:30:15Z	02f05f8	30-no-secrets	0
one-per-sha	2026-09-19T22:30:16Z	02f05f8	40-omp-compact-replay	0
one-per-sha	2026-09-19T22:30:16Z	02f05f8	50-house-gates	0
one-per-sha	2026-09-19T22:30:19Z	02f05f8	60-staged-deletion-lane	0
one-per-sha	2026-09-19T22:30:19Z	02f05f8	70-tests-registry-sync	0
one-per-sha	2026-09-19T22:30:35Z	02f05f8	80-lane-instrument-selftests	0
one-per-sha	2026-09-19T22:30:36Z	02f05f8	90-sidecar-verifier-wrapper	0
one-per-sha	2026-09-19T22:30:36Z	02f05f8	95-numerals-ratchet	0
one-per-sha	2026-09-19T22:30:36Z	02f05f8	96-verdict-status-agreement	0
one-per-sha	2026-09-19T22:30:36Z	02f05f8	97-readme-counts	0
one-per-sha	2026-09-19T17:26:27Z	02f6c5b	10-fixture-integrity	0
one-per-sha	2026-09-19T17:26:27Z	02f6c5b	20-receipt-freshness	0
one-per-sha	2026-09-19T17:26:27Z	02f6c5b	30-no-secrets	0
one-per-sha	2026-09-19T17:26:28Z	02f6c5b	40-omp-compact-replay	0
one-per-sha	2026-09-19T17:26:28Z	02f6c5b	50-house-gates	0
one-per-sha	2026-09-19T17:26:32Z	02f6c5b	60-staged-deletion-lane	0
one-per-sha	2026-09-19T17:26:32Z	02f6c5b	70-tests-registry-sync	0
one-per-sha	2026-09-19T17:26:49Z	02f6c5b	80-lane-instrument-selftests	0
one-per-sha	2026-09-19T17:26:49Z	02f6c5b	90-sidecar-verifier-wrapper	0
one-per-sha	2026-09-19T17:26:50Z	02f6c5b	95-numerals-ratchet	0
one-per-sha	2026-09-19T17:26:50Z	02f6c5b	96-verdict-status-agreement	0
one-per-sha	2026-09-19T17:26:50Z	02f6c5b	97-readme-counts	0
one-per-sha	2026-09-20T03:12:50Z	033d61f	10-fixture-integrity	0
one-per-sha	2026-09-20T03:12:50Z	033d61f	20-receipt-freshness	0
one-per-sha	2026-09-20T03:12:50Z	033d61f	30-no-secrets	0
one-per-sha	2026-09-20T03:12:51Z	033d61f	40-omp-compact-replay	0
one-per-sha	2026-09-20T03:12:51Z	033d61f	50-house-gates	0
one-per-sha	2026-09-20T03:12:54Z	033d61f	60-staged-deletion-lane	0
one-per-sha	2026-09-20T03:12:54Z	033d61f	70-tests-registry-sync	0
one-per-sha	2026-09-20T03:13:11Z	033d61f	80-lane-instrument-selftests	0
one-per-sha	2026-09-20T03:13:11Z	033d61f	90-sidecar-verifier-wrapper	0
one-per-sha	2026-09-20T03:13:11Z	033d61f	95-numerals-ratchet	0
one-per-sha	2026-09-20T03:13:11Z	033d61f	96-verdict-status-agreement	0
one-per-sha	2026-09-20T03:13:11Z	033d61f	97-readme-counts	0
one-per-sha	2026-09-24T09:08:00Z	037a807	10-fixture-integrity	0
one-per-sha	2026-09-24T09:08:01Z	037a807	15-kit-claim	0
one-per-sha	2026-09-24T09:08:01Z	037a807	16-kit-readiness	0
one-per-sha	2026-09-24T09:08:02Z	037a807	17-kit-demotion	0
one-per-sha	2026-09-24T09:08:02Z	037a807	20-receipt-freshness	0
one-per-sha	2026-09-24T09:08:02Z	037a807	30-no-secrets	0
one-per-sha	2026-09-24T09:08:03Z	037a807	40-omp-compact-replay	0
one-per-sha	2026-09-24T09:08:03Z	037a807	44-native-surface	0
one-per-sha	2026-09-24T09:08:03Z	037a807	50-house-gates	0
one-per-sha	2026-09-24T09:08:06Z	037a807	60-staged-deletion-lane	0
one-per-sha	2026-09-24T09:08:06Z	037a807	70-tests-registry-sync	0
one-per-sha	2026-09-24T09:09:13Z	037a807	80-lane-instrument-selftests	0
one-per-sha	2026-09-24T09:09:13Z	037a807	85-promotion-contract	0
one-per-sha	2026-09-24T09:09:13Z	037a807	90-sidecar-verifier-wrapper	0
one-per-sha	2026-09-24T09:09:13Z	037a807	95-numerals-ratchet	0
one-per-sha	2026-09-24T09:09:13Z	037a807	96-verdict-status-agreement	0
one-per-sha	2026-09-24T09:09:13Z	037a807	97-readme-counts	0
one-per-sha	2026-09-20T18:40:38Z	038aeb4	10-fixture-integrity	0
one-per-sha	2026-09-20T18:40:38Z	038aeb4	20-receipt-freshness	0
one-per-sha	2026-09-20T18:40:38Z	038aeb4	30-no-secrets	0
one-per-sha	2026-09-20T18:40:39Z	038aeb4	40-omp-compact-replay	0
one-per-sha	2026-09-20T18:40:40Z	038aeb4	50-house-gates	0
one-per-sha	2026-09-20T18:40:43Z	038aeb4	60-staged-deletion-lane	0
one-per-sha	2026-09-20T18:40:43Z	038aeb4	70-tests-registry-sync	0
one-per-sha	2026-09-20T18:41:07Z	038aeb4	80-lane-instrument-selftests	0
one-per-sha	2026-09-20T18:41:08Z	038aeb4	85-promotion-contract	0
one-per-sha	2026-09-20T18:41:08Z	038aeb4	90-sidecar-verifier-wrapper	0
one-per-sha	2026-09-20T18:41:08Z	038aeb4	95-numerals-ratchet	0
one-per-sha	2026-09-20T18:41:08Z	038aeb4	96-verdict-status-agreement	0
one-per-sha	2026-09-20T18:41:08Z	038aeb4	97-readme-counts	0
one-per-sha	2026-09-20T04:00:10Z	0566c5b	10-fixture-integrity	0
one-per-sha	2026-09-20T04:00:10Z	0566c5b	20-receipt-freshness	0
one-per-sha	2026-09-20T04:00:10Z	0566c5b	30-no-secrets	0
one-per-sha	2026-09-20T04:00:11Z	0566c5b	40-omp-compact-replay	0
one-per-sha	2026-09-20T04:00:11Z	0566c5b	50-house-gates	0
one-per-sha	2026-09-20T04:00:14Z	0566c5b	60-staged-deletion-lane	0
one-per-sha	2026-09-20T04:00:14Z	0566c5b	70-tests-registry-sync	0
one-per-sha	2026-09-20T04:00:31Z	0566c5b	80-lane-instrument-selftests	0
one-per-sha	2026-09-20T04:00:31Z	0566c5b	90-sidecar-verifier-wrapper	0
one-per-sha	2026-09-20T04:00:31Z	0566c5b	95-numerals-ratchet	0
one-per-sha	2026-09-20T04:00:31Z	0566c5b	96-verdict-status-agreement	0
one-per-sha	2026-09-20T04:00:32Z	0566c5b	97-readme-counts	0
one-per-sha	2026-09-19T04:40:58Z	05a639d	10-fixture-integrity	0
one-per-sha	2026-09-19T04:40:58Z	05a639d	20-receipt-freshness	0
one-per-sha	2026-09-19T04:40:58Z	05a639d	30-no-secrets	0
one-per-sha	2026-09-19T04:40:59Z	05a639d	40-omp-compact-replay	0
one-per-sha	2026-09-19T04:40:59Z	05a639d	50-house-gates	0
one-per-sha	2026-09-19T04:41:03Z	05a639d	60-staged-deletion-lane	0
one-per-sha	2026-09-19T04:41:03Z	05a639d	70-tests-registry-sync	0
one-per-sha	2026-09-19T04:41:18Z	05a639d	80-lane-instrument-selftests	0
one-per-sha	2026-09-19T04:41:18Z	05a639d	90-sidecar-verifier-wrapper	0
one-per-sha	2026-09-19T04:41:18Z	05a639d	95-numerals-ratchet	0
one-per-sha	2026-09-19T04:41:18Z	05a639d	96-verdict-status-agreement	0
one-per-sha	2026-09-19T04:41:18Z	05a639d	97-readme-counts	0
one-per-sha	2026-09-20T19:58:02Z	079d9ca	10-fixture-integrity	0
one-per-sha	2026-09-20T19:58:02Z	079d9ca	20-receipt-freshness	0
one-per-sha	2026-09-20T19:58:02Z	079d9ca	30-no-secrets	0
one-per-sha	2026-09-20T19:58:03Z	079d9ca	40-omp-compact-replay	0
one-per-sha	2026-09-20T19:58:03Z	079d9ca	50-house-gates	0
one-per-sha	2026-09-20T19:58:06Z	079d9ca	60-staged-deletion-lane	0
one-per-sha	2026-09-20T19:58:07Z	079d9ca	70-tests-registry-sync	0
one-per-sha	2026-09-20T19:58:41Z	079d9ca	80-lane-instrument-selftests	0
one-per-sha	2026-09-20T19:58:41Z	079d9ca	85-promotion-contract	0
one-per-sha	2026-09-20T19:58:42Z	079d9ca	90-sidecar-verifier-wrapper	0
one-per-sha	2026-09-20T19:58:42Z	079d9ca	95-numerals-ratchet	0
one-per-sha	2026-09-20T19:58:42Z	079d9ca	96-verdict-status-agreement	0
one-per-sha	2026-09-20T19:58:42Z	079d9ca	97-readme-counts	0
one-per-sha	2026-09-20T05:08:20Z	0840e3d	10-fixture-integrity	0
one-per-sha	2026-09-20T05:08:20Z	0840e3d	20-receipt-freshness	0
one-per-sha	2026-09-20T05:08:20Z	0840e3d	30-no-secrets	0
one-per-sha	2026-09-20T05:08:21Z	0840e3d	40-omp-compact-replay	0
one-per-sha	2026-09-20T05:08:21Z	0840e3d	50-house-gates	0
one-per-sha	2026-09-20T05:08:25Z	0840e3d	60-staged-deletion-lane	0
one-per-sha	2026-09-20T05:08:25Z	0840e3d	70-tests-registry-sync	0
one-per-sha	2026-09-20T05:08:43Z	0840e3d	80-lane-instrument-selftests	0
one-per-sha	2026-09-20T05:08:44Z	0840e3d	85-promotion-contract	0
one-per-sha	2026-09-20T05:08:44Z	0840e3d	90-sidecar-verifier-wrapper	0
one-per-sha	2026-09-20T05:08:44Z	0840e3d	95-numerals-ratchet	0
one-per-sha	2026-09-20T05:08:44Z	0840e3d	96-verdict-status-agreement	0
one-per-sha	2026-09-20T05:08:44Z	0840e3d	97-readme-counts	0
one-per-sha	2026-09-20T06:30:07Z	0a3bd5f	10-fixture-integrity	0
one-per-sha	2026-09-20T06:30:07Z	0a3bd5f	20-receipt-freshness	0
one-per-sha	2026-09-20T06:30:07Z	0a3bd5f	30-no-secrets	0
one-per-sha	2026-09-20T06:30:08Z	0a3bd5f	40-omp-compact-replay	0
one-per-sha	2026-09-20T06:30:09Z	0a3bd5f	50-house-gates	0
one-per-sha	2026-09-20T06:30:16Z	0a3bd5f	60-staged-deletion-lane	0
one-per-sha	2026-09-20T06:30:16Z	0a3bd5f	70-tests-registry-sync	0
one-per-sha	2026-09-20T06:30:34Z	0a3bd5f	80-lane-instrument-selftests	0
one-per-sha	2026-09-20T06:30:35Z	0a3bd5f	85-promotion-contract	0
one-per-sha	2026-09-20T06:30:35Z	0a3bd5f	90-sidecar-verifier-wrapper	0
one-per-sha	2026-09-20T06:30:35Z	0a3bd5f	95-numerals-ratchet	0
one-per-sha	2026-09-20T06:30:35Z	0a3bd5f	96-verdict-status-agreement	0
one-per-sha	2026-09-20T06:30:35Z	0a3bd5f	97-readme-counts	0
one-per-sha	2026-09-19T21:07:36Z	0a7e7b2	10-fixture-integrity	0
one-per-sha	2026-09-19T21:07:36Z	0a7e7b2	20-receipt-freshness	0
one-per-sha	2026-09-19T21:07:36Z	0a7e7b2	30-no-secrets	0
one-per-sha	2026-09-19T21:07:37Z	0a7e7b2	40-omp-compact-replay	0
one-per-sha	2026-09-19T21:07:37Z	0a7e7b2	50-house-gates	0
one-per-sha	2026-09-19T21:07:41Z	0a7e7b2	60-staged-deletion-lane	0
one-per-sha	2026-09-19T21:07:41Z	0a7e7b2	70-tests-registry-sync	0
one-per-sha	2026-09-19T21:07:57Z	0a7e7b2	80-lane-instrument-selftests	0
one-per-sha	2026-09-19T21:07:57Z	0a7e7b2	90-sidecar-verifier-wrapper	0
one-per-sha	2026-09-19T21:07:57Z	0a7e7b2	95-numerals-ratchet	0
one-per-sha	2026-09-19T21:07:57Z	0a7e7b2	96-verdict-status-agreement	0
one-per-sha	2026-09-19T21:07:57Z	0a7e7b2	97-readme-counts	0
one-per-sha	2026-09-20T03:55:41Z	0befea4	10-fixture-integrity	0
one-per-sha	2026-09-20T03:55:41Z	0befea4	20-receipt-freshness	0
one-per-sha	2026-09-20T03:55:41Z	0befea4	30-no-secrets	0
one-per-sha	2026-09-20T03:55:42Z	0befea4	40-omp-compact-replay	0
one-per-sha	2026-09-20T03:55:42Z	0befea4	50-house-gates	0
one-per-sha	2026-09-20T03:55:46Z	0befea4	60-staged-deletion-lane	0
one-per-sha	2026-09-20T03:55:46Z	0befea4	70-tests-registry-sync	0
one-per-sha	2026-09-20T03:56:03Z	0befea4	80-lane-instrument-selftests	0
one-per-sha	2026-09-20T03:56:03Z	0befea4	90-sidecar-verifier-wrapper	0
one-per-sha	2026-09-20T03:56:03Z	0befea4	95-numerals-ratchet	0
one-per-sha	2026-09-20T03:56:03Z	0befea4	96-verdict-status-agreement	0
one-per-sha	2026-09-20T03:56:03Z	0befea4	97-readme-counts	0
one-per-sha	2026-09-19T11:01:37Z	0d17865	10-fixture-integrity	0
one-per-sha	2026-09-19T11:01:37Z	0d17865	20-receipt-freshness	0
one-per-sha	2026-09-19T11:01:37Z	0d17865	30-no-secrets	0
one-per-sha	2026-09-19T11:01:38Z	0d17865	40-omp-compact-replay	0
one-per-sha	2026-09-19T11:01:39Z	0d17865	50-house-gates	0
one-per-sha	2026-09-19T11:01:41Z	0d17865	60-staged-deletion-lane	0
one-per-sha	2026-09-19T11:01:42Z	0d17865	70-tests-registry-sync	0
one-per-sha	2026-09-19T11:01:58Z	0d17865	80-lane-instrument-selftests	0
one-per-sha	2026-09-19T11:01:58Z	0d17865	90-sidecar-verifier-wrapper	0
one-per-sha	2026-09-19T11:01:58Z	0d17865	95-numerals-ratchet	0
one-per-sha	2026-09-19T11:01:58Z	0d17865	96-verdict-status-agreement	0
one-per-sha	2026-09-19T11:01:58Z	0d17865	97-readme-counts	0
one-per-sha	2026-09-19T11:41:34Z	0dc08bd	10-fixture-integrity	0
one-per-sha	2026-09-19T11:41:35Z	0dc08bd	20-receipt-freshness	0
one-per-sha	2026-09-19T11:41:35Z	0dc08bd	30-no-secrets	0
one-per-sha	2026-09-19T11:41:36Z	0dc08bd	40-omp-compact-replay	0
one-per-sha	2026-09-19T11:41:36Z	0dc08bd	50-house-gates	0
one-per-sha	2026-09-19T11:41:40Z	0dc08bd	60-staged-deletion-lane	0
one-per-sha	2026-09-19T11:41:40Z	0dc08bd	70-tests-registry-sync	0
one-per-sha	2026-09-19T11:41:55Z	0dc08bd	80-lane-instrument-selftests	0
one-per-sha	2026-09-19T11:41:55Z	0dc08bd	90-sidecar-verifier-wrapper	0
one-per-sha	2026-09-19T11:41:56Z	0dc08bd	95-numerals-ratchet	0
one-per-sha	2026-09-19T11:41:56Z	0dc08bd	96-verdict-status-agreement	0
one-per-sha	2026-09-19T11:41:56Z	0dc08bd	97-readme-counts	0
one-per-sha	2026-09-19T13:01:37Z	0ef613d	10-fixture-integrity	0
one-per-sha	2026-09-19T13:01:37Z	0ef613d	20-receipt-freshness	0
one-per-sha	2026-09-19T13:01:37Z	0ef613d	30-no-secrets	0
one-per-sha	2026-09-19T13:01:38Z	0ef613d	40-omp-compact-replay	0
one-per-sha	2026-09-19T13:01:38Z	0ef613d	50-house-gates	0
one-per-sha	2026-09-19T13:01:41Z	0ef613d	60-staged-deletion-lane	0
one-per-sha	2026-09-19T13:01:41Z	0ef613d	70-tests-registry-sync	0
one-per-sha	2026-09-19T13:01:57Z	0ef613d	80-lane-instrument-selftests	0
one-per-sha	2026-09-19T13:01:58Z	0ef613d	90-sidecar-verifier-wrapper	0
one-per-sha	2026-09-19T13:01:58Z	0ef613d	95-numerals-ratchet	0
one-per-sha	2026-09-19T13:01:58Z	0ef613d	96-verdict-status-agreement	0
one-per-sha	2026-09-19T13:01:58Z	0ef613d	97-readme-counts	0
one-per-sha	2026-09-20T11:22:40Z	0f050b3	10-fixture-integrity	0
one-per-sha	2026-09-20T11:22:40Z	0f050b3	20-receipt-freshness	0
one-per-sha	2026-09-20T11:22:40Z	0f050b3	30-no-secrets	0
one-per-sha	2026-09-20T11:22:41Z	0f050b3	40-omp-compact-replay	0
one-per-sha	2026-09-20T11:22:41Z	0f050b3	50-house-gates	0
one-per-sha	2026-09-20T11:22:44Z	0f050b3	60-staged-deletion-lane	0
one-per-sha	2026-09-20T11:22:44Z	0f050b3	70-tests-registry-sync	0
one-per-sha	2026-09-20T11:23:01Z	0f050b3	80-lane-instrument-selftests	0
one-per-sha	2026-09-20T11:23:02Z	0f050b3	85-promotion-contract	0
one-per-sha	2026-09-20T11:23:02Z	0f050b3	90-sidecar-verifier-wrapper	0
one-per-sha	2026-09-20T11:23:02Z	0f050b3	95-numerals-ratchet	0
one-per-sha	2026-09-20T11:23:02Z	0f050b3	96-verdict-status-agreement	0
one-per-sha	2026-09-20T11:23:02Z	0f050b3	97-readme-counts	0
one-per-sha	2026-09-19T05:01:13Z	103d9ae	10-fixture-integrity	0
one-per-sha	2026-09-19T05:01:13Z	103d9ae	20-receipt-freshness	0
one-per-sha	2026-09-19T05:01:13Z	103d9ae	30-no-secrets	0
one-per-sha	2026-09-19T05:01:14Z	103d9ae	40-omp-compact-replay	0
one-per-sha	2026-09-19T05:01:14Z	103d9ae	50-house-gates	0
one-per-sha	2026-09-19T05:01:17Z	103d9ae	60-staged-deletion-lane	0
one-per-sha	2026-09-19T05:01:17Z	103d9ae	70-tests-registry-sync	0
one-per-sha	2026-09-19T05:01:32Z	103d9ae	80-lane-instrument-selftests	0
one-per-sha	2026-09-19T05:01:32Z	103d9ae	90-sidecar-verifier-wrapper	0
one-per-sha	2026-09-19T05:01:33Z	103d9ae	95-numerals-ratchet	0
one-per-sha	2026-09-19T05:01:33Z	103d9ae	96-verdict-status-agreement	0
one-per-sha	2026-09-19T05:01:33Z	103d9ae	97-readme-counts	0
one-per-sha	2026-09-20T00:59:06Z	1143dec	10-fixture-integrity	0
one-per-sha	2026-09-20T00:59:06Z	1143dec	20-receipt-freshness	0
one-per-sha	2026-09-20T00:59:06Z	1143dec	30-no-secrets	0
one-per-sha	2026-09-20T00:59:07Z	1143dec	40-omp-compact-replay	0
one-per-sha	2026-09-20T00:59:07Z	1143dec	50-house-gates	0
one-per-sha	2026-09-20T00:59:10Z	1143dec	60-staged-deletion-lane	0
one-per-sha	2026-09-20T00:59:10Z	1143dec	70-tests-registry-sync	0
one-per-sha	2026-09-20T00:59:26Z	1143dec	80-lane-instrument-selftests	0
one-per-sha	2026-09-20T00:59:26Z	1143dec	90-sidecar-verifier-wrapper	0
one-per-sha	2026-09-20T00:59:27Z	1143dec	95-numerals-ratchet	0
one-per-sha	2026-09-20T00:59:27Z	1143dec	96-verdict-status-agreement	0
one-per-sha	2026-09-20T00:59:27Z	1143dec	97-readme-counts	0
one-per-sha	2026-09-19T04:02:36Z	11525a1	10-fixture-integrity	0
one-per-sha	2026-09-19T04:02:36Z	11525a1	20-receipt-freshness	0
one-per-sha	2026-09-19T04:02:36Z	11525a1	30-no-secrets	0
one-per-sha	2026-09-19T04:02:37Z	11525a1	40-omp-compact-replay	0
one-per-sha	2026-09-19T04:02:37Z	11525a1	50-house-gates	0
one-per-sha	2026-09-19T04:02:40Z	11525a1	60-staged-deletion-lane	0
one-per-sha	2026-09-19T04:02:40Z	11525a1	70-tests-registry-sync	0
one-per-sha	2026-09-19T04:02:55Z	11525a1	80-lane-instrument-selftests	0
one-per-sha	2026-09-19T04:02:55Z	11525a1	90-sidecar-verifier-wrapper	0
one-per-sha	2026-09-19T04:02:56Z	11525a1	95-numerals-ratchet	0
one-per-sha	2026-09-19T04:02:56Z	11525a1	96-verdict-status-agreement	0
one-per-sha	2026-09-19T04:02:56Z	11525a1	97-readme-counts	0
one-per-sha	2026-09-20T17:07:32Z	13badbc	10-fixture-integrity	0
one-per-sha	2026-09-20T17:07:32Z	13badbc	20-receipt-freshness	0
one-per-sha	2026-09-20T17:07:33Z	13badbc	30-no-secrets	0
one-per-sha	2026-09-20T17:07:34Z	13badbc	40-omp-compact-replay	0
one-per-sha	2026-09-20T17:07:34Z	13badbc	50-house-gates	0
one-per-sha	2026-09-20T17:07:37Z	13badbc	60-staged-deletion-lane	0
one-per-sha	2026-09-20T17:07:37Z	13badbc	70-tests-registry-sync	0
one-per-sha	2026-09-20T17:07:59Z	13badbc	80-lane-instrument-selftests	0
one-per-sha	2026-09-20T17:07:59Z	13badbc	85-promotion-contract	0
one-per-sha	2026-09-20T17:07:59Z	13badbc	90-sidecar-verifier-wrapper	0
one-per-sha	2026-09-20T17:07:59Z	13badbc	95-numerals-ratchet	0
one-per-sha	2026-09-20T17:07:59Z	13badbc	96-verdict-status-agreement	0
one-per-sha	2026-09-20T17:08:00Z	13badbc	97-readme-counts	0
one-per-sha	2026-09-20T14:06:30Z	1421d35	10-fixture-integrity	0
one-per-sha	2026-09-20T14:06:30Z	1421d35	20-receipt-freshness	0
one-per-sha	2026-09-20T14:06:30Z	1421d35	30-no-secrets	0
one-per-sha	2026-09-20T14:06:31Z	1421d35	40-omp-compact-replay	0
one-per-sha	2026-09-20T14:06:31Z	1421d35	50-house-gates	0
one-per-sha	2026-09-20T14:06:35Z	1421d35	60-staged-deletion-lane	0
one-per-sha	2026-09-20T14:06:35Z	1421d35	70-tests-registry-sync	0
one-per-sha	2026-09-20T14:06:51Z	1421d35	80-lane-instrument-selftests	0
one-per-sha	2026-09-20T14:06:52Z	1421d35	85-promotion-contract	0
one-per-sha	2026-09-20T14:06:52Z	1421d35	90-sidecar-verifier-wrapper	0
one-per-sha	2026-09-20T14:06:52Z	1421d35	95-numerals-ratchet	0
one-per-sha	2026-09-20T14:06:52Z	1421d35	96-verdict-status-agreement	0
one-per-sha	2026-09-20T14:06:52Z	1421d35	97-readme-counts	0
one-per-sha	2026-09-19T14:01:31Z	14bc9c5	10-fixture-integrity	0
one-per-sha	2026-09-19T14:01:31Z	14bc9c5	20-receipt-freshness	0
one-per-sha	2026-09-19T14:01:31Z	14bc9c5	30-no-secrets	0
one-per-sha	2026-09-19T14:01:32Z	14bc9c5	40-omp-compact-replay	0
one-per-sha	2026-09-19T14:01:32Z	14bc9c5	50-house-gates	0
one-per-sha	2026-09-19T14:01:37Z	14bc9c5	60-staged-deletion-lane	0
one-per-sha	2026-09-19T14:01:37Z	14bc9c5	70-tests-registry-sync	0
one-per-sha	2026-09-19T14:01:53Z	14bc9c5	80-lane-instrument-selftests	0
one-per-sha	2026-09-19T14:01:53Z	14bc9c5	90-sidecar-verifier-wrapper	0
one-per-sha	2026-09-19T14:01:54Z	14bc9c5	95-numerals-ratchet	0
one-per-sha	2026-09-19T14:01:54Z	14bc9c5	96-verdict-status-agreement	0
one-per-sha	2026-09-19T14:01:54Z	14bc9c5	97-readme-counts	0
one-per-sha	2026-09-20T02:54:35Z	14f5c9c	10-fixture-integrity	0
one-per-sha	2026-09-20T02:54:35Z	14f5c9c	20-receipt-freshness	0
one-per-sha	2026-09-20T02:54:35Z	14f5c9c	30-no-secrets	0
one-per-sha	2026-09-20T02:54:36Z	14f5c9c	40-omp-compact-replay	0
one-per-sha	2026-09-20T02:54:37Z	14f5c9c	50-house-gates	0
one-per-sha	2026-09-20T02:54:39Z	14f5c9c	60-staged-deletion-lane	0
one-per-sha	2026-09-20T02:54:40Z	14f5c9c	70-tests-registry-sync	0
one-per-sha	2026-09-20T02:54:55Z	14f5c9c	80-lane-instrument-selftests	0
one-per-sha	2026-09-20T02:54:55Z	14f5c9c	90-sidecar-verifier-wrapper	0
one-per-sha	2026-09-20T02:54:56Z	14f5c9c	95-numerals-ratchet	0
one-per-sha	2026-09-20T02:54:56Z	14f5c9c	96-verdict-status-agreement	0
one-per-sha	2026-09-20T02:54:56Z	14f5c9c	97-readme-counts	0
one-per-sha	2026-09-19T02:51:08Z	155b76b	10-fixture-integrity	0
one-per-sha	2026-09-19T02:51:08Z	155b76b	20-receipt-freshness	0
one-per-sha	2026-09-19T02:51:08Z	155b76b	30-no-secrets	0
one-per-sha	2026-09-19T02:51:09Z	155b76b	40-omp-compact-replay	0
one-per-sha	2026-09-19T02:51:09Z	155b76b	50-house-gates	0
one-per-sha	2026-09-19T02:51:13Z	155b76b	60-staged-deletion-lane	0
one-per-sha	2026-09-19T02:51:13Z	155b76b	70-tests-registry-sync	0
one-per-sha	2026-09-19T02:51:28Z	155b76b	80-lane-instrument-selftests	0
one-per-sha	2026-09-19T02:51:28Z	155b76b	90-sidecar-verifier-wrapper	0
one-per-sha	2026-09-19T02:51:28Z	155b76b	95-numerals-ratchet	0
one-per-sha	2026-09-19T02:51:28Z	155b76b	96-verdict-status-agreement	0
one-per-sha	2026-09-19T02:51:28Z	155b76b	97-readme-counts	0
one-per-sha	2026-09-19T22:29:26Z	166430e	10-fixture-integrity	0
one-per-sha	2026-09-19T22:29:26Z	166430e	20-receipt-freshness	0
one-per-sha	2026-09-19T22:29:26Z	166430e	30-no-secrets	0
one-per-sha	2026-09-19T22:29:28Z	166430e	40-omp-compact-replay	0
one-per-sha	2026-09-19T22:29:28Z	166430e	50-house-gates	0
one-per-sha	2026-09-19T22:29:31Z	166430e	60-staged-deletion-lane	0
one-per-sha	2026-09-19T22:29:31Z	166430e	70-tests-registry-sync	0
one-per-sha	2026-09-19T22:29:49Z	166430e	80-lane-instrument-selftests	0
one-per-sha	2026-09-19T22:29:49Z	166430e	90-sidecar-verifier-wrapper	0
one-per-sha	2026-09-19T22:29:49Z	166430e	95-numerals-ratchet	0
one-per-sha	2026-09-19T22:29:49Z	166430e	96-verdict-status-agreement	0
one-per-sha	2026-09-19T22:29:49Z	166430e	97-readme-counts	0
one-per-sha	2026-09-19T20:09:22Z	16be46c	10-fixture-integrity	0
one-per-sha	2026-09-19T20:09:22Z	16be46c	20-receipt-freshness	0
one-per-sha	2026-09-19T20:09:22Z	16be46c	30-no-secrets	0
one-per-sha	2026-09-19T20:09:23Z	16be46c	40-omp-compact-replay	0
one-per-sha	2026-09-19T20:09:23Z	16be46c	50-house-gates	0
one-per-sha	2026-09-19T20:09:26Z	16be46c	60-staged-deletion-lane	0
one-per-sha	2026-09-19T20:09:26Z	16be46c	70-tests-registry-sync	0
one-per-sha	2026-09-19T20:09:42Z	16be46c	80-lane-instrument-selftests	1
one-per-sha	2026-09-19T20:09:42Z	16be46c	90-sidecar-verifier-wrapper	0
one-per-sha	2026-09-19T20:09:42Z	16be46c	95-numerals-ratchet	1
one-per-sha	2026-09-19T20:09:42Z	16be46c	96-verdict-status-agreement	0
one-per-sha	2026-09-19T20:09:43Z	16be46c	97-readme-counts	0
one-per-sha	2026-09-22T02:14:24Z	18b4d4f	10-fixture-integrity	0
one-per-sha	2026-09-22T02:14:24Z	18b4d4f	20-receipt-freshness	0
one-per-sha	2026-09-22T02:14:24Z	18b4d4f	30-no-secrets	0
one-per-sha	2026-09-22T02:14:25Z	18b4d4f	40-omp-compact-replay	0
one-per-sha	2026-09-22T02:14:25Z	18b4d4f	44-native-surface	0
one-per-sha	2026-09-22T02:14:26Z	18b4d4f	50-house-gates	0
one-per-sha	2026-09-22T02:14:28Z	18b4d4f	60-staged-deletion-lane	0
one-per-sha	2026-09-22T02:14:28Z	18b4d4f	70-tests-registry-sync	0
one-per-sha	2026-09-22T02:15:48Z	18b4d4f	80-lane-instrument-selftests	1
one-per-sha	2026-09-22T02:15:48Z	18b4d4f	85-promotion-contract	0
one-per-sha	2026-09-22T02:15:48Z	18b4d4f	90-sidecar-verifier-wrapper	0
one-per-sha	2026-09-22T02:15:48Z	18b4d4f	95-numerals-ratchet	0
one-per-sha	2026-09-22T02:15:48Z	18b4d4f	96-verdict-status-agreement	0
one-per-sha	2026-09-22T02:15:49Z	18b4d4f	97-readme-counts	0
one-per-sha	2026-09-20T19:40:51Z	190668d	10-fixture-integrity	0
one-per-sha	2026-09-20T19:40:51Z	190668d	20-receipt-freshness	0
one-per-sha	2026-09-20T19:40:51Z	190668d	30-no-secrets	0
one-per-sha	2026-09-20T19:40:52Z	190668d	40-omp-compact-replay	0
one-per-sha	2026-09-20T19:40:53Z	190668d	50-house-gates	0
one-per-sha	2026-09-20T19:40:55Z	190668d	60-staged-deletion-lane	0
one-per-sha	2026-09-20T19:40:56Z	190668d	70-tests-registry-sync	0
one-per-sha	2026-09-20T19:41:29Z	190668d	80-lane-instrument-selftests	0
one-per-sha	2026-09-20T19:41:30Z	190668d	85-promotion-contract	0
one-per-sha	2026-09-20T19:41:30Z	190668d	90-sidecar-verifier-wrapper	0
one-per-sha	2026-09-20T19:41:30Z	190668d	95-numerals-ratchet	0
one-per-sha	2026-09-20T19:41:30Z	190668d	96-verdict-status-agreement	0
one-per-sha	2026-09-20T19:41:30Z	190668d	97-readme-counts	0
one-per-sha	2026-09-20T05:55:00Z	19a3260	10-fixture-integrity	0
one-per-sha	2026-09-20T05:55:00Z	19a3260	20-receipt-freshness	0
one-per-sha	2026-09-20T05:55:00Z	19a3260	30-no-secrets	0
one-per-sha	2026-09-20T05:55:01Z	19a3260	40-omp-compact-replay	0
one-per-sha	2026-09-20T05:55:02Z	19a3260	50-house-gates	0
one-per-sha	2026-09-20T05:55:04Z	19a3260	60-staged-deletion-lane	0
one-per-sha	2026-09-20T05:55:05Z	19a3260	70-tests-registry-sync	0
one-per-sha	2026-09-20T05:55:21Z	19a3260	80-lane-instrument-selftests	0
one-per-sha	2026-09-20T05:55:21Z	19a3260	90-sidecar-verifier-wrapper	0
one-per-sha	2026-09-20T05:55:21Z	19a3260	95-numerals-ratchet	0
one-per-sha	2026-09-20T05:55:21Z	19a3260	96-verdict-status-agreement	0
one-per-sha	2026-09-20T05:55:21Z	19a3260	97-readme-counts	0
one-per-sha	2026-09-19T13:40:43Z	1bded7f	10-fixture-integrity	0
one-per-sha	2026-09-19T13:40:43Z	1bded7f	20-receipt-freshness	0
one-per-sha	2026-09-19T13:40:43Z	1bded7f	30-no-secrets	0
one-per-sha	2026-09-19T13:40:44Z	1bded7f	40-omp-compact-replay	0
one-per-sha	2026-09-19T13:40:45Z	1bded7f	50-house-gates	0
one-per-sha	2026-09-19T13:40:48Z	1bded7f	60-staged-deletion-lane	0
one-per-sha	2026-09-19T13:40:48Z	1bded7f	70-tests-registry-sync	0
one-per-sha	2026-09-19T13:41:04Z	1bded7f	80-lane-instrument-selftests	0
one-per-sha	2026-09-19T13:41:04Z	1bded7f	90-sidecar-verifier-wrapper	0
one-per-sha	2026-09-19T13:41:04Z	1bded7f	95-numerals-ratchet	0
one-per-sha	2026-09-19T13:41:04Z	1bded7f	96-verdict-status-agreement	0
one-per-sha	2026-09-19T13:41:04Z	1bded7f	97-readme-counts	0
one-per-sha	2026-09-20T19:12:32Z	1c67b11	10-fixture-integrity	0
one-per-sha	2026-09-20T19:12:32Z	1c67b11	20-receipt-freshness	0
one-per-sha	2026-09-20T19:12:32Z	1c67b11	30-no-secrets	0
one-per-sha	2026-09-20T19:12:33Z	1c67b11	40-omp-compact-replay	0
one-per-sha	2026-09-20T19:12:34Z	1c67b11	50-house-gates	0
one-per-sha	2026-09-20T19:12:37Z	1c67b11	60-staged-deletion-lane	0
one-per-sha	2026-09-20T19:12:37Z	1c67b11	70-tests-registry-sync	0
one-per-sha	2026-09-20T19:13:04Z	1c67b11	80-lane-instrument-selftests	0
one-per-sha	2026-09-20T19:13:04Z	1c67b11	85-promotion-contract	0
one-per-sha	2026-09-20T19:13:04Z	1c67b11	90-sidecar-verifier-wrapper	0
one-per-sha	2026-09-20T19:13:04Z	1c67b11	95-numerals-ratchet	0
one-per-sha	2026-09-20T19:13:04Z	1c67b11	96-verdict-status-agreement	0
one-per-sha	2026-09-20T19:13:04Z	1c67b11	97-readme-counts	0
one-per-sha	2026-09-24T02:19:33Z	1e16af4	10-fixture-integrity	0
one-per-sha	2026-09-24T02:19:33Z	1e16af4	15-kit-claim	0
one-per-sha	2026-09-24T02:19:34Z	1e16af4	16-kit-readiness	0
one-per-sha	2026-09-24T02:19:34Z	1e16af4	17-kit-demotion	0
one-per-sha	2026-09-24T02:19:34Z	1e16af4	20-receipt-freshness	0
one-per-sha	2026-09-24T02:19:34Z	1e16af4	30-no-secrets	0
one-per-sha	2026-09-24T02:19:36Z	1e16af4	40-omp-compact-replay	0
one-per-sha	2026-09-24T02:19:37Z	1e16af4	44-native-surface	0
one-per-sha	2026-09-24T02:19:38Z	1e16af4	50-house-gates	0
one-per-sha	2026-09-24T02:19:43Z	1e16af4	60-staged-deletion-lane	0
one-per-sha	2026-09-24T02:19:43Z	1e16af4	70-tests-registry-sync	0
one-per-sha	2026-09-24T02:22:44Z	1e16af4	80-lane-instrument-selftests	0
one-per-sha	2026-09-24T02:22:44Z	1e16af4	85-promotion-contract	0
one-per-sha	2026-09-24T02:22:45Z	1e16af4	90-sidecar-verifier-wrapper	0
one-per-sha	2026-09-24T02:22:45Z	1e16af4	95-numerals-ratchet	0
one-per-sha	2026-09-24T02:22:45Z	1e16af4	96-verdict-status-agreement	0
one-per-sha	2026-09-24T02:22:45Z	1e16af4	97-readme-counts	0
one-per-sha	2026-09-23T05:41:03Z	1e59489	10-fixture-integrity	0
one-per-sha	2026-09-23T05:41:03Z	1e59489	15-kit-claim	0
one-per-sha	2026-09-23T05:41:04Z	1e59489	16-kit-readiness	0
one-per-sha	2026-09-23T05:41:04Z	1e59489	17-kit-demotion	0
one-per-sha	2026-09-23T05:41:04Z	1e59489	20-receipt-freshness	0
one-per-sha	2026-09-23T05:41:04Z	1e59489	30-no-secrets	0
one-per-sha	2026-09-23T05:41:06Z	1e59489	40-omp-compact-replay	0
one-per-sha	2026-09-23T05:41:06Z	1e59489	44-native-surface	0
one-per-sha	2026-09-23T05:41:06Z	1e59489	50-house-gates	0
one-per-sha	2026-09-23T05:41:10Z	1e59489	60-staged-deletion-lane	0
one-per-sha	2026-09-23T05:41:10Z	1e59489	70-tests-registry-sync	0
one-per-sha	2026-09-23T05:43:39Z	1e59489	80-lane-instrument-selftests	1
one-per-sha	2026-09-23T05:43:40Z	1e59489	85-promotion-contract	0
one-per-sha	2026-09-23T05:43:40Z	1e59489	90-sidecar-verifier-wrapper	0
one-per-sha	2026-09-23T05:43:41Z	1e59489	95-numerals-ratchet	0
one-per-sha	2026-09-23T05:43:41Z	1e59489	96-verdict-status-agreement	0
one-per-sha	2026-09-23T05:43:41Z	1e59489	97-readme-counts	0
one-per-sha	2026-09-20T14:01:01Z	1ee5a18	10-fixture-integrity	0
one-per-sha	2026-09-20T14:01:01Z	1ee5a18	20-receipt-freshness	0
one-per-sha	2026-09-20T14:01:01Z	1ee5a18	30-no-secrets	0
one-per-sha	2026-09-20T14:01:02Z	1ee5a18	40-omp-compact-replay	0
one-per-sha	2026-09-20T14:01:03Z	1ee5a18	50-house-gates	0
one-per-sha	2026-09-20T14:01:07Z	1ee5a18	60-staged-deletion-lane	0
one-per-sha	2026-09-20T14:01:07Z	1ee5a18	70-tests-registry-sync	0
one-per-sha	2026-09-20T14:01:23Z	1ee5a18	80-lane-instrument-selftests	0
one-per-sha	2026-09-20T14:01:23Z	1ee5a18	85-promotion-contract	0
one-per-sha	2026-09-20T14:01:24Z	1ee5a18	90-sidecar-verifier-wrapper	0
one-per-sha	2026-09-20T14:01:24Z	1ee5a18	95-numerals-ratchet	0
one-per-sha	2026-09-20T14:01:24Z	1ee5a18	96-verdict-status-agreement	0
one-per-sha	2026-09-20T14:01:24Z	1ee5a18	97-readme-counts	0
one-per-sha	2026-09-20T00:03:12Z	1effd4e	10-fixture-integrity	0
one-per-sha	2026-09-20T00:03:12Z	1effd4e	20-receipt-freshness	0
one-per-sha	2026-09-20T00:03:12Z	1effd4e	30-no-secrets	0
one-per-sha	2026-09-20T00:03:13Z	1effd4e	40-omp-compact-replay	0
one-per-sha	2026-09-20T00:03:14Z	1effd4e	50-house-gates	0
one-per-sha	2026-09-20T00:03:17Z	1effd4e	60-staged-deletion-lane	0
one-per-sha	2026-09-20T00:03:17Z	1effd4e	70-tests-registry-sync	0
one-per-sha	2026-09-20T00:03:38Z	1effd4e	80-lane-instrument-selftests	0
one-per-sha	2026-09-20T00:03:38Z	1effd4e	90-sidecar-verifier-wrapper	0
one-per-sha	2026-09-20T00:03:38Z	1effd4e	95-numerals-ratchet	0
one-per-sha	2026-09-20T00:03:38Z	1effd4e	96-verdict-status-agreement	0
one-per-sha	2026-09-20T00:03:38Z	1effd4e	97-readme-counts	0
one-per-sha	2026-09-20T00:38:18Z	1f1cf55	10-fixture-integrity	0
one-per-sha	2026-09-20T00:38:18Z	1f1cf55	20-receipt-freshness	0
one-per-sha	2026-09-20T00:38:18Z	1f1cf55	30-no-secrets	0
one-per-sha	2026-09-20T00:38:19Z	1f1cf55	40-omp-compact-replay	0
one-per-sha	2026-09-20T00:38:19Z	1f1cf55	50-house-gates	0
one-per-sha	2026-09-20T00:38:22Z	1f1cf55	60-staged-deletion-lane	0
one-per-sha	2026-09-20T00:38:22Z	1f1cf55	70-tests-registry-sync	0
one-per-sha	2026-09-20T00:38:38Z	1f1cf55	80-lane-instrument-selftests	0
one-per-sha	2026-09-20T00:38:38Z	1f1cf55	90-sidecar-verifier-wrapper	0
one-per-sha	2026-09-20T00:38:38Z	1f1cf55	95-numerals-ratchet	0
one-per-sha	2026-09-20T00:38:38Z	1f1cf55	96-verdict-status-agreement	0
one-per-sha	2026-09-20T00:38:38Z	1f1cf55	97-readme-counts	0
one-per-sha	2026-09-19T02:43:49Z	1fd02d2	10-fixture-integrity	0
one-per-sha	2026-09-19T02:43:49Z	1fd02d2	20-receipt-freshness	0
one-per-sha	2026-09-19T02:43:49Z	1fd02d2	30-no-secrets	0
one-per-sha	2026-09-19T02:43:50Z	1fd02d2	40-omp-compact-replay	0
one-per-sha	2026-09-19T02:43:50Z	1fd02d2	50-house-gates	0
one-per-sha	2026-09-19T02:43:55Z	1fd02d2	60-staged-deletion-lane	0
one-per-sha	2026-09-19T02:43:55Z	1fd02d2	70-tests-registry-sync	0
one-per-sha	2026-09-19T02:44:10Z	1fd02d2	80-lane-instrument-selftests	0
one-per-sha	2026-09-19T02:44:10Z	1fd02d2	90-sidecar-verifier-wrapper	0
one-per-sha	2026-09-19T02:44:10Z	1fd02d2	95-numerals-ratchet	0
one-per-sha	2026-09-19T02:44:10Z	1fd02d2	96-verdict-status-agreement	0
one-per-sha	2026-09-19T02:44:10Z	1fd02d2	97-readme-counts	0
one-per-sha	2026-09-19T21:26:05Z	2100286	10-fixture-integrity	0
one-per-sha	2026-09-19T21:26:05Z	2100286	20-receipt-freshness	0
one-per-sha	2026-09-19T21:26:05Z	2100286	30-no-secrets	0
one-per-sha	2026-09-19T21:26:06Z	2100286	40-omp-compact-replay	0
one-per-sha	2026-09-19T21:26:07Z	2100286	50-house-gates	0
one-per-sha	2026-09-19T21:26:10Z	2100286	60-staged-deletion-lane	0
one-per-sha	2026-09-19T21:26:10Z	2100286	70-tests-registry-sync	0
one-per-sha	2026-09-19T21:26:26Z	2100286	80-lane-instrument-selftests	0
one-per-sha	2026-09-19T21:26:27Z	2100286	90-sidecar-verifier-wrapper	0
one-per-sha	2026-09-19T21:26:27Z	2100286	95-numerals-ratchet	0
one-per-sha	2026-09-19T21:26:27Z	2100286	96-verdict-status-agreement	0
one-per-sha	2026-09-19T21:26:27Z	2100286	97-readme-counts	0
one-per-sha	2026-09-19T14:43:09Z	214084b	10-fixture-integrity	0
one-per-sha	2026-09-19T14:43:09Z	214084b	20-receipt-freshness	0
one-per-sha	2026-09-19T14:43:09Z	214084b	30-no-secrets	0
one-per-sha	2026-09-19T14:43:10Z	214084b	40-omp-compact-replay	0
one-per-sha	2026-09-19T14:43:11Z	214084b	50-house-gates	0
one-per-sha	2026-09-19T14:43:14Z	214084b	60-staged-deletion-lane	0
one-per-sha	2026-09-19T14:43:14Z	214084b	70-tests-registry-sync	0
one-per-sha	2026-09-19T14:43:31Z	214084b	80-lane-instrument-selftests	0
one-per-sha	2026-09-19T14:43:31Z	214084b	90-sidecar-verifier-wrapper	0
one-per-sha	2026-09-19T14:43:32Z	214084b	95-numerals-ratchet	0
one-per-sha	2026-09-19T14:43:32Z	214084b	96-verdict-status-agreement	0
one-per-sha	2026-09-19T14:43:32Z	214084b	97-readme-counts	0
one-per-sha	2026-09-19T07:42:19Z	221a466	10-fixture-integrity	0
one-per-sha	2026-09-19T07:42:19Z	221a466	20-receipt-freshness	0
one-per-sha	2026-09-19T07:42:19Z	221a466	30-no-secrets	0
one-per-sha	2026-09-19T07:42:20Z	221a466	40-omp-compact-replay	0
one-per-sha	2026-09-19T07:42:20Z	221a466	50-house-gates	0
one-per-sha	2026-09-19T07:42:23Z	221a466	60-staged-deletion-lane	0
one-per-sha	2026-09-19T07:42:24Z	221a466	70-tests-registry-sync	0
one-per-sha	2026-09-19T07:42:39Z	221a466	80-lane-instrument-selftests	0
one-per-sha	2026-09-19T07:42:39Z	221a466	90-sidecar-verifier-wrapper	0
one-per-sha	2026-09-19T07:42:40Z	221a466	95-numerals-ratchet	0
one-per-sha	2026-09-19T07:42:40Z	221a466	96-verdict-status-agreement	0
one-per-sha	2026-09-19T07:42:40Z	221a466	97-readme-counts	0
one-per-sha	2026-09-20T14:33:24Z	226ccdf	10-fixture-integrity	0
one-per-sha	2026-09-20T14:33:24Z	226ccdf	20-receipt-freshness	0
one-per-sha	2026-09-20T14:33:24Z	226ccdf	30-no-secrets	0
one-per-sha	2026-09-20T14:33:25Z	226ccdf	40-omp-compact-replay	0
one-per-sha	2026-09-20T14:33:25Z	226ccdf	50-house-gates	0
one-per-sha	2026-09-20T14:33:28Z	226ccdf	60-staged-deletion-lane	0
one-per-sha	2026-09-20T14:33:29Z	226ccdf	70-tests-registry-sync	0
one-per-sha	2026-09-20T14:33:45Z	226ccdf	80-lane-instrument-selftests	0
one-per-sha	2026-09-20T14:33:45Z	226ccdf	85-promotion-contract	0
one-per-sha	2026-09-20T14:33:45Z	226ccdf	90-sidecar-verifier-wrapper	0
one-per-sha	2026-09-20T14:33:46Z	226ccdf	95-numerals-ratchet	0
one-per-sha	2026-09-20T14:33:46Z	226ccdf	96-verdict-status-agreement	0
one-per-sha	2026-09-20T14:33:46Z	226ccdf	97-readme-counts	0
one-per-sha	2026-09-19T16:16:43Z	229af2a	10-fixture-integrity	0
one-per-sha	2026-09-19T16:16:43Z	229af2a	20-receipt-freshness	0
one-per-sha	2026-09-19T16:16:43Z	229af2a	30-no-secrets	0
one-per-sha	2026-09-19T16:16:44Z	229af2a	40-omp-compact-replay	0
one-per-sha	2026-09-19T16:16:45Z	229af2a	50-house-gates	0
one-per-sha	2026-09-19T16:16:48Z	229af2a	60-staged-deletion-lane	0
one-per-sha	2026-09-19T16:16:48Z	229af2a	70-tests-registry-sync	0
one-per-sha	2026-09-19T16:17:04Z	229af2a	80-lane-instrument-selftests	1
one-per-sha	2026-09-19T16:17:05Z	229af2a	90-sidecar-verifier-wrapper	0
one-per-sha	2026-09-19T16:17:05Z	229af2a	95-numerals-ratchet	1
one-per-sha	2026-09-19T16:17:05Z	229af2a	96-verdict-status-agreement	0
one-per-sha	2026-09-19T16:17:05Z	229af2a	97-readme-counts	0
one-per-sha	2026-09-24T08:12:13Z	22b0b44	10-fixture-integrity	0
one-per-sha	2026-09-24T08:12:14Z	22b0b44	15-kit-claim	0
one-per-sha	2026-09-24T08:12:14Z	22b0b44	16-kit-readiness	0
one-per-sha	2026-09-24T08:12:14Z	22b0b44	17-kit-demotion	0
one-per-sha	2026-09-24T08:12:15Z	22b0b44	20-receipt-freshness	0
one-per-sha	2026-09-24T08:12:15Z	22b0b44	30-no-secrets	0
one-per-sha	2026-09-24T08:12:15Z	22b0b44	40-omp-compact-replay	0
one-per-sha	2026-09-24T08:12:16Z	22b0b44	44-native-surface	1
one-per-sha	2026-09-24T08:12:16Z	22b0b44	50-house-gates	0
one-per-sha	2026-09-24T08:12:18Z	22b0b44	60-staged-deletion-lane	0
one-per-sha	2026-09-24T08:12:18Z	22b0b44	70-tests-registry-sync	0
one-per-sha	2026-09-24T08:13:21Z	22b0b44	80-lane-instrument-selftests	1
one-per-sha	2026-09-24T08:13:21Z	22b0b44	85-promotion-contract	0
one-per-sha	2026-09-24T08:13:21Z	22b0b44	90-sidecar-verifier-wrapper	0
one-per-sha	2026-09-24T08:13:21Z	22b0b44	95-numerals-ratchet	0
one-per-sha	2026-09-24T08:13:21Z	22b0b44	96-verdict-status-agreement	0
one-per-sha	2026-09-24T08:13:21Z	22b0b44	97-readme-counts	0
one-per-sha	2026-09-20T04:35:17Z	22e8e4b	10-fixture-integrity	0
one-per-sha	2026-09-20T04:35:17Z	22e8e4b	20-receipt-freshness	0
one-per-sha	2026-09-20T04:35:17Z	22e8e4b	30-no-secrets	0
one-per-sha	2026-09-20T04:35:18Z	22e8e4b	40-omp-compact-replay	0
one-per-sha	2026-09-20T04:35:19Z	22e8e4b	50-house-gates	0
one-per-sha	2026-09-20T04:35:22Z	22e8e4b	60-staged-deletion-lane	0
one-per-sha	2026-09-20T04:35:22Z	22e8e4b	70-tests-registry-sync	0
one-per-sha	2026-09-20T04:35:38Z	22e8e4b	80-lane-instrument-selftests	0
one-per-sha	2026-09-20T04:35:38Z	22e8e4b	90-sidecar-verifier-wrapper	0
one-per-sha	2026-09-20T04:35:39Z	22e8e4b	95-numerals-ratchet	0
one-per-sha	2026-09-20T04:35:39Z	22e8e4b	96-verdict-status-agreement	0
one-per-sha	2026-09-20T04:35:39Z	22e8e4b	97-readme-counts	0
one-per-sha	2026-09-20T05:35:20Z	235fef2	10-fixture-integrity	0
one-per-sha	2026-09-20T05:35:20Z	235fef2	20-receipt-freshness	0
one-per-sha	2026-09-20T05:35:20Z	235fef2	30-no-secrets	0
one-per-sha	2026-09-20T05:35:21Z	235fef2	40-omp-compact-replay	0
one-per-sha	2026-09-20T05:35:22Z	235fef2	50-house-gates	0
one-per-sha	2026-09-20T05:35:24Z	235fef2	60-staged-deletion-lane	0
one-per-sha	2026-09-20T05:35:24Z	235fef2	70-tests-registry-sync	0
one-per-sha	2026-09-20T05:35:40Z	235fef2	80-lane-instrument-selftests	0
one-per-sha	2026-09-20T05:35:41Z	235fef2	90-sidecar-verifier-wrapper	0
one-per-sha	2026-09-20T05:35:41Z	235fef2	95-numerals-ratchet	0
one-per-sha	2026-09-20T05:35:41Z	235fef2	96-verdict-status-agreement	0
one-per-sha	2026-09-20T05:35:41Z	235fef2	97-readme-counts	0
one-per-sha	2026-09-20T04:31:04Z	23a1143	10-fixture-integrity	0
one-per-sha	2026-09-20T04:31:04Z	23a1143	20-receipt-freshness	0
one-per-sha	2026-09-20T04:31:04Z	23a1143	30-no-secrets	0
one-per-sha	2026-09-20T04:31:05Z	23a1143	40-omp-compact-replay	0
one-per-sha	2026-09-20T04:31:06Z	23a1143	50-house-gates	0
one-per-sha	2026-09-20T04:31:09Z	23a1143	60-staged-deletion-lane	0
one-per-sha	2026-09-20T04:31:09Z	23a1143	70-tests-registry-sync	0
one-per-sha	2026-09-20T04:31:26Z	23a1143	80-lane-instrument-selftests	0
one-per-sha	2026-09-20T04:31:26Z	23a1143	90-sidecar-verifier-wrapper	0
one-per-sha	2026-09-20T04:31:26Z	23a1143	95-numerals-ratchet	0
one-per-sha	2026-09-20T04:31:26Z	23a1143	96-verdict-status-agreement	0
one-per-sha	2026-09-20T04:31:26Z	23a1143	97-readme-counts	0
one-per-sha	2026-09-24T04:11:38Z	23ef548	10-fixture-integrity	0
one-per-sha	2026-09-24T04:11:41Z	23ef548	15-kit-claim	0
one-per-sha	2026-09-24T04:11:42Z	23ef548	16-kit-readiness	0
one-per-sha	2026-09-24T04:11:44Z	23ef548	17-kit-demotion	0
one-per-sha	2026-09-24T04:11:44Z	23ef548	20-receipt-freshness	0
one-per-sha	2026-09-24T04:11:44Z	23ef548	30-no-secrets	0
one-per-sha	2026-09-24T04:11:47Z	23ef548	40-omp-compact-replay	0
one-per-sha	2026-09-24T04:11:48Z	23ef548	44-native-surface	0
one-per-sha	2026-09-24T04:11:49Z	23ef548	50-house-gates	0
one-per-sha	2026-09-24T04:11:58Z	23ef548	60-staged-deletion-lane	0
one-per-sha	2026-09-24T04:11:58Z	23ef548	70-tests-registry-sync	0
one-per-sha	2026-09-24T04:15:28Z	23ef548	80-lane-instrument-selftests	0
one-per-sha	2026-09-24T04:15:29Z	23ef548	85-promotion-contract	0
one-per-sha	2026-09-24T04:15:29Z	23ef548	90-sidecar-verifier-wrapper	0
one-per-sha	2026-09-24T04:15:29Z	23ef548	95-numerals-ratchet	0
one-per-sha	2026-09-24T04:15:29Z	23ef548	96-verdict-status-agreement	0
one-per-sha	2026-09-24T04:15:29Z	23ef548	97-readme-counts	0
one-per-sha	2026-09-20T04:57:07Z	243c0e1	10-fixture-integrity	0
one-per-sha	2026-09-20T04:57:07Z	243c0e1	20-receipt-freshness	0
one-per-sha	2026-09-20T04:57:07Z	243c0e1	30-no-secrets	0
one-per-sha	2026-09-20T04:57:08Z	243c0e1	40-omp-compact-replay	0
one-per-sha	2026-09-20T04:57:08Z	243c0e1	50-house-gates	0
one-per-sha	2026-09-20T04:57:11Z	243c0e1	60-staged-deletion-lane	0
one-per-sha	2026-09-20T04:57:11Z	243c0e1	70-tests-registry-sync	0
one-per-sha	2026-09-20T04:57:28Z	243c0e1	80-lane-instrument-selftests	0
one-per-sha	2026-09-20T04:57:28Z	243c0e1	90-sidecar-verifier-wrapper	0
one-per-sha	2026-09-20T04:57:28Z	243c0e1	95-numerals-ratchet	0
one-per-sha	2026-09-20T04:57:28Z	243c0e1	96-verdict-status-agreement	0
one-per-sha	2026-09-20T04:57:28Z	243c0e1	97-readme-counts	0
one-per-sha	2026-09-19T15:20:19Z	245031e	10-fixture-integrity	0
one-per-sha	2026-09-19T15:20:19Z	245031e	20-receipt-freshness	0
one-per-sha	2026-09-19T15:20:19Z	245031e	30-no-secrets	0
one-per-sha	2026-09-19T15:20:20Z	245031e	40-omp-compact-replay	0
one-per-sha	2026-09-19T15:20:20Z	245031e	50-house-gates	0
one-per-sha	2026-09-19T15:20:23Z	245031e	60-staged-deletion-lane	0
one-per-sha	2026-09-19T15:20:23Z	245031e	70-tests-registry-sync	0
one-per-sha	2026-09-19T15:20:38Z	245031e	80-lane-instrument-selftests	0
one-per-sha	2026-09-19T15:20:38Z	245031e	90-sidecar-verifier-wrapper	0
one-per-sha	2026-09-19T15:20:39Z	245031e	95-numerals-ratchet	0
one-per-sha	2026-09-19T15:20:39Z	245031e	96-verdict-status-agreement	0
one-per-sha	2026-09-19T15:20:39Z	245031e	97-readme-counts	0
one-per-sha	2026-09-20T07:01:17Z	26c45ff	10-fixture-integrity	0
one-per-sha	2026-09-20T07:01:17Z	26c45ff	20-receipt-freshness	0
one-per-sha	2026-09-20T07:01:17Z	26c45ff	30-no-secrets	0
one-per-sha	2026-09-20T07:01:18Z	26c45ff	40-omp-compact-replay	0
one-per-sha	2026-09-20T07:01:18Z	26c45ff	50-house-gates	0
one-per-sha	2026-09-20T07:01:22Z	26c45ff	60-staged-deletion-lane	0
one-per-sha	2026-09-20T07:01:22Z	26c45ff	70-tests-registry-sync	0
one-per-sha	2026-09-20T07:01:40Z	26c45ff	80-lane-instrument-selftests	0
one-per-sha	2026-09-20T07:01:40Z	26c45ff	85-promotion-contract	0
one-per-sha	2026-09-20T07:01:40Z	26c45ff	90-sidecar-verifier-wrapper	0
one-per-sha	2026-09-20T07:01:40Z	26c45ff	95-numerals-ratchet	0
one-per-sha	2026-09-20T07:01:40Z	26c45ff	96-verdict-status-agreement	0
one-per-sha	2026-09-20T07:01:40Z	26c45ff	97-readme-counts	0
one-per-sha	2026-09-19T22:26:12Z	270acce	10-fixture-integrity	0
one-per-sha	2026-09-19T22:26:12Z	270acce	20-receipt-freshness	0
one-per-sha	2026-09-19T22:26:12Z	270acce	30-no-secrets	0
one-per-sha	2026-09-19T22:26:13Z	270acce	40-omp-compact-replay	0
one-per-sha	2026-09-19T22:26:13Z	270acce	50-house-gates	0
one-per-sha	2026-09-19T22:26:16Z	270acce	60-staged-deletion-lane	0
one-per-sha	2026-09-19T22:26:16Z	270acce	70-tests-registry-sync	0
one-per-sha	2026-09-19T22:26:32Z	270acce	80-lane-instrument-selftests	0
one-per-sha	2026-09-19T22:26:32Z	270acce	90-sidecar-verifier-wrapper	0
one-per-sha	2026-09-19T22:26:32Z	270acce	95-numerals-ratchet	0
one-per-sha	2026-09-19T22:26:32Z	270acce	96-verdict-status-agreement	0
one-per-sha	2026-09-19T22:26:32Z	270acce	97-readme-counts	0
one-per-sha	2026-09-20T05:24:06Z	2766878	10-fixture-integrity	0
one-per-sha	2026-09-20T05:24:06Z	2766878	20-receipt-freshness	0
one-per-sha	2026-09-20T05:24:06Z	2766878	30-no-secrets	0
one-per-sha	2026-09-20T05:24:07Z	2766878	40-omp-compact-replay	0
one-per-sha	2026-09-20T05:24:07Z	2766878	50-house-gates	0
one-per-sha	2026-09-20T05:24:11Z	2766878	60-staged-deletion-lane	0
one-per-sha	2026-09-20T05:24:11Z	2766878	70-tests-registry-sync	0
one-per-sha	2026-09-20T05:24:27Z	2766878	80-lane-instrument-selftests	0
one-per-sha	2026-09-20T05:24:28Z	2766878	90-sidecar-verifier-wrapper	0
one-per-sha	2026-09-20T05:24:28Z	2766878	95-numerals-ratchet	0
one-per-sha	2026-09-20T05:24:28Z	2766878	96-verdict-status-agreement	0
one-per-sha	2026-09-20T05:24:28Z	2766878	97-readme-counts	0
one-per-sha	2026-09-19T16:17:31Z	27f63a6	10-fixture-integrity	0
one-per-sha	2026-09-19T16:17:31Z	27f63a6	20-receipt-freshness	0
one-per-sha	2026-09-19T16:17:31Z	27f63a6	30-no-secrets	0
one-per-sha	2026-09-19T16:17:32Z	27f63a6	40-omp-compact-replay	0
one-per-sha	2026-09-19T16:17:33Z	27f63a6	50-house-gates	0
one-per-sha	2026-09-19T16:17:36Z	27f63a6	60-staged-deletion-lane	0
one-per-sha	2026-09-19T16:17:36Z	27f63a6	70-tests-registry-sync	0
one-per-sha	2026-09-19T16:17:53Z	27f63a6	80-lane-instrument-selftests	0
one-per-sha	2026-09-19T16:17:53Z	27f63a6	90-sidecar-verifier-wrapper	0
one-per-sha	2026-09-19T16:17:53Z	27f63a6	95-numerals-ratchet	0
one-per-sha	2026-09-19T16:17:53Z	27f63a6	96-verdict-status-agreement	0
one-per-sha	2026-09-19T16:17:53Z	27f63a6	97-readme-counts	0
one-per-sha	2026-09-19T06:41:06Z	29151e7	10-fixture-integrity	0
one-per-sha	2026-09-19T06:41:06Z	29151e7	20-receipt-freshness	0
one-per-sha	2026-09-19T06:41:06Z	29151e7	30-no-secrets	0
one-per-sha	2026-09-19T06:41:07Z	29151e7	40-omp-compact-replay	0
one-per-sha	2026-09-19T06:41:08Z	29151e7	50-house-gates	0
one-per-sha	2026-09-19T06:41:10Z	29151e7	60-staged-deletion-lane	0
one-per-sha	2026-09-19T06:41:11Z	29151e7	70-tests-registry-sync	0
one-per-sha	2026-09-19T06:41:27Z	29151e7	80-lane-instrument-selftests	0
one-per-sha	2026-09-19T06:41:27Z	29151e7	90-sidecar-verifier-wrapper	0
one-per-sha	2026-09-19T06:41:27Z	29151e7	95-numerals-ratchet	0
one-per-sha	2026-09-19T06:41:27Z	29151e7	96-verdict-status-agreement	0
one-per-sha	2026-09-19T06:41:27Z	29151e7	97-readme-counts	0
one-per-sha	2026-09-19T12:20:45Z	29e31ae	10-fixture-integrity	0
one-per-sha	2026-09-19T12:20:45Z	29e31ae	20-receipt-freshness	0
one-per-sha	2026-09-19T12:20:45Z	29e31ae	30-no-secrets	0
one-per-sha	2026-09-19T12:20:47Z	29e31ae	40-omp-compact-replay	0
one-per-sha	2026-09-19T12:20:47Z	29e31ae	50-house-gates	0
one-per-sha	2026-09-19T12:20:50Z	29e31ae	60-staged-deletion-lane	0
one-per-sha	2026-09-19T12:20:50Z	29e31ae	70-tests-registry-sync	0
one-per-sha	2026-09-19T12:21:06Z	29e31ae	80-lane-instrument-selftests	0
one-per-sha	2026-09-19T12:21:06Z	29e31ae	90-sidecar-verifier-wrapper	0
one-per-sha	2026-09-19T12:21:06Z	29e31ae	95-numerals-ratchet	0
one-per-sha	2026-09-19T12:21:06Z	29e31ae	96-verdict-status-agreement	0
one-per-sha	2026-09-19T12:21:06Z	29e31ae	97-readme-counts	0
one-per-sha	2026-09-20T06:27:01Z	2b0bcb9	10-fixture-integrity	0
one-per-sha	2026-09-20T06:27:01Z	2b0bcb9	20-receipt-freshness	0
one-per-sha	2026-09-20T06:27:01Z	2b0bcb9	30-no-secrets	0
one-per-sha	2026-09-20T06:27:02Z	2b0bcb9	40-omp-compact-replay	0
one-per-sha	2026-09-20T06:27:02Z	2b0bcb9	50-house-gates	0
one-per-sha	2026-09-20T06:27:06Z	2b0bcb9	60-staged-deletion-lane	0
one-per-sha	2026-09-20T06:27:07Z	2b0bcb9	70-tests-registry-sync	0
one-per-sha	2026-09-20T06:27:23Z	2b0bcb9	80-lane-instrument-selftests	0
one-per-sha	2026-09-20T06:27:23Z	2b0bcb9	90-sidecar-verifier-wrapper	0
one-per-sha	2026-09-20T06:27:23Z	2b0bcb9	95-numerals-ratchet	0
one-per-sha	2026-09-20T06:27:23Z	2b0bcb9	96-verdict-status-agreement	0
one-per-sha	2026-09-20T06:27:23Z	2b0bcb9	97-readme-counts	0
one-per-sha	2026-09-20T13:20:49Z	2bee6f8	10-fixture-integrity	0
one-per-sha	2026-09-20T13:20:49Z	2bee6f8	20-receipt-freshness	0
one-per-sha	2026-09-20T13:20:49Z	2bee6f8	30-no-secrets	0
one-per-sha	2026-09-20T13:20:50Z	2bee6f8	40-omp-compact-replay	0
one-per-sha	2026-09-20T13:20:51Z	2bee6f8	50-house-gates	0
one-per-sha	2026-09-20T13:20:54Z	2bee6f8	60-staged-deletion-lane	0
one-per-sha	2026-09-20T13:20:55Z	2bee6f8	70-tests-registry-sync	0
one-per-sha	2026-09-20T13:21:11Z	2bee6f8	80-lane-instrument-selftests	0
one-per-sha	2026-09-20T13:21:11Z	2bee6f8	85-promotion-contract	0
one-per-sha	2026-09-20T13:21:11Z	2bee6f8	90-sidecar-verifier-wrapper	0
one-per-sha	2026-09-20T13:21:12Z	2bee6f8	95-numerals-ratchet	0
one-per-sha	2026-09-20T13:21:12Z	2bee6f8	96-verdict-status-agreement	0
one-per-sha	2026-09-20T13:21:12Z	2bee6f8	97-readme-counts	0
one-per-sha	2026-09-20T11:02:14Z	2c12df3	10-fixture-integrity	0
one-per-sha	2026-09-20T11:02:15Z	2c12df3	20-receipt-freshness	0
one-per-sha	2026-09-20T11:02:15Z	2c12df3	30-no-secrets	0
one-per-sha	2026-09-20T11:02:16Z	2c12df3	40-omp-compact-replay	0
one-per-sha	2026-09-20T11:02:16Z	2c12df3	50-house-gates	0
one-per-sha	2026-09-20T11:02:20Z	2c12df3	60-staged-deletion-lane	0
one-per-sha	2026-09-20T11:02:20Z	2c12df3	70-tests-registry-sync	0
one-per-sha	2026-09-20T11:02:37Z	2c12df3	80-lane-instrument-selftests	0
one-per-sha	2026-09-20T11:02:37Z	2c12df3	85-promotion-contract	0
one-per-sha	2026-09-20T11:02:37Z	2c12df3	90-sidecar-verifier-wrapper	0
one-per-sha	2026-09-20T11:02:37Z	2c12df3	95-numerals-ratchet	0
one-per-sha	2026-09-20T11:02:37Z	2c12df3	96-verdict-status-agreement	0
one-per-sha	2026-09-20T11:02:37Z	2c12df3	97-readme-counts	0
one-per-sha	2026-09-19T23:27:33Z	2c38097	10-fixture-integrity	0
one-per-sha	2026-09-19T23:27:33Z	2c38097	20-receipt-freshness	0
one-per-sha	2026-09-19T23:27:33Z	2c38097	30-no-secrets	0
one-per-sha	2026-09-19T23:27:35Z	2c38097	40-omp-compact-replay	0
one-per-sha	2026-09-19T23:27:36Z	2c38097	50-house-gates	0
one-per-sha	2026-09-19T23:27:39Z	2c38097	60-staged-deletion-lane	0
one-per-sha	2026-09-19T23:27:39Z	2c38097	70-tests-registry-sync	0
one-per-sha	2026-09-19T23:27:56Z	2c38097	80-lane-instrument-selftests	0
one-per-sha	2026-09-19T23:27:56Z	2c38097	90-sidecar-verifier-wrapper	0
one-per-sha	2026-09-19T23:27:56Z	2c38097	95-numerals-ratchet	0
one-per-sha	2026-09-19T23:27:56Z	2c38097	96-verdict-status-agreement	0
one-per-sha	2026-09-19T23:27:56Z	2c38097	97-readme-counts	0
one-per-sha	2026-09-20T14:03:23Z	2c683bb	10-fixture-integrity	0
one-per-sha	2026-09-20T14:03:23Z	2c683bb	20-receipt-freshness	0
one-per-sha	2026-09-20T14:03:23Z	2c683bb	30-no-secrets	0
one-per-sha	2026-09-20T14:03:24Z	2c683bb	40-omp-compact-replay	0
one-per-sha	2026-09-20T14:03:25Z	2c683bb	50-house-gates	0
one-per-sha	2026-09-20T14:03:28Z	2c683bb	60-staged-deletion-lane	0
one-per-sha	2026-09-20T14:03:28Z	2c683bb	70-tests-registry-sync	0
one-per-sha	2026-09-20T14:03:46Z	2c683bb	80-lane-instrument-selftests	0
one-per-sha	2026-09-20T14:03:46Z	2c683bb	85-promotion-contract	0
one-per-sha	2026-09-20T14:03:47Z	2c683bb	90-sidecar-verifier-wrapper	0
one-per-sha	2026-09-20T14:03:47Z	2c683bb	95-numerals-ratchet	0
one-per-sha	2026-09-20T14:03:47Z	2c683bb	96-verdict-status-agreement	0
one-per-sha	2026-09-20T14:03:47Z	2c683bb	97-readme-counts	0
one-per-sha	2026-09-19T11:06:01Z	2cde8ac	10-fixture-integrity	0
one-per-sha	2026-09-19T11:06:01Z	2cde8ac	20-receipt-freshness	0
one-per-sha	2026-09-19T11:06:01Z	2cde8ac	30-no-secrets	0
one-per-sha	2026-09-19T11:06:02Z	2cde8ac	40-omp-compact-replay	0
one-per-sha	2026-09-19T11:06:02Z	2cde8ac	50-house-gates	0
one-per-sha	2026-09-19T11:06:05Z	2cde8ac	60-staged-deletion-lane	0
one-per-sha	2026-09-19T11:06:05Z	2cde8ac	70-tests-registry-sync	0
one-per-sha	2026-09-19T11:06:20Z	2cde8ac	80-lane-instrument-selftests	0
one-per-sha	2026-09-19T11:06:20Z	2cde8ac	90-sidecar-verifier-wrapper	0
one-per-sha	2026-09-19T11:06:21Z	2cde8ac	95-numerals-ratchet	0
one-per-sha	2026-09-19T11:06:21Z	2cde8ac	96-verdict-status-agreement	0
one-per-sha	2026-09-19T11:06:21Z	2cde8ac	97-readme-counts	0
one-per-sha	2026-09-20T07:43:28Z	2d96ac6	10-fixture-integrity	0
one-per-sha	2026-09-20T07:43:28Z	2d96ac6	20-receipt-freshness	0
one-per-sha	2026-09-20T07:43:28Z	2d96ac6	30-no-secrets	0
one-per-sha	2026-09-20T07:43:29Z	2d96ac6	40-omp-compact-replay	0
one-per-sha	2026-09-20T07:43:30Z	2d96ac6	50-house-gates	0
one-per-sha	2026-09-20T07:43:33Z	2d96ac6	60-staged-deletion-lane	0
one-per-sha	2026-09-20T07:43:33Z	2d96ac6	70-tests-registry-sync	0
one-per-sha	2026-09-20T07:43:51Z	2d96ac6	80-lane-instrument-selftests	0
one-per-sha	2026-09-20T07:43:51Z	2d96ac6	85-promotion-contract	0
one-per-sha	2026-09-20T07:43:51Z	2d96ac6	90-sidecar-verifier-wrapper	0
one-per-sha	2026-09-20T07:43:52Z	2d96ac6	95-numerals-ratchet	0
one-per-sha	2026-09-20T07:43:52Z	2d96ac6	96-verdict-status-agreement	0
one-per-sha	2026-09-20T07:43:52Z	2d96ac6	97-readme-counts	0
one-per-sha	2026-09-20T01:42:54Z	2e19de8	10-fixture-integrity	0
one-per-sha	2026-09-20T01:42:54Z	2e19de8	20-receipt-freshness	0
one-per-sha	2026-09-20T01:42:54Z	2e19de8	30-no-secrets	0
one-per-sha	2026-09-20T01:42:55Z	2e19de8	40-omp-compact-replay	0
one-per-sha	2026-09-20T01:42:56Z	2e19de8	50-house-gates	0
one-per-sha	2026-09-20T01:43:00Z	2e19de8	60-staged-deletion-lane	0
one-per-sha	2026-09-20T01:43:00Z	2e19de8	70-tests-registry-sync	0
one-per-sha	2026-09-20T01:43:16Z	2e19de8	80-lane-instrument-selftests	0
one-per-sha	2026-09-20T01:43:16Z	2e19de8	90-sidecar-verifier-wrapper	0
one-per-sha	2026-09-20T01:43:17Z	2e19de8	95-numerals-ratchet	0
one-per-sha	2026-09-20T01:43:17Z	2e19de8	96-verdict-status-agreement	0
one-per-sha	2026-09-20T01:43:17Z	2e19de8	97-readme-counts	0
one-per-sha	2026-09-20T00:20:38Z	2f946ea	10-fixture-integrity	0
one-per-sha	2026-09-20T00:20:38Z	2f946ea	20-receipt-freshness	0
one-per-sha	2026-09-20T00:20:38Z	2f946ea	30-no-secrets	0
one-per-sha	2026-09-20T00:20:39Z	2f946ea	40-omp-compact-replay	0
one-per-sha	2026-09-20T00:20:39Z	2f946ea	50-house-gates	0
one-per-sha	2026-09-20T00:20:42Z	2f946ea	60-staged-deletion-lane	0
one-per-sha	2026-09-20T00:20:42Z	2f946ea	70-tests-registry-sync	0
one-per-sha	2026-09-20T00:20:59Z	2f946ea	80-lane-instrument-selftests	0
one-per-sha	2026-09-20T00:20:59Z	2f946ea	90-sidecar-verifier-wrapper	0
one-per-sha	2026-09-20T00:20:59Z	2f946ea	95-numerals-ratchet	0
one-per-sha	2026-09-20T00:20:59Z	2f946ea	96-verdict-status-agreement	0
one-per-sha	2026-09-20T00:20:59Z	2f946ea	97-readme-counts	0
one-per-sha	2026-09-23T05:50:47Z	3037f36	10-fixture-integrity	0
one-per-sha	2026-09-23T05:50:47Z	3037f36	15-kit-claim	0
one-per-sha	2026-09-23T05:50:47Z	3037f36	16-kit-readiness	0
one-per-sha	2026-09-23T05:50:47Z	3037f36	17-kit-demotion	0
one-per-sha	2026-09-23T05:50:47Z	3037f36	20-receipt-freshness	0
one-per-sha	2026-09-23T05:50:47Z	3037f36	30-no-secrets	0
one-per-sha	2026-09-23T05:50:49Z	3037f36	40-omp-compact-replay	0
one-per-sha	2026-09-23T05:50:49Z	3037f36	44-native-surface	0
one-per-sha	2026-09-23T05:50:49Z	3037f36	50-house-gates	0
one-per-sha	2026-09-23T05:50:52Z	3037f36	60-staged-deletion-lane	0
one-per-sha	2026-09-23T05:50:52Z	3037f36	70-tests-registry-sync	0
one-per-sha	2026-09-23T05:52:31Z	3037f36	80-lane-instrument-selftests	0
one-per-sha	2026-09-23T05:52:32Z	3037f36	85-promotion-contract	0
one-per-sha	2026-09-23T05:52:32Z	3037f36	90-sidecar-verifier-wrapper	0
one-per-sha	2026-09-23T05:52:32Z	3037f36	95-numerals-ratchet	0
one-per-sha	2026-09-23T05:52:32Z	3037f36	96-verdict-status-agreement	0
one-per-sha	2026-09-23T05:52:32Z	3037f36	97-readme-counts	0
one-per-sha	2026-09-20T02:06:32Z	3097181	10-fixture-integrity	0
one-per-sha	2026-09-20T02:06:32Z	3097181	20-receipt-freshness	0
one-per-sha	2026-09-20T02:06:32Z	3097181	30-no-secrets	0
one-per-sha	2026-09-20T02:06:33Z	3097181	40-omp-compact-replay	0
one-per-sha	2026-09-20T02:06:33Z	3097181	50-house-gates	0
one-per-sha	2026-09-20T02:06:37Z	3097181	60-staged-deletion-lane	0
one-per-sha	2026-09-20T02:06:37Z	3097181	70-tests-registry-sync	0
one-per-sha	2026-09-20T02:06:54Z	3097181	80-lane-instrument-selftests	0
one-per-sha	2026-09-20T02:06:54Z	3097181	90-sidecar-verifier-wrapper	0
one-per-sha	2026-09-20T02:06:54Z	3097181	95-numerals-ratchet	0
one-per-sha	2026-09-20T02:06:54Z	3097181	96-verdict-status-agreement	0
one-per-sha	2026-09-20T02:06:54Z	3097181	97-readme-counts	0
one-per-sha	2026-09-20T06:44:05Z	32fc513	10-fixture-integrity	0
one-per-sha	2026-09-20T06:44:05Z	32fc513	20-receipt-freshness	0
one-per-sha	2026-09-20T06:44:05Z	32fc513	30-no-secrets	0
one-per-sha	2026-09-20T06:44:06Z	32fc513	40-omp-compact-replay	0
one-per-sha	2026-09-20T06:44:07Z	32fc513	50-house-gates	0
one-per-sha	2026-09-20T06:44:10Z	32fc513	60-staged-deletion-lane	0
one-per-sha	2026-09-20T06:44:10Z	32fc513	70-tests-registry-sync	0
one-per-sha	2026-09-20T06:44:26Z	32fc513	80-lane-instrument-selftests	0
one-per-sha	2026-09-20T06:44:27Z	32fc513	85-promotion-contract	0
one-per-sha	2026-09-20T06:44:27Z	32fc513	90-sidecar-verifier-wrapper	0
one-per-sha	2026-09-20T06:44:27Z	32fc513	95-numerals-ratchet	0
one-per-sha	2026-09-20T06:44:27Z	32fc513	96-verdict-status-agreement	0
one-per-sha	2026-09-20T06:44:27Z	32fc513	97-readme-counts	0
one-per-sha	2026-09-20T06:34:47Z	338746e	10-fixture-integrity	0
one-per-sha	2026-09-20T06:34:47Z	338746e	20-receipt-freshness	0
one-per-sha	2026-09-20T06:34:48Z	338746e	30-no-secrets	0
one-per-sha	2026-09-20T06:34:49Z	338746e	40-omp-compact-replay	0
one-per-sha	2026-09-20T06:34:49Z	338746e	50-house-gates	0
one-per-sha	2026-09-20T06:34:52Z	338746e	60-staged-deletion-lane	0
one-per-sha	2026-09-20T06:34:52Z	338746e	70-tests-registry-sync	0
one-per-sha	2026-09-20T06:35:08Z	338746e	80-lane-instrument-selftests	0
one-per-sha	2026-09-20T06:35:08Z	338746e	85-promotion-contract	0
one-per-sha	2026-09-20T06:35:08Z	338746e	90-sidecar-verifier-wrapper	0
one-per-sha	2026-09-20T06:35:09Z	338746e	95-numerals-ratchet	0
one-per-sha	2026-09-20T06:35:09Z	338746e	96-verdict-status-agreement	0
one-per-sha	2026-09-20T06:35:09Z	338746e	97-readme-counts	0
one-per-sha	2026-09-23T02:29:13Z	33fe6ae	10-fixture-integrity	0
one-per-sha	2026-09-23T02:29:13Z	33fe6ae	15-kit-claim	0
one-per-sha	2026-09-23T02:29:13Z	33fe6ae	16-kit-readiness	0
one-per-sha	2026-09-23T02:29:13Z	33fe6ae	17-kit-demotion	0
one-per-sha	2026-09-23T02:29:13Z	33fe6ae	20-receipt-freshness	0
one-per-sha	2026-09-23T02:29:14Z	33fe6ae	30-no-secrets	0
one-per-sha	2026-09-23T02:29:15Z	33fe6ae	40-omp-compact-replay	0
one-per-sha	2026-09-23T02:29:15Z	33fe6ae	44-native-surface	0
one-per-sha	2026-09-23T02:29:15Z	33fe6ae	50-house-gates	0
one-per-sha	2026-09-23T02:29:17Z	33fe6ae	60-staged-deletion-lane	0
one-per-sha	2026-09-23T02:29:18Z	33fe6ae	70-tests-registry-sync	1
one-per-sha	2026-09-23T02:30:27Z	33fe6ae	80-lane-instrument-selftests	1
one-per-sha	2026-09-23T02:30:27Z	33fe6ae	85-promotion-contract	0
one-per-sha	2026-09-23T02:30:27Z	33fe6ae	90-sidecar-verifier-wrapper	0
one-per-sha	2026-09-23T02:30:27Z	33fe6ae	95-numerals-ratchet	0
one-per-sha	2026-09-23T02:30:27Z	33fe6ae	96-verdict-status-agreement	0
one-per-sha	2026-09-23T02:30:27Z	33fe6ae	97-readme-counts	1
one-per-sha	2026-09-19T18:10:37Z	348894e	10-fixture-integrity	0
one-per-sha	2026-09-19T18:10:37Z	348894e	20-receipt-freshness	0
one-per-sha	2026-09-19T18:10:37Z	348894e	30-no-secrets	0
one-per-sha	2026-09-19T18:10:38Z	348894e	40-omp-compact-replay	0
one-per-sha	2026-09-19T18:10:38Z	348894e	50-house-gates	0
one-per-sha	2026-09-19T18:10:41Z	348894e	60-staged-deletion-lane	0
one-per-sha	2026-09-19T18:10:41Z	348894e	70-tests-registry-sync	0
one-per-sha	2026-09-19T18:10:58Z	348894e	80-lane-instrument-selftests	0
one-per-sha	2026-09-19T18:10:59Z	348894e	90-sidecar-verifier-wrapper	0
one-per-sha	2026-09-19T18:10:59Z	348894e	95-numerals-ratchet	0
one-per-sha	2026-09-19T18:10:59Z	348894e	96-verdict-status-agreement	0
one-per-sha	2026-09-19T18:10:59Z	348894e	97-readme-counts	0
one-per-sha	2026-09-19T17:55:36Z	35633d6	10-fixture-integrity	0
one-per-sha	2026-09-19T17:55:36Z	35633d6	20-receipt-freshness	0
one-per-sha	2026-09-19T17:55:36Z	35633d6	30-no-secrets	0
one-per-sha	2026-09-19T17:55:37Z	35633d6	40-omp-compact-replay	0
one-per-sha	2026-09-19T17:55:37Z	35633d6	50-house-gates	0
one-per-sha	2026-09-19T17:55:40Z	35633d6	60-staged-deletion-lane	0
one-per-sha	2026-09-19T17:55:40Z	35633d6	70-tests-registry-sync	0
one-per-sha	2026-09-19T17:55:56Z	35633d6	80-lane-instrument-selftests	0
one-per-sha	2026-09-19T17:55:56Z	35633d6	90-sidecar-verifier-wrapper	0
one-per-sha	2026-09-19T17:55:56Z	35633d6	95-numerals-ratchet	0
one-per-sha	2026-09-19T17:55:56Z	35633d6	96-verdict-status-agreement	0
one-per-sha	2026-09-19T17:55:56Z	35633d6	97-readme-counts	0
one-per-sha	2026-09-19T09:01:32Z	3734219	10-fixture-integrity	0
one-per-sha	2026-09-19T09:01:32Z	3734219	20-receipt-freshness	0
one-per-sha	2026-09-19T09:01:32Z	3734219	30-no-secrets	0
one-per-sha	2026-09-19T09:01:34Z	3734219	40-omp-compact-replay	0
one-per-sha	2026-09-19T09:01:34Z	3734219	50-house-gates	0
one-per-sha	2026-09-19T09:01:38Z	3734219	60-staged-deletion-lane	0
one-per-sha	2026-09-19T09:01:38Z	3734219	70-tests-registry-sync	0
one-per-sha	2026-09-19T09:01:54Z	3734219	80-lane-instrument-selftests	0
one-per-sha	2026-09-19T09:01:54Z	3734219	90-sidecar-verifier-wrapper	0
one-per-sha	2026-09-19T09:01:55Z	3734219	95-numerals-ratchet	0
one-per-sha	2026-09-19T09:01:55Z	3734219	96-verdict-status-agreement	0
one-per-sha	2026-09-19T09:01:55Z	3734219	97-readme-counts	0
one-per-sha	2026-09-19T15:56:32Z	37f3bd5	10-fixture-integrity	0
one-per-sha	2026-09-19T15:56:32Z	37f3bd5	20-receipt-freshness	0
one-per-sha	2026-09-19T15:56:32Z	37f3bd5	30-no-secrets	0
one-per-sha	2026-09-19T15:56:33Z	37f3bd5	40-omp-compact-replay	0
one-per-sha	2026-09-19T15:56:34Z	37f3bd5	50-house-gates	0
one-per-sha	2026-09-19T15:56:37Z	37f3bd5	60-staged-deletion-lane	0
one-per-sha	2026-09-19T15:56:37Z	37f3bd5	70-tests-registry-sync	0
one-per-sha	2026-09-19T15:56:54Z	37f3bd5	80-lane-instrument-selftests	0
one-per-sha	2026-09-19T15:56:54Z	37f3bd5	90-sidecar-verifier-wrapper	0
one-per-sha	2026-09-19T15:56:54Z	37f3bd5	95-numerals-ratchet	0
one-per-sha	2026-09-19T15:56:54Z	37f3bd5	96-verdict-status-agreement	0
one-per-sha	2026-09-19T15:56:55Z	37f3bd5	97-readme-counts	0
one-per-sha	2026-09-20T05:03:09Z	39f9996	10-fixture-integrity	0
one-per-sha	2026-09-20T05:03:09Z	39f9996	20-receipt-freshness	0
one-per-sha	2026-09-20T05:03:09Z	39f9996	30-no-secrets	0
one-per-sha	2026-09-20T05:03:10Z	39f9996	40-omp-compact-replay	0
one-per-sha	2026-09-20T05:03:10Z	39f9996	50-house-gates	0
one-per-sha	2026-09-20T05:03:13Z	39f9996	60-staged-deletion-lane	0
one-per-sha	2026-09-20T05:03:14Z	39f9996	70-tests-registry-sync	0
one-per-sha	2026-09-20T05:03:31Z	39f9996	80-lane-instrument-selftests	1
one-per-sha	2026-09-20T05:03:31Z	39f9996	85-promotion-contract	0
one-per-sha	2026-09-20T05:03:31Z	39f9996	90-sidecar-verifier-wrapper	0
one-per-sha	2026-09-20T05:03:31Z	39f9996	95-numerals-ratchet	0
one-per-sha	2026-09-20T05:03:32Z	39f9996	96-verdict-status-agreement	0
one-per-sha	2026-09-20T05:03:32Z	39f9996	97-readme-counts	1
one-per-sha	2026-09-19T18:01:11Z	3ab3a22	10-fixture-integrity	0
one-per-sha	2026-09-19T18:01:11Z	3ab3a22	20-receipt-freshness	0
one-per-sha	2026-09-19T18:01:11Z	3ab3a22	30-no-secrets	0
one-per-sha	2026-09-19T18:01:12Z	3ab3a22	40-omp-compact-replay	0
one-per-sha	2026-09-19T18:01:12Z	3ab3a22	50-house-gates	0
one-per-sha	2026-09-19T18:01:16Z	3ab3a22	60-staged-deletion-lane	0
one-per-sha	2026-09-19T18:01:16Z	3ab3a22	70-tests-registry-sync	0
one-per-sha	2026-09-19T18:01:32Z	3ab3a22	80-lane-instrument-selftests	0
one-per-sha	2026-09-19T18:01:32Z	3ab3a22	90-sidecar-verifier-wrapper	0
one-per-sha	2026-09-19T18:01:32Z	3ab3a22	95-numerals-ratchet	0
one-per-sha	2026-09-19T18:01:32Z	3ab3a22	96-verdict-status-agreement	0
one-per-sha	2026-09-19T18:01:32Z	3ab3a22	97-readme-counts	0
one-per-sha	2026-09-20T11:41:04Z	3b156a2	10-fixture-integrity	0
one-per-sha	2026-09-20T11:41:04Z	3b156a2	20-receipt-freshness	0
one-per-sha	2026-09-20T11:41:04Z	3b156a2	30-no-secrets	0
one-per-sha	2026-09-20T11:41:05Z	3b156a2	40-omp-compact-replay	0
one-per-sha	2026-09-20T11:41:06Z	3b156a2	50-house-gates	0
one-per-sha	2026-09-20T11:41:10Z	3b156a2	60-staged-deletion-lane	0
one-per-sha	2026-09-20T11:41:10Z	3b156a2	70-tests-registry-sync	0
one-per-sha	2026-09-20T11:41:27Z	3b156a2	80-lane-instrument-selftests	0
one-per-sha	2026-09-20T11:41:27Z	3b156a2	85-promotion-contract	0
one-per-sha	2026-09-20T11:41:27Z	3b156a2	90-sidecar-verifier-wrapper	0
one-per-sha	2026-09-20T11:41:27Z	3b156a2	95-numerals-ratchet	0
one-per-sha	2026-09-20T11:41:28Z	3b156a2	96-verdict-status-agreement	0
one-per-sha	2026-09-20T11:41:28Z	3b156a2	97-readme-counts	0
one-per-sha	2026-09-19T22:06:38Z	3b1e02d	10-fixture-integrity	0
one-per-sha	2026-09-19T22:06:38Z	3b1e02d	20-receipt-freshness	0
one-per-sha	2026-09-19T22:06:38Z	3b1e02d	30-no-secrets	0
one-per-sha	2026-09-19T22:06:39Z	3b1e02d	40-omp-compact-replay	0
one-per-sha	2026-09-19T22:06:40Z	3b1e02d	50-house-gates	0
one-per-sha	2026-09-19T22:06:43Z	3b1e02d	60-staged-deletion-lane	0
one-per-sha	2026-09-19T22:06:43Z	3b1e02d	70-tests-registry-sync	0
one-per-sha	2026-09-19T22:06:59Z	3b1e02d	80-lane-instrument-selftests	0
one-per-sha	2026-09-19T22:06:59Z	3b1e02d	90-sidecar-verifier-wrapper	0
one-per-sha	2026-09-19T22:06:59Z	3b1e02d	95-numerals-ratchet	0
one-per-sha	2026-09-19T22:06:59Z	3b1e02d	96-verdict-status-agreement	0
one-per-sha	2026-09-19T22:06:59Z	3b1e02d	97-readme-counts	0
one-per-sha	2026-09-22T01:02:21Z	3b29ca3	10-fixture-integrity	0
one-per-sha	2026-09-22T01:02:21Z	3b29ca3	20-receipt-freshness	0
one-per-sha	2026-09-22T01:02:21Z	3b29ca3	30-no-secrets	0
one-per-sha	2026-09-22T01:02:22Z	3b29ca3	40-omp-compact-replay	0
one-per-sha	2026-09-22T01:02:22Z	3b29ca3	44-native-surface	0
one-per-sha	2026-09-22T01:02:22Z	3b29ca3	50-house-gates	0
one-per-sha	2026-09-22T01:02:25Z	3b29ca3	60-staged-deletion-lane	0
one-per-sha	2026-09-22T01:02:25Z	3b29ca3	70-tests-registry-sync	1
one-per-sha	2026-09-22T01:03:41Z	3b29ca3	80-lane-instrument-selftests	1
one-per-sha	2026-09-22T01:03:41Z	3b29ca3	85-promotion-contract	0
one-per-sha	2026-09-22T01:03:41Z	3b29ca3	90-sidecar-verifier-wrapper	0
one-per-sha	2026-09-22T01:03:42Z	3b29ca3	95-numerals-ratchet	0
one-per-sha	2026-09-22T01:03:42Z	3b29ca3	96-verdict-status-agreement	0
one-per-sha	2026-09-22T01:03:42Z	3b29ca3	97-readme-counts	1
one-per-sha	2026-09-19T21:45:42Z	3b30957	10-fixture-integrity	0
one-per-sha	2026-09-19T21:45:42Z	3b30957	20-receipt-freshness	0
one-per-sha	2026-09-19T21:45:42Z	3b30957	30-no-secrets	0
one-per-sha	2026-09-19T21:45:44Z	3b30957	40-omp-compact-replay	0
one-per-sha	2026-09-19T21:45:44Z	3b30957	50-house-gates	0
one-per-sha	2026-09-19T21:45:47Z	3b30957	60-staged-deletion-lane	0
one-per-sha	2026-09-19T21:45:47Z	3b30957	70-tests-registry-sync	0
one-per-sha	2026-09-19T21:46:03Z	3b30957	80-lane-instrument-selftests	0
one-per-sha	2026-09-19T21:46:03Z	3b30957	90-sidecar-verifier-wrapper	0
one-per-sha	2026-09-19T21:46:03Z	3b30957	95-numerals-ratchet	0
one-per-sha	2026-09-19T21:46:03Z	3b30957	96-verdict-status-agreement	0
one-per-sha	2026-09-19T21:46:03Z	3b30957	97-readme-counts	0
one-per-sha	2026-09-19T23:34:44Z	3b5ad1c	10-fixture-integrity	0
one-per-sha	2026-09-19T23:34:44Z	3b5ad1c	20-receipt-freshness	0
one-per-sha	2026-09-19T23:34:44Z	3b5ad1c	30-no-secrets	0
one-per-sha	2026-09-19T23:34:45Z	3b5ad1c	40-omp-compact-replay	0
one-per-sha	2026-09-19T23:34:46Z	3b5ad1c	50-house-gates	0
one-per-sha	2026-09-19T23:34:49Z	3b5ad1c	60-staged-deletion-lane	0
one-per-sha	2026-09-19T23:34:49Z	3b5ad1c	70-tests-registry-sync	0
one-per-sha	2026-09-19T23:35:05Z	3b5ad1c	80-lane-instrument-selftests	0
one-per-sha	2026-09-19T23:35:05Z	3b5ad1c	90-sidecar-verifier-wrapper	0
one-per-sha	2026-09-19T23:35:05Z	3b5ad1c	95-numerals-ratchet	0
one-per-sha	2026-09-19T23:35:05Z	3b5ad1c	96-verdict-status-agreement	0
one-per-sha	2026-09-19T23:35:05Z	3b5ad1c	97-readme-counts	0
one-per-sha	2026-09-20T14:11:10Z	3bbcf00	10-fixture-integrity	0
one-per-sha	2026-09-20T14:11:10Z	3bbcf00	20-receipt-freshness	0
one-per-sha	2026-09-20T14:11:10Z	3bbcf00	30-no-secrets	0
one-per-sha	2026-09-20T14:11:11Z	3bbcf00	40-omp-compact-replay	0
one-per-sha	2026-09-20T14:11:11Z	3bbcf00	50-house-gates	0
one-per-sha	2026-09-20T14:11:15Z	3bbcf00	60-staged-deletion-lane	0
one-per-sha	2026-09-20T14:11:15Z	3bbcf00	70-tests-registry-sync	0
one-per-sha	2026-09-20T14:11:32Z	3bbcf00	80-lane-instrument-selftests	0
one-per-sha	2026-09-20T14:11:33Z	3bbcf00	85-promotion-contract	0
one-per-sha	2026-09-20T14:11:33Z	3bbcf00	90-sidecar-verifier-wrapper	0
one-per-sha	2026-09-20T14:11:33Z	3bbcf00	95-numerals-ratchet	0
one-per-sha	2026-09-20T14:11:33Z	3bbcf00	96-verdict-status-agreement	0
one-per-sha	2026-09-20T14:11:33Z	3bbcf00	97-readme-counts	0
one-per-sha	2026-09-20T09:41:41Z	3c47a2c	10-fixture-integrity	0
one-per-sha	2026-09-20T09:41:41Z	3c47a2c	20-receipt-freshness	0
one-per-sha	2026-09-20T09:41:41Z	3c47a2c	30-no-secrets	0
one-per-sha	2026-09-20T09:41:42Z	3c47a2c	40-omp-compact-replay	0
one-per-sha	2026-09-20T09:41:43Z	3c47a2c	50-house-gates	0
one-per-sha	2026-09-20T09:41:47Z	3c47a2c	60-staged-deletion-lane	0
one-per-sha	2026-09-20T09:41:47Z	3c47a2c	70-tests-registry-sync	0
one-per-sha	2026-09-20T09:42:04Z	3c47a2c	80-lane-instrument-selftests	0
one-per-sha	2026-09-20T09:42:04Z	3c47a2c	85-promotion-contract	0
one-per-sha	2026-09-20T09:42:04Z	3c47a2c	90-sidecar-verifier-wrapper	0
one-per-sha	2026-09-20T09:42:04Z	3c47a2c	95-numerals-ratchet	0
one-per-sha	2026-09-20T09:42:04Z	3c47a2c	96-verdict-status-agreement	0
one-per-sha	2026-09-20T09:42:05Z	3c47a2c	97-readme-counts	0
one-per-sha	2026-09-20T19:29:15Z	3c5a2ae	10-fixture-integrity	0
one-per-sha	2026-09-20T19:29:15Z	3c5a2ae	20-receipt-freshness	0
one-per-sha	2026-09-20T19:29:15Z	3c5a2ae	30-no-secrets	0
one-per-sha	2026-09-20T19:29:16Z	3c5a2ae	40-omp-compact-replay	0
one-per-sha	2026-09-20T19:29:16Z	3c5a2ae	50-house-gates	0
one-per-sha	2026-09-20T19:29:19Z	3c5a2ae	60-staged-deletion-lane	0
one-per-sha	2026-09-20T19:29:19Z	3c5a2ae	70-tests-registry-sync	0
one-per-sha	2026-09-20T19:29:52Z	3c5a2ae	80-lane-instrument-selftests	0
one-per-sha	2026-09-20T19:29:52Z	3c5a2ae	85-promotion-contract	0
one-per-sha	2026-09-20T19:29:52Z	3c5a2ae	90-sidecar-verifier-wrapper	0
one-per-sha	2026-09-20T19:29:52Z	3c5a2ae	95-numerals-ratchet	0
one-per-sha	2026-09-20T19:29:53Z	3c5a2ae	96-verdict-status-agreement	0
one-per-sha	2026-09-20T19:29:53Z	3c5a2ae	97-readme-counts	0
one-per-sha	2026-09-19T23:42:31Z	3d8e335	10-fixture-integrity	0
one-per-sha	2026-09-19T23:42:31Z	3d8e335	20-receipt-freshness	0
one-per-sha	2026-09-19T23:42:31Z	3d8e335	30-no-secrets	0
one-per-sha	2026-09-19T23:42:32Z	3d8e335	40-omp-compact-replay	0
one-per-sha	2026-09-19T23:42:33Z	3d8e335	50-house-gates	0
one-per-sha	2026-09-19T23:42:36Z	3d8e335	60-staged-deletion-lane	0
one-per-sha	2026-09-19T23:42:36Z	3d8e335	70-tests-registry-sync	0
one-per-sha	2026-09-19T23:42:54Z	3d8e335	80-lane-instrument-selftests	0
one-per-sha	2026-09-19T23:42:55Z	3d8e335	90-sidecar-verifier-wrapper	0
one-per-sha	2026-09-19T23:42:55Z	3d8e335	95-numerals-ratchet	0
one-per-sha	2026-09-19T23:42:55Z	3d8e335	96-verdict-status-agreement	0
one-per-sha	2026-09-19T23:42:55Z	3d8e335	97-readme-counts	0
one-per-sha	2026-09-19T16:44:00Z	3dd0976	10-fixture-integrity	0
one-per-sha	2026-09-19T16:44:00Z	3dd0976	20-receipt-freshness	0
one-per-sha	2026-09-19T16:44:00Z	3dd0976	30-no-secrets	0
one-per-sha	2026-09-19T16:44:01Z	3dd0976	40-omp-compact-replay	0
one-per-sha	2026-09-19T16:44:02Z	3dd0976	50-house-gates	0
one-per-sha	2026-09-19T16:44:05Z	3dd0976	60-staged-deletion-lane	0
one-per-sha	2026-09-19T16:44:05Z	3dd0976	70-tests-registry-sync	0
one-per-sha	2026-09-19T16:44:23Z	3dd0976	80-lane-instrument-selftests	0
one-per-sha	2026-09-19T16:44:23Z	3dd0976	90-sidecar-verifier-wrapper	0
one-per-sha	2026-09-19T16:44:23Z	3dd0976	95-numerals-ratchet	0
one-per-sha	2026-09-19T16:44:23Z	3dd0976	96-verdict-status-agreement	0
one-per-sha	2026-09-19T16:44:23Z	3dd0976	97-readme-counts	0
one-per-sha	2026-09-20T17:51:22Z	3e61e54	10-fixture-integrity	0
one-per-sha	2026-09-20T17:51:22Z	3e61e54	20-receipt-freshness	0
one-per-sha	2026-09-20T17:51:22Z	3e61e54	30-no-secrets	0
one-per-sha	2026-09-20T17:51:23Z	3e61e54	40-omp-compact-replay	0
one-per-sha	2026-09-20T17:51:24Z	3e61e54	50-house-gates	0
one-per-sha	2026-09-20T17:51:27Z	3e61e54	60-staged-deletion-lane	0
one-per-sha	2026-09-20T17:51:27Z	3e61e54	70-tests-registry-sync	0
one-per-sha	2026-09-20T17:51:51Z	3e61e54	80-lane-instrument-selftests	0
one-per-sha	2026-09-20T17:51:51Z	3e61e54	85-promotion-contract	0
one-per-sha	2026-09-20T17:51:51Z	3e61e54	90-sidecar-verifier-wrapper	0
one-per-sha	2026-09-20T17:51:51Z	3e61e54	95-numerals-ratchet	0
one-per-sha	2026-09-20T17:51:51Z	3e61e54	96-verdict-status-agreement	0
one-per-sha	2026-09-20T17:51:51Z	3e61e54	97-readme-counts	0
one-per-sha	2026-09-20T04:40:17Z	3ef5e9c	10-fixture-integrity	0
one-per-sha	2026-09-20T04:40:17Z	3ef5e9c	20-receipt-freshness	0
one-per-sha	2026-09-20T04:40:17Z	3ef5e9c	30-no-secrets	0
one-per-sha	2026-09-20T04:40:18Z	3ef5e9c	40-omp-compact-replay	0
one-per-sha	2026-09-20T04:40:19Z	3ef5e9c	50-house-gates	0
one-per-sha	2026-09-20T04:40:22Z	3ef5e9c	60-staged-deletion-lane	0
one-per-sha	2026-09-20T04:40:22Z	3ef5e9c	70-tests-registry-sync	0
one-per-sha	2026-09-20T04:40:39Z	3ef5e9c	80-lane-instrument-selftests	0
one-per-sha	2026-09-20T04:40:39Z	3ef5e9c	90-sidecar-verifier-wrapper	0
one-per-sha	2026-09-20T04:40:39Z	3ef5e9c	95-numerals-ratchet	0
one-per-sha	2026-09-20T04:40:39Z	3ef5e9c	96-verdict-status-agreement	0
one-per-sha	2026-09-20T04:40:39Z	3ef5e9c	97-readme-counts	0
one-per-sha	2026-09-19T17:29:03Z	40bdaaa	10-fixture-integrity	0
one-per-sha	2026-09-19T17:29:03Z	40bdaaa	20-receipt-freshness	0
one-per-sha	2026-09-19T17:29:03Z	40bdaaa	30-no-secrets	0
one-per-sha	2026-09-19T17:29:04Z	40bdaaa	40-omp-compact-replay	0
one-per-sha	2026-09-19T17:29:05Z	40bdaaa	50-house-gates	0
one-per-sha	2026-09-19T17:29:08Z	40bdaaa	60-staged-deletion-lane	0
one-per-sha	2026-09-19T17:29:08Z	40bdaaa	70-tests-registry-sync	0
one-per-sha	2026-09-19T17:29:27Z	40bdaaa	80-lane-instrument-selftests	0
one-per-sha	2026-09-19T17:29:27Z	40bdaaa	90-sidecar-verifier-wrapper	0
one-per-sha	2026-09-19T17:29:27Z	40bdaaa	95-numerals-ratchet	0
one-per-sha	2026-09-19T17:29:27Z	40bdaaa	96-verdict-status-agreement	0
one-per-sha	2026-09-19T17:29:27Z	40bdaaa	97-readme-counts	0
one-per-sha	2026-09-20T06:02:27Z	42121f7	10-fixture-integrity	0
one-per-sha	2026-09-20T06:02:27Z	42121f7	20-receipt-freshness	0
one-per-sha	2026-09-20T06:02:27Z	42121f7	30-no-secrets	0
one-per-sha	2026-09-20T06:02:28Z	42121f7	40-omp-compact-replay	0
one-per-sha	2026-09-20T06:02:28Z	42121f7	50-house-gates	0
one-per-sha	2026-09-20T06:02:31Z	42121f7	60-staged-deletion-lane	0
one-per-sha	2026-09-20T06:02:31Z	42121f7	70-tests-registry-sync	0
one-per-sha	2026-09-20T06:02:48Z	42121f7	80-lane-instrument-selftests	0
one-per-sha	2026-09-20T06:02:48Z	42121f7	90-sidecar-verifier-wrapper	0
one-per-sha	2026-09-20T06:02:48Z	42121f7	95-numerals-ratchet	0
one-per-sha	2026-09-20T06:02:48Z	42121f7	96-verdict-status-agreement	0
one-per-sha	2026-09-20T06:02:48Z	42121f7	97-readme-counts	0
one-per-sha	2026-09-19T12:04:17Z	4495dbe	10-fixture-integrity	0
one-per-sha	2026-09-19T12:04:17Z	4495dbe	20-receipt-freshness	0
one-per-sha	2026-09-19T12:04:17Z	4495dbe	30-no-secrets	0
one-per-sha	2026-09-19T12:04:18Z	4495dbe	40-omp-compact-replay	0
one-per-sha	2026-09-19T12:04:18Z	4495dbe	50-house-gates	0
one-per-sha	2026-09-19T12:04:22Z	4495dbe	60-staged-deletion-lane	0
one-per-sha	2026-09-19T12:04:22Z	4495dbe	70-tests-registry-sync	0
one-per-sha	2026-09-19T12:04:38Z	4495dbe	80-lane-instrument-selftests	0
one-per-sha	2026-09-19T12:04:38Z	4495dbe	90-sidecar-verifier-wrapper	0
one-per-sha	2026-09-19T12:04:38Z	4495dbe	95-numerals-ratchet	0
one-per-sha	2026-09-19T12:04:38Z	4495dbe	96-verdict-status-agreement	0
one-per-sha	2026-09-19T12:04:38Z	4495dbe	97-readme-counts	0
one-per-sha	2026-09-19T17:40:52Z	4536168	10-fixture-integrity	0
one-per-sha	2026-09-19T17:40:52Z	4536168	20-receipt-freshness	0
one-per-sha	2026-09-19T17:40:52Z	4536168	30-no-secrets	0
one-per-sha	2026-09-19T17:40:53Z	4536168	40-omp-compact-replay	0
one-per-sha	2026-09-19T17:40:53Z	4536168	50-house-gates	0
one-per-sha	2026-09-19T17:40:56Z	4536168	60-staged-deletion-lane	0
one-per-sha	2026-09-19T17:40:56Z	4536168	70-tests-registry-sync	0
one-per-sha	2026-09-19T17:41:13Z	4536168	80-lane-instrument-selftests	0
one-per-sha	2026-09-19T17:41:13Z	4536168	90-sidecar-verifier-wrapper	0
one-per-sha	2026-09-19T17:41:13Z	4536168	95-numerals-ratchet	0
one-per-sha	2026-09-19T17:41:13Z	4536168	96-verdict-status-agreement	0
one-per-sha	2026-09-19T17:41:13Z	4536168	97-readme-counts	0
one-per-sha	2026-09-20T01:02:13Z	455e3e2	10-fixture-integrity	0
one-per-sha	2026-09-20T01:02:13Z	455e3e2	20-receipt-freshness	0
one-per-sha	2026-09-20T01:02:13Z	455e3e2	30-no-secrets	0
one-per-sha	2026-09-20T01:02:14Z	455e3e2	40-omp-compact-replay	0
one-per-sha	2026-09-20T01:02:15Z	455e3e2	50-house-gates	0
one-per-sha	2026-09-20T01:02:18Z	455e3e2	60-staged-deletion-lane	0
one-per-sha	2026-09-20T01:02:18Z	455e3e2	70-tests-registry-sync	0
one-per-sha	2026-09-20T01:02:34Z	455e3e2	80-lane-instrument-selftests	0
one-per-sha	2026-09-20T01:02:34Z	455e3e2	90-sidecar-verifier-wrapper	0
one-per-sha	2026-09-20T01:02:34Z	455e3e2	95-numerals-ratchet	0
one-per-sha	2026-09-20T01:02:34Z	455e3e2	96-verdict-status-agreement	0
one-per-sha	2026-09-20T01:02:34Z	455e3e2	97-readme-counts	0
one-per-sha	2026-09-20T03:49:04Z	4639b9f	10-fixture-integrity	0
one-per-sha	2026-09-20T03:49:05Z	4639b9f	20-receipt-freshness	0
one-per-sha	2026-09-20T03:49:05Z	4639b9f	30-no-secrets	0
one-per-sha	2026-09-20T03:49:06Z	4639b9f	40-omp-compact-replay	0
one-per-sha	2026-09-20T03:49:06Z	4639b9f	50-house-gates	0
one-per-sha	2026-09-20T03:49:09Z	4639b9f	60-staged-deletion-lane	0
one-per-sha	2026-09-20T03:49:09Z	4639b9f	70-tests-registry-sync	0
one-per-sha	2026-09-20T03:49:25Z	4639b9f	80-lane-instrument-selftests	0
one-per-sha	2026-09-20T03:49:25Z	4639b9f	90-sidecar-verifier-wrapper	0
one-per-sha	2026-09-20T03:49:25Z	4639b9f	95-numerals-ratchet	0
one-per-sha	2026-09-20T03:49:25Z	4639b9f	96-verdict-status-agreement	0
one-per-sha	2026-09-20T03:49:25Z	4639b9f	97-readme-counts	0
one-per-sha	2026-09-20T04:55:08Z	4659058	10-fixture-integrity	0
one-per-sha	2026-09-20T04:55:08Z	4659058	20-receipt-freshness	0
one-per-sha	2026-09-20T04:55:08Z	4659058	30-no-secrets	0
one-per-sha	2026-09-20T04:55:09Z	4659058	40-omp-compact-replay	0
one-per-sha	2026-09-20T04:55:10Z	4659058	50-house-gates	0
one-per-sha	2026-09-20T04:55:14Z	4659058	60-staged-deletion-lane	0
one-per-sha	2026-09-20T04:55:15Z	4659058	70-tests-registry-sync	0
one-per-sha	2026-09-20T04:55:31Z	4659058	80-lane-instrument-selftests	0
one-per-sha	2026-09-20T04:55:32Z	4659058	90-sidecar-verifier-wrapper	0
one-per-sha	2026-09-20T04:55:32Z	4659058	95-numerals-ratchet	0
one-per-sha	2026-09-20T04:55:32Z	4659058	96-verdict-status-agreement	0
one-per-sha	2026-09-20T04:55:32Z	4659058	97-readme-counts	0
one-per-sha	2026-09-19T22:22:03Z	48ddb1e	10-fixture-integrity	0
one-per-sha	2026-09-19T22:22:03Z	48ddb1e	20-receipt-freshness	0
one-per-sha	2026-09-19T22:22:03Z	48ddb1e	30-no-secrets	0
one-per-sha	2026-09-19T22:22:04Z	48ddb1e	40-omp-compact-replay	0
one-per-sha	2026-09-19T22:22:05Z	48ddb1e	50-house-gates	0
one-per-sha	2026-09-19T22:22:07Z	48ddb1e	60-staged-deletion-lane	0
one-per-sha	2026-09-19T22:22:08Z	48ddb1e	70-tests-registry-sync	0
one-per-sha	2026-09-19T22:22:23Z	48ddb1e	80-lane-instrument-selftests	0
one-per-sha	2026-09-19T22:22:23Z	48ddb1e	90-sidecar-verifier-wrapper	0
one-per-sha	2026-09-19T22:22:24Z	48ddb1e	95-numerals-ratchet	0
one-per-sha	2026-09-19T22:22:24Z	48ddb1e	96-verdict-status-agreement	0
one-per-sha	2026-09-19T22:22:24Z	48ddb1e	97-readme-counts	0
one-per-sha	2026-09-20T00:06:21Z	48eecdf	10-fixture-integrity	0
one-per-sha	2026-09-20T00:06:21Z	48eecdf	20-receipt-freshness	0
one-per-sha	2026-09-20T00:06:21Z	48eecdf	30-no-secrets	0
one-per-sha	2026-09-20T00:06:22Z	48eecdf	40-omp-compact-replay	0
one-per-sha	2026-09-20T00:06:23Z	48eecdf	50-house-gates	0
one-per-sha	2026-09-20T00:06:26Z	48eecdf	60-staged-deletion-lane	0
one-per-sha	2026-09-20T00:06:26Z	48eecdf	70-tests-registry-sync	1
one-per-sha	2026-09-20T00:06:45Z	48eecdf	80-lane-instrument-selftests	1
one-per-sha	2026-09-20T00:06:45Z	48eecdf	90-sidecar-verifier-wrapper	0
one-per-sha	2026-09-20T00:06:45Z	48eecdf	95-numerals-ratchet	0
one-per-sha	2026-09-20T00:06:45Z	48eecdf	96-verdict-status-agreement	0
one-per-sha	2026-09-20T00:06:45Z	48eecdf	97-readme-counts	0
one-per-sha	2026-09-20T00:47:02Z	48f834b	10-fixture-integrity	0
one-per-sha	2026-09-20T00:47:02Z	48f834b	20-receipt-freshness	0
one-per-sha	2026-09-20T00:47:02Z	48f834b	30-no-secrets	0
one-per-sha	2026-09-20T00:47:03Z	48f834b	40-omp-compact-replay	0
one-per-sha	2026-09-20T00:47:03Z	48f834b	50-house-gates	0
one-per-sha	2026-09-20T00:47:06Z	48f834b	60-staged-deletion-lane	0
one-per-sha	2026-09-20T00:47:06Z	48f834b	70-tests-registry-sync	0
one-per-sha	2026-09-20T00:47:22Z	48f834b	80-lane-instrument-selftests	0
one-per-sha	2026-09-20T00:47:22Z	48f834b	90-sidecar-verifier-wrapper	0
one-per-sha	2026-09-20T00:47:22Z	48f834b	95-numerals-ratchet	0
one-per-sha	2026-09-20T00:47:22Z	48f834b	96-verdict-status-agreement	0
one-per-sha	2026-09-20T00:47:22Z	48f834b	97-readme-counts	0
one-per-sha	2026-09-24T02:04:29Z	4954b50	10-fixture-integrity	0
one-per-sha	2026-09-24T02:04:29Z	4954b50	15-kit-claim	0
one-per-sha	2026-09-24T02:04:30Z	4954b50	16-kit-readiness	0
one-per-sha	2026-09-24T02:04:31Z	4954b50	17-kit-demotion	0
one-per-sha	2026-09-24T02:04:31Z	4954b50	20-receipt-freshness	0
one-per-sha	2026-09-24T02:04:31Z	4954b50	30-no-secrets	0
one-per-sha	2026-09-24T02:04:33Z	4954b50	40-omp-compact-replay	0
one-per-sha	2026-09-24T02:04:33Z	4954b50	44-native-surface	0
one-per-sha	2026-09-24T02:04:34Z	4954b50	50-house-gates	0
one-per-sha	2026-09-24T02:04:38Z	4954b50	60-staged-deletion-lane	1
one-per-sha	2026-09-24T02:04:38Z	4954b50	70-tests-registry-sync	1
one-per-sha	2026-09-24T02:12:27Z	4954b50	80-lane-instrument-selftests	0
one-per-sha	2026-09-24T02:12:28Z	4954b50	85-promotion-contract	0
one-per-sha	2026-09-24T02:12:29Z	4954b50	90-sidecar-verifier-wrapper	0
one-per-sha	2026-09-24T02:12:30Z	4954b50	95-numerals-ratchet	0
one-per-sha	2026-09-24T02:12:31Z	4954b50	96-verdict-status-agreement	0
one-per-sha	2026-09-24T02:12:31Z	4954b50	97-readme-counts	0
one-per-sha	2026-09-20T06:08:25Z	495e85e	10-fixture-integrity	0
one-per-sha	2026-09-20T06:08:25Z	495e85e	20-receipt-freshness	0
one-per-sha	2026-09-20T06:08:25Z	495e85e	30-no-secrets	0
one-per-sha	2026-09-20T06:08:26Z	495e85e	40-omp-compact-replay	0
one-per-sha	2026-09-20T06:08:27Z	495e85e	50-house-gates	0
one-per-sha	2026-09-20T06:08:30Z	495e85e	60-staged-deletion-lane	0
one-per-sha	2026-09-20T06:08:30Z	495e85e	70-tests-registry-sync	0
one-per-sha	2026-09-20T06:08:46Z	495e85e	80-lane-instrument-selftests	0
one-per-sha	2026-09-20T06:08:46Z	495e85e	90-sidecar-verifier-wrapper	0
one-per-sha	2026-09-20T06:08:47Z	495e85e	95-numerals-ratchet	0
one-per-sha	2026-09-20T06:08:47Z	495e85e	96-verdict-status-agreement	0
one-per-sha	2026-09-20T06:08:47Z	495e85e	97-readme-counts	0
one-per-sha	2026-09-20T04:56:06Z	4a19404	10-fixture-integrity	0
one-per-sha	2026-09-20T04:56:06Z	4a19404	20-receipt-freshness	0
one-per-sha	2026-09-20T04:56:06Z	4a19404	30-no-secrets	0
one-per-sha	2026-09-20T04:56:07Z	4a19404	40-omp-compact-replay	0
one-per-sha	2026-09-20T04:56:08Z	4a19404	50-house-gates	0
one-per-sha	2026-09-20T04:56:10Z	4a19404	60-staged-deletion-lane	0
one-per-sha	2026-09-20T04:56:11Z	4a19404	70-tests-registry-sync	0
one-per-sha	2026-09-20T04:56:27Z	4a19404	80-lane-instrument-selftests	0
one-per-sha	2026-09-20T04:56:27Z	4a19404	90-sidecar-verifier-wrapper	0
one-per-sha	2026-09-20T04:56:27Z	4a19404	95-numerals-ratchet	0
one-per-sha	2026-09-20T04:56:27Z	4a19404	96-verdict-status-agreement	0
one-per-sha	2026-09-20T04:56:27Z	4a19404	97-readme-counts	0
one-per-sha	2026-09-20T16:40:42Z	4a5d4d5	10-fixture-integrity	0
one-per-sha	2026-09-20T16:40:42Z	4a5d4d5	20-receipt-freshness	0
one-per-sha	2026-09-20T16:40:42Z	4a5d4d5	30-no-secrets	0
one-per-sha	2026-09-20T16:40:43Z	4a5d4d5	40-omp-compact-replay	0
one-per-sha	2026-09-20T16:40:43Z	4a5d4d5	50-house-gates	0
one-per-sha	2026-09-20T16:40:46Z	4a5d4d5	60-staged-deletion-lane	0
one-per-sha	2026-09-20T16:40:46Z	4a5d4d5	70-tests-registry-sync	0
one-per-sha	2026-09-20T16:41:08Z	4a5d4d5	80-lane-instrument-selftests	0
one-per-sha	2026-09-20T16:41:08Z	4a5d4d5	85-promotion-contract	0
one-per-sha	2026-09-20T16:41:08Z	4a5d4d5	90-sidecar-verifier-wrapper	0
one-per-sha	2026-09-20T16:41:08Z	4a5d4d5	95-numerals-ratchet	0
one-per-sha	2026-09-20T16:41:08Z	4a5d4d5	96-verdict-status-agreement	0
one-per-sha	2026-09-20T16:41:08Z	4a5d4d5	97-readme-counts	0
one-per-sha	2026-09-19T03:04:46Z	4c19790	10-fixture-integrity	0
one-per-sha	2026-09-19T03:04:46Z	4c19790	20-receipt-freshness	0
one-per-sha	2026-09-19T03:04:46Z	4c19790	30-no-secrets	0
one-per-sha	2026-09-19T03:04:47Z	4c19790	40-omp-compact-replay	0
one-per-sha	2026-09-19T03:04:47Z	4c19790	50-house-gates	0
one-per-sha	2026-09-19T03:04:50Z	4c19790	60-staged-deletion-lane	0
one-per-sha	2026-09-19T03:04:50Z	4c19790	70-tests-registry-sync	0
one-per-sha	2026-09-19T03:05:05Z	4c19790	80-lane-instrument-selftests	0
one-per-sha	2026-09-19T03:05:05Z	4c19790	90-sidecar-verifier-wrapper	0
one-per-sha	2026-09-19T03:05:05Z	4c19790	95-numerals-ratchet	0
one-per-sha	2026-09-19T03:05:05Z	4c19790	96-verdict-status-agreement	0
one-per-sha	2026-09-19T03:05:05Z	4c19790	97-readme-counts	0
one-per-sha	2026-09-20T18:57:56Z	4c1a8b8	10-fixture-integrity	0
one-per-sha	2026-09-20T18:57:56Z	4c1a8b8	20-receipt-freshness	0
one-per-sha	2026-09-20T18:57:56Z	4c1a8b8	30-no-secrets	0
one-per-sha	2026-09-20T18:57:57Z	4c1a8b8	40-omp-compact-replay	0
one-per-sha	2026-09-20T18:57:58Z	4c1a8b8	50-house-gates	0
one-per-sha	2026-09-20T18:58:01Z	4c1a8b8	60-staged-deletion-lane	0
one-per-sha	2026-09-20T18:58:01Z	4c1a8b8	70-tests-registry-sync	0
one-per-sha	2026-09-20T18:58:24Z	4c1a8b8	80-lane-instrument-selftests	0
one-per-sha	2026-09-20T18:58:25Z	4c1a8b8	85-promotion-contract	0
one-per-sha	2026-09-20T18:58:25Z	4c1a8b8	90-sidecar-verifier-wrapper	0
one-per-sha	2026-09-20T18:58:25Z	4c1a8b8	95-numerals-ratchet	0
one-per-sha	2026-09-20T18:58:25Z	4c1a8b8	96-verdict-status-agreement	0
one-per-sha	2026-09-20T18:58:25Z	4c1a8b8	97-readme-counts	0
one-per-sha	2026-09-20T01:24:02Z	4cbc7b5	10-fixture-integrity	0
one-per-sha	2026-09-20T01:24:02Z	4cbc7b5	20-receipt-freshness	0
one-per-sha	2026-09-20T01:24:02Z	4cbc7b5	30-no-secrets	0
one-per-sha	2026-09-20T01:24:03Z	4cbc7b5	40-omp-compact-replay	0
one-per-sha	2026-09-20T01:24:03Z	4cbc7b5	50-house-gates	0
one-per-sha	2026-09-20T01:24:07Z	4cbc7b5	60-staged-deletion-lane	0
one-per-sha	2026-09-20T01:24:07Z	4cbc7b5	70-tests-registry-sync	0
one-per-sha	2026-09-20T01:24:23Z	4cbc7b5	80-lane-instrument-selftests	0
one-per-sha	2026-09-20T01:24:23Z	4cbc7b5	90-sidecar-verifier-wrapper	0
one-per-sha	2026-09-20T01:24:24Z	4cbc7b5	95-numerals-ratchet	0
one-per-sha	2026-09-20T01:24:24Z	4cbc7b5	96-verdict-status-agreement	0
one-per-sha	2026-09-20T01:24:24Z	4cbc7b5	97-readme-counts	0
one-per-sha	2026-09-20T07:25:09Z	4d4825c	10-fixture-integrity	0
one-per-sha	2026-09-20T07:25:09Z	4d4825c	20-receipt-freshness	0
one-per-sha	2026-09-20T07:25:09Z	4d4825c	30-no-secrets	0
one-per-sha	2026-09-20T07:25:10Z	4d4825c	40-omp-compact-replay	0
one-per-sha	2026-09-20T07:25:11Z	4d4825c	50-house-gates	0
one-per-sha	2026-09-20T07:25:13Z	4d4825c	60-staged-deletion-lane	0
one-per-sha	2026-09-20T07:25:14Z	4d4825c	70-tests-registry-sync	0
one-per-sha	2026-09-20T07:25:30Z	4d4825c	80-lane-instrument-selftests	0
one-per-sha	2026-09-20T07:25:31Z	4d4825c	85-promotion-contract	0
one-per-sha	2026-09-20T07:25:31Z	4d4825c	90-sidecar-verifier-wrapper	0
one-per-sha	2026-09-20T07:25:31Z	4d4825c	95-numerals-ratchet	0
one-per-sha	2026-09-20T07:25:31Z	4d4825c	96-verdict-status-agreement	0
one-per-sha	2026-09-20T07:25:31Z	4d4825c	97-readme-counts	0
one-per-sha	2026-09-20T17:06:10Z	4de01a6	10-fixture-integrity	0
one-per-sha	2026-09-20T17:06:10Z	4de01a6	20-receipt-freshness	0
one-per-sha	2026-09-20T17:06:10Z	4de01a6	30-no-secrets	0
one-per-sha	2026-09-20T17:06:11Z	4de01a6	40-omp-compact-replay	0
one-per-sha	2026-09-20T17:06:12Z	4de01a6	50-house-gates	0
one-per-sha	2026-09-20T17:06:15Z	4de01a6	60-staged-deletion-lane	0
one-per-sha	2026-09-20T17:06:15Z	4de01a6	70-tests-registry-sync	0
one-per-sha	2026-09-20T17:06:36Z	4de01a6	80-lane-instrument-selftests	0
one-per-sha	2026-09-20T17:06:37Z	4de01a6	85-promotion-contract	0
one-per-sha	2026-09-20T17:06:37Z	4de01a6	90-sidecar-verifier-wrapper	0
one-per-sha	2026-09-20T17:06:37Z	4de01a6	95-numerals-ratchet	0
one-per-sha	2026-09-20T17:06:37Z	4de01a6	96-verdict-status-agreement	0
one-per-sha	2026-09-20T17:06:37Z	4de01a6	97-readme-counts	0
one-per-sha	2026-09-19T17:39:01Z	4fe3644	10-fixture-integrity	0
one-per-sha	2026-09-19T17:39:01Z	4fe3644	20-receipt-freshness	0
one-per-sha	2026-09-19T17:39:01Z	4fe3644	30-no-secrets	0
one-per-sha	2026-09-19T17:39:03Z	4fe3644	40-omp-compact-replay	0
one-per-sha	2026-09-19T17:39:03Z	4fe3644	50-house-gates	0
one-per-sha	2026-09-19T17:39:06Z	4fe3644	60-staged-deletion-lane	0
one-per-sha	2026-09-19T17:39:06Z	4fe3644	70-tests-registry-sync	0
one-per-sha	2026-09-19T17:39:23Z	4fe3644	80-lane-instrument-selftests	0
one-per-sha	2026-09-19T17:39:23Z	4fe3644	90-sidecar-verifier-wrapper	0
one-per-sha	2026-09-19T17:39:23Z	4fe3644	95-numerals-ratchet	0
one-per-sha	2026-09-19T17:39:23Z	4fe3644	96-verdict-status-agreement	0
one-per-sha	2026-09-19T17:39:23Z	4fe3644	97-readme-counts	0
one-per-sha	2026-09-24T08:28:02Z	4ff90fe	10-fixture-integrity	0
one-per-sha	2026-09-24T08:28:03Z	4ff90fe	15-kit-claim	0
one-per-sha	2026-09-24T08:28:03Z	4ff90fe	16-kit-readiness	0
one-per-sha	2026-09-24T08:28:03Z	4ff90fe	17-kit-demotion	0
one-per-sha	2026-09-24T08:28:03Z	4ff90fe	20-receipt-freshness	0
one-per-sha	2026-09-24T08:28:03Z	4ff90fe	30-no-secrets	0
one-per-sha	2026-09-24T08:28:04Z	4ff90fe	40-omp-compact-replay	0
one-per-sha	2026-09-24T08:28:04Z	4ff90fe	44-native-surface	1
one-per-sha	2026-09-24T08:28:05Z	4ff90fe	50-house-gates	0
one-per-sha	2026-09-24T08:28:07Z	4ff90fe	60-staged-deletion-lane	0
one-per-sha	2026-09-24T08:28:08Z	4ff90fe	70-tests-registry-sync	0
one-per-sha	2026-09-24T08:29:09Z	4ff90fe	80-lane-instrument-selftests	0
one-per-sha	2026-09-24T08:29:10Z	4ff90fe	85-promotion-contract	0
one-per-sha	2026-09-24T08:29:10Z	4ff90fe	90-sidecar-verifier-wrapper	0
one-per-sha	2026-09-24T08:29:10Z	4ff90fe	95-numerals-ratchet	0
one-per-sha	2026-09-24T08:29:10Z	4ff90fe	96-verdict-status-agreement	0
one-per-sha	2026-09-24T08:29:10Z	4ff90fe	97-readme-counts	0
one-per-sha	2026-09-19T11:24:42Z	50c57b7	10-fixture-integrity	0
one-per-sha	2026-09-19T11:24:42Z	50c57b7	20-receipt-freshness	0
one-per-sha	2026-09-19T11:24:42Z	50c57b7	30-no-secrets	0
one-per-sha	2026-09-19T11:24:43Z	50c57b7	40-omp-compact-replay	0
one-per-sha	2026-09-19T11:24:43Z	50c57b7	50-house-gates	0
one-per-sha	2026-09-19T11:24:46Z	50c57b7	60-staged-deletion-lane	0
one-per-sha	2026-09-19T11:24:46Z	50c57b7	70-tests-registry-sync	0
one-per-sha	2026-09-19T11:25:02Z	50c57b7	80-lane-instrument-selftests	0
one-per-sha	2026-09-19T11:25:02Z	50c57b7	90-sidecar-verifier-wrapper	0
one-per-sha	2026-09-19T11:25:02Z	50c57b7	95-numerals-ratchet	0
one-per-sha	2026-09-19T11:25:02Z	50c57b7	96-verdict-status-agreement	0
one-per-sha	2026-09-19T11:25:02Z	50c57b7	97-readme-counts	0
one-per-sha	2026-09-20T16:26:57Z	519cb14	10-fixture-integrity	0
one-per-sha	2026-09-20T16:26:57Z	519cb14	20-receipt-freshness	0
one-per-sha	2026-09-20T16:26:57Z	519cb14	30-no-secrets	0
one-per-sha	2026-09-20T16:26:58Z	519cb14	40-omp-compact-replay	0
one-per-sha	2026-09-20T16:26:58Z	519cb14	50-house-gates	0
one-per-sha	2026-09-20T16:27:01Z	519cb14	60-staged-deletion-lane	0
one-per-sha	2026-09-20T16:27:02Z	519cb14	70-tests-registry-sync	0
one-per-sha	2026-09-20T16:27:25Z	519cb14	80-lane-instrument-selftests	0
one-per-sha	2026-09-20T16:27:25Z	519cb14	85-promotion-contract	0
one-per-sha	2026-09-20T16:27:25Z	519cb14	90-sidecar-verifier-wrapper	0
one-per-sha	2026-09-20T16:27:25Z	519cb14	95-numerals-ratchet	0
one-per-sha	2026-09-20T16:27:25Z	519cb14	96-verdict-status-agreement	0
one-per-sha	2026-09-20T16:27:25Z	519cb14	97-readme-counts	0
one-per-sha	2026-09-19T16:56:05Z	51b147a	10-fixture-integrity	0
one-per-sha	2026-09-19T16:56:05Z	51b147a	20-receipt-freshness	0
one-per-sha	2026-09-19T16:56:05Z	51b147a	30-no-secrets	0
one-per-sha	2026-09-19T16:56:06Z	51b147a	40-omp-compact-replay	0
one-per-sha	2026-09-19T16:56:06Z	51b147a	50-house-gates	0
one-per-sha	2026-09-19T16:56:09Z	51b147a	60-staged-deletion-lane	0
one-per-sha	2026-09-19T16:56:09Z	51b147a	70-tests-registry-sync	0
one-per-sha	2026-09-19T16:56:27Z	51b147a	80-lane-instrument-selftests	0
one-per-sha	2026-09-19T16:56:27Z	51b147a	90-sidecar-verifier-wrapper	0
one-per-sha	2026-09-19T16:56:27Z	51b147a	95-numerals-ratchet	0
one-per-sha	2026-09-19T16:56:27Z	51b147a	96-verdict-status-agreement	0
one-per-sha	2026-09-19T16:56:27Z	51b147a	97-readme-counts	0
one-per-sha	2026-09-19T23:44:53Z	52c2a91	10-fixture-integrity	0
one-per-sha	2026-09-19T23:44:53Z	52c2a91	20-receipt-freshness	0
one-per-sha	2026-09-19T23:44:53Z	52c2a91	30-no-secrets	0
one-per-sha	2026-09-19T23:44:54Z	52c2a91	40-omp-compact-replay	0
one-per-sha	2026-09-19T23:44:55Z	52c2a91	50-house-gates	0
one-per-sha	2026-09-19T23:44:58Z	52c2a91	60-staged-deletion-lane	0
one-per-sha	2026-09-19T23:44:58Z	52c2a91	70-tests-registry-sync	0
one-per-sha	2026-09-19T23:45:15Z	52c2a91	80-lane-instrument-selftests	0
one-per-sha	2026-09-19T23:45:15Z	52c2a91	90-sidecar-verifier-wrapper	0
one-per-sha	2026-09-19T23:45:15Z	52c2a91	95-numerals-ratchet	0
one-per-sha	2026-09-19T23:45:15Z	52c2a91	96-verdict-status-agreement	0
one-per-sha	2026-09-19T23:45:16Z	52c2a91	97-readme-counts	0
one-per-sha	2026-09-20T14:43:30Z	52ec78d	10-fixture-integrity	0
one-per-sha	2026-09-20T14:43:30Z	52ec78d	20-receipt-freshness	0
one-per-sha	2026-09-20T14:43:30Z	52ec78d	30-no-secrets	0
one-per-sha	2026-09-20T14:43:31Z	52ec78d	40-omp-compact-replay	0
one-per-sha	2026-09-20T14:43:32Z	52ec78d	50-house-gates	0
one-per-sha	2026-09-20T14:43:36Z	52ec78d	60-staged-deletion-lane	0
one-per-sha	2026-09-20T14:43:36Z	52ec78d	70-tests-registry-sync	0
one-per-sha	2026-09-20T14:43:53Z	52ec78d	80-lane-instrument-selftests	0
one-per-sha	2026-09-20T14:43:53Z	52ec78d	85-promotion-contract	0
one-per-sha	2026-09-20T14:43:53Z	52ec78d	90-sidecar-verifier-wrapper	0
one-per-sha	2026-09-20T14:43:53Z	52ec78d	95-numerals-ratchet	0
one-per-sha	2026-09-20T14:43:53Z	52ec78d	96-verdict-status-agreement	0
one-per-sha	2026-09-20T14:43:53Z	52ec78d	97-readme-counts	0
one-per-sha	2026-09-20T18:50:35Z	543abb7	10-fixture-integrity	0
one-per-sha	2026-09-20T18:50:35Z	543abb7	20-receipt-freshness	0
one-per-sha	2026-09-20T18:50:35Z	543abb7	30-no-secrets	0
one-per-sha	2026-09-20T18:50:36Z	543abb7	40-omp-compact-replay	0
one-per-sha	2026-09-20T18:50:37Z	543abb7	50-house-gates	0
one-per-sha	2026-09-20T18:50:39Z	543abb7	60-staged-deletion-lane	0
one-per-sha	2026-09-20T18:50:40Z	543abb7	70-tests-registry-sync	0
one-per-sha	2026-09-20T18:51:03Z	543abb7	80-lane-instrument-selftests	0
one-per-sha	2026-09-20T18:51:04Z	543abb7	85-promotion-contract	0
one-per-sha	2026-09-20T18:51:04Z	543abb7	90-sidecar-verifier-wrapper	0
one-per-sha	2026-09-20T18:51:04Z	543abb7	95-numerals-ratchet	0
one-per-sha	2026-09-20T18:51:04Z	543abb7	96-verdict-status-agreement	0
one-per-sha	2026-09-20T18:51:04Z	543abb7	97-readme-counts	0
one-per-sha	2026-09-19T17:53:23Z	54f3636	10-fixture-integrity	0
one-per-sha	2026-09-19T17:53:23Z	54f3636	20-receipt-freshness	0
one-per-sha	2026-09-19T17:53:23Z	54f3636	30-no-secrets	0
one-per-sha	2026-09-19T17:53:24Z	54f3636	40-omp-compact-replay	0
one-per-sha	2026-09-19T17:53:24Z	54f3636	50-house-gates	0
one-per-sha	2026-09-19T17:53:27Z	54f3636	60-staged-deletion-lane	0
one-per-sha	2026-09-19T17:53:27Z	54f3636	70-tests-registry-sync	0
one-per-sha	2026-09-19T17:53:45Z	54f3636	80-lane-instrument-selftests	0
one-per-sha	2026-09-19T17:53:45Z	54f3636	90-sidecar-verifier-wrapper	0
one-per-sha	2026-09-19T17:53:45Z	54f3636	95-numerals-ratchet	0
one-per-sha	2026-09-19T17:53:45Z	54f3636	96-verdict-status-agreement	0
one-per-sha	2026-09-19T17:53:45Z	54f3636	97-readme-counts	0
one-per-sha	2026-09-20T15:44:36Z	56b46cb	10-fixture-integrity	0
one-per-sha	2026-09-20T15:44:36Z	56b46cb	20-receipt-freshness	0
one-per-sha	2026-09-20T15:44:36Z	56b46cb	30-no-secrets	0
one-per-sha	2026-09-20T15:44:37Z	56b46cb	40-omp-compact-replay	0
one-per-sha	2026-09-20T15:44:38Z	56b46cb	50-house-gates	0
one-per-sha	2026-09-20T15:44:40Z	56b46cb	60-staged-deletion-lane	0
one-per-sha	2026-09-20T15:44:40Z	56b46cb	70-tests-registry-sync	0
one-per-sha	2026-09-20T15:44:57Z	56b46cb	80-lane-instrument-selftests	0
one-per-sha	2026-09-20T15:44:57Z	56b46cb	85-promotion-contract	0
one-per-sha	2026-09-20T15:44:58Z	56b46cb	90-sidecar-verifier-wrapper	0
one-per-sha	2026-09-20T15:44:58Z	56b46cb	95-numerals-ratchet	0
one-per-sha	2026-09-20T15:44:58Z	56b46cb	96-verdict-status-agreement	0
one-per-sha	2026-09-20T15:44:58Z	56b46cb	97-readme-counts	0
one-per-sha	2026-09-22T02:05:20Z	56cc485	10-fixture-integrity	0
one-per-sha	2026-09-22T02:05:20Z	56cc485	20-receipt-freshness	0
one-per-sha	2026-09-22T02:05:20Z	56cc485	30-no-secrets	0
one-per-sha	2026-09-22T02:05:21Z	56cc485	40-omp-compact-replay	0
one-per-sha	2026-09-22T02:05:21Z	56cc485	44-native-surface	0
one-per-sha	2026-09-22T02:05:22Z	56cc485	50-house-gates	0
one-per-sha	2026-09-22T02:05:25Z	56cc485	60-staged-deletion-lane	0
one-per-sha	2026-09-22T02:05:26Z	56cc485	70-tests-registry-sync	1
one-per-sha	2026-09-22T02:07:09Z	56cc485	80-lane-instrument-selftests	1
one-per-sha	2026-09-22T02:07:09Z	56cc485	85-promotion-contract	0
one-per-sha	2026-09-22T02:07:10Z	56cc485	90-sidecar-verifier-wrapper	0
one-per-sha	2026-09-22T02:07:10Z	56cc485	95-numerals-ratchet	0
one-per-sha	2026-09-22T02:07:10Z	56cc485	96-verdict-status-agreement	0
one-per-sha	2026-09-22T02:07:10Z	56cc485	97-readme-counts	1
one-per-sha	2026-09-20T10:21:19Z	59e6846	10-fixture-integrity	0
one-per-sha	2026-09-20T10:21:19Z	59e6846	20-receipt-freshness	0
one-per-sha	2026-09-20T10:21:19Z	59e6846	30-no-secrets	0
one-per-sha	2026-09-20T10:21:20Z	59e6846	40-omp-compact-replay	0
one-per-sha	2026-09-20T10:21:20Z	59e6846	50-house-gates	0
one-per-sha	2026-09-20T10:21:24Z	59e6846	60-staged-deletion-lane	0
one-per-sha	2026-09-20T10:21:24Z	59e6846	70-tests-registry-sync	0
one-per-sha	2026-09-20T10:21:41Z	59e6846	80-lane-instrument-selftests	0
one-per-sha	2026-09-20T10:21:41Z	59e6846	85-promotion-contract	0
one-per-sha	2026-09-20T10:21:41Z	59e6846	90-sidecar-verifier-wrapper	0
one-per-sha	2026-09-20T10:21:42Z	59e6846	95-numerals-ratchet	0
one-per-sha	2026-09-20T10:21:42Z	59e6846	96-verdict-status-agreement	0
one-per-sha	2026-09-20T10:21:42Z	59e6846	97-readme-counts	0
one-per-sha	2026-09-19T10:01:48Z	5b137a8	10-fixture-integrity	0
one-per-sha	2026-09-19T10:01:48Z	5b137a8	20-receipt-freshness	0
one-per-sha	2026-09-19T10:01:49Z	5b137a8	30-no-secrets	0
one-per-sha	2026-09-19T10:01:50Z	5b137a8	40-omp-compact-replay	0
one-per-sha	2026-09-19T10:01:50Z	5b137a8	50-house-gates	0
one-per-sha	2026-09-19T10:01:53Z	5b137a8	60-staged-deletion-lane	0
one-per-sha	2026-09-19T10:01:53Z	5b137a8	70-tests-registry-sync	0
one-per-sha	2026-09-19T10:02:09Z	5b137a8	80-lane-instrument-selftests	0
one-per-sha	2026-09-19T10:02:09Z	5b137a8	90-sidecar-verifier-wrapper	0
one-per-sha	2026-09-19T10:02:09Z	5b137a8	95-numerals-ratchet	0
one-per-sha	2026-09-19T10:02:09Z	5b137a8	96-verdict-status-agreement	0
one-per-sha	2026-09-19T10:02:09Z	5b137a8	97-readme-counts	0
one-per-sha	2026-09-19T14:59:19Z	5bf499c	10-fixture-integrity	0
one-per-sha	2026-09-19T14:59:19Z	5bf499c	20-receipt-freshness	0
one-per-sha	2026-09-19T14:59:19Z	5bf499c	30-no-secrets	0
one-per-sha	2026-09-19T14:59:20Z	5bf499c	40-omp-compact-replay	0
one-per-sha	2026-09-19T14:59:21Z	5bf499c	50-house-gates	0
one-per-sha	2026-09-19T14:59:24Z	5bf499c	60-staged-deletion-lane	0
one-per-sha	2026-09-19T14:59:24Z	5bf499c	70-tests-registry-sync	0
one-per-sha	2026-09-19T14:59:39Z	5bf499c	80-lane-instrument-selftests	0
one-per-sha	2026-09-19T14:59:39Z	5bf499c	90-sidecar-verifier-wrapper	0
one-per-sha	2026-09-19T14:59:39Z	5bf499c	95-numerals-ratchet	0
one-per-sha	2026-09-19T14:59:40Z	5bf499c	96-verdict-status-agreement	0
one-per-sha	2026-09-19T14:59:40Z	5bf499c	97-readme-counts	0
one-per-sha	2026-09-20T00:16:16Z	5c750d8	10-fixture-integrity	0
one-per-sha	2026-09-20T00:16:16Z	5c750d8	20-receipt-freshness	0
one-per-sha	2026-09-20T00:16:16Z	5c750d8	30-no-secrets	0
one-per-sha	2026-09-20T00:16:17Z	5c750d8	40-omp-compact-replay	0
one-per-sha	2026-09-20T00:16:18Z	5c750d8	50-house-gates	0
one-per-sha	2026-09-20T00:16:21Z	5c750d8	60-staged-deletion-lane	0
one-per-sha	2026-09-20T00:16:21Z	5c750d8	70-tests-registry-sync	0
one-per-sha	2026-09-20T00:16:37Z	5c750d8	80-lane-instrument-selftests	0
one-per-sha	2026-09-20T00:16:37Z	5c750d8	90-sidecar-verifier-wrapper	0
one-per-sha	2026-09-20T00:16:37Z	5c750d8	95-numerals-ratchet	0
one-per-sha	2026-09-20T00:16:37Z	5c750d8	96-verdict-status-agreement	0
one-per-sha	2026-09-20T00:16:37Z	5c750d8	97-readme-counts	0
one-per-sha	2026-09-21T02:04:44Z	5cb44b6	10-fixture-integrity	0
one-per-sha	2026-09-21T02:04:44Z	5cb44b6	20-receipt-freshness	0
one-per-sha	2026-09-21T02:04:44Z	5cb44b6	30-no-secrets	0
one-per-sha	2026-09-21T02:04:46Z	5cb44b6	40-omp-compact-replay	0
one-per-sha	2026-09-21T02:04:46Z	5cb44b6	50-house-gates	1
one-per-sha	2026-09-21T02:04:49Z	5cb44b6	60-staged-deletion-lane	0
one-per-sha	2026-09-21T02:04:49Z	5cb44b6	70-tests-registry-sync	0
one-per-sha	2026-09-22T02:12:45Z	5cc68bf	10-fixture-integrity	0
one-per-sha	2026-09-22T02:12:45Z	5cc68bf	20-receipt-freshness	0
one-per-sha	2026-09-22T02:12:45Z	5cc68bf	30-no-secrets	0
one-per-sha	2026-09-22T02:12:47Z	5cc68bf	40-omp-compact-replay	0
one-per-sha	2026-09-22T02:12:47Z	5cc68bf	44-native-surface	0
one-per-sha	2026-09-22T02:12:48Z	5cc68bf	50-house-gates	0
one-per-sha	2026-09-22T02:12:51Z	5cc68bf	60-staged-deletion-lane	0
one-per-sha	2026-09-22T02:12:51Z	5cc68bf	70-tests-registry-sync	0
one-per-sha	2026-09-22T02:14:10Z	5cc68bf	80-lane-instrument-selftests	1
one-per-sha	2026-09-22T02:14:11Z	5cc68bf	85-promotion-contract	0
one-per-sha	2026-09-22T02:14:11Z	5cc68bf	90-sidecar-verifier-wrapper	0
one-per-sha	2026-09-22T02:14:11Z	5cc68bf	95-numerals-ratchet	0
one-per-sha	2026-09-22T02:14:11Z	5cc68bf	96-verdict-status-agreement	0
one-per-sha	2026-09-22T02:14:11Z	5cc68bf	97-readme-counts	0
one-per-sha	2026-09-20T16:52:52Z	5f0b7a4	10-fixture-integrity	0
one-per-sha	2026-09-20T16:52:52Z	5f0b7a4	20-receipt-freshness	0
one-per-sha	2026-09-20T16:52:52Z	5f0b7a4	30-no-secrets	0
one-per-sha	2026-09-20T16:52:53Z	5f0b7a4	40-omp-compact-replay	0
one-per-sha	2026-09-20T16:52:54Z	5f0b7a4	50-house-gates	0
one-per-sha	2026-09-20T16:52:58Z	5f0b7a4	60-staged-deletion-lane	0
one-per-sha	2026-09-20T16:52:58Z	5f0b7a4	70-tests-registry-sync	0
one-per-sha	2026-09-20T16:53:21Z	5f0b7a4	80-lane-instrument-selftests	0
one-per-sha	2026-09-20T16:53:21Z	5f0b7a4	85-promotion-contract	0
one-per-sha	2026-09-20T16:53:21Z	5f0b7a4	90-sidecar-verifier-wrapper	0
one-per-sha	2026-09-20T16:53:21Z	5f0b7a4	95-numerals-ratchet	0
one-per-sha	2026-09-20T16:53:21Z	5f0b7a4	96-verdict-status-agreement	0
one-per-sha	2026-09-20T16:53:21Z	5f0b7a4	97-readme-counts	0
one-per-sha	2026-09-20T20:24:46Z	6114522	10-fixture-integrity	0
one-per-sha	2026-09-20T20:24:46Z	6114522	20-receipt-freshness	0
one-per-sha	2026-09-20T20:24:46Z	6114522	30-no-secrets	0
one-per-sha	2026-09-20T20:24:47Z	6114522	40-omp-compact-replay	0
one-per-sha	2026-09-20T20:24:48Z	6114522	50-house-gates	0
one-per-sha	2026-09-20T20:24:51Z	6114522	60-staged-deletion-lane	0
one-per-sha	2026-09-20T20:24:51Z	6114522	70-tests-registry-sync	0
one-per-sha	2026-09-20T05:40:26Z	61e953b	10-fixture-integrity	0
one-per-sha	2026-09-20T05:40:26Z	61e953b	20-receipt-freshness	0
one-per-sha	2026-09-20T05:40:26Z	61e953b	30-no-secrets	0
one-per-sha	2026-09-20T05:40:27Z	61e953b	40-omp-compact-replay	0
one-per-sha	2026-09-20T05:40:27Z	61e953b	50-house-gates	0
one-per-sha	2026-09-20T05:40:30Z	61e953b	60-staged-deletion-lane	0
one-per-sha	2026-09-20T05:40:31Z	61e953b	70-tests-registry-sync	0
one-per-sha	2026-09-20T05:40:47Z	61e953b	80-lane-instrument-selftests	0
one-per-sha	2026-09-20T05:40:47Z	61e953b	90-sidecar-verifier-wrapper	0
one-per-sha	2026-09-20T05:40:47Z	61e953b	95-numerals-ratchet	0
one-per-sha	2026-09-20T05:40:48Z	61e953b	96-verdict-status-agreement	0
one-per-sha	2026-09-20T05:40:48Z	61e953b	97-readme-counts	0
one-per-sha	2026-09-19T04:01:06Z	61fb964	10-fixture-integrity	0
one-per-sha	2026-09-19T04:01:06Z	61fb964	20-receipt-freshness	0
one-per-sha	2026-09-19T04:01:06Z	61fb964	30-no-secrets	0
one-per-sha	2026-09-19T04:01:07Z	61fb964	40-omp-compact-replay	0
one-per-sha	2026-09-19T04:01:07Z	61fb964	50-house-gates	1
one-per-sha	2026-09-19T04:01:10Z	61fb964	60-staged-deletion-lane	0
one-per-sha	2026-09-19T04:01:10Z	61fb964	70-tests-registry-sync	0
one-per-sha	2026-09-19T04:01:26Z	61fb964	80-lane-instrument-selftests	0
one-per-sha	2026-09-19T04:01:27Z	61fb964	90-sidecar-verifier-wrapper	0
one-per-sha	2026-09-19T04:01:27Z	61fb964	95-numerals-ratchet	0
one-per-sha	2026-09-19T04:01:27Z	61fb964	96-verdict-status-agreement	0
one-per-sha	2026-09-19T04:01:27Z	61fb964	97-readme-counts	0
one-per-sha	2026-09-19T08:01:01Z	62595a2	10-fixture-integrity	0
one-per-sha	2026-09-19T08:01:01Z	62595a2	20-receipt-freshness	0
one-per-sha	2026-09-19T08:01:01Z	62595a2	30-no-secrets	0
one-per-sha	2026-09-19T08:01:02Z	62595a2	40-omp-compact-replay	0
one-per-sha	2026-09-19T08:01:03Z	62595a2	50-house-gates	0
one-per-sha	2026-09-19T08:01:06Z	62595a2	60-staged-deletion-lane	0
one-per-sha	2026-09-19T08:01:06Z	62595a2	70-tests-registry-sync	0
one-per-sha	2026-09-19T08:01:22Z	62595a2	80-lane-instrument-selftests	0
one-per-sha	2026-09-19T08:01:22Z	62595a2	90-sidecar-verifier-wrapper	0
one-per-sha	2026-09-19T08:01:22Z	62595a2	95-numerals-ratchet	0
one-per-sha	2026-09-19T08:01:22Z	62595a2	96-verdict-status-agreement	0
one-per-sha	2026-09-19T08:01:22Z	62595a2	97-readme-counts	0
one-per-sha	2026-09-20T17:18:16Z	634dcd2	10-fixture-integrity	0
one-per-sha	2026-09-20T17:18:17Z	634dcd2	20-receipt-freshness	0
one-per-sha	2026-09-20T17:18:17Z	634dcd2	30-no-secrets	0
one-per-sha	2026-09-20T17:18:18Z	634dcd2	40-omp-compact-replay	0
one-per-sha	2026-09-20T17:18:18Z	634dcd2	50-house-gates	0
one-per-sha	2026-09-20T17:18:21Z	634dcd2	60-staged-deletion-lane	0
one-per-sha	2026-09-20T17:18:21Z	634dcd2	70-tests-registry-sync	0
one-per-sha	2026-09-20T17:18:48Z	634dcd2	80-lane-instrument-selftests	0
one-per-sha	2026-09-20T17:18:48Z	634dcd2	85-promotion-contract	0
one-per-sha	2026-09-20T17:18:48Z	634dcd2	90-sidecar-verifier-wrapper	0
one-per-sha	2026-09-20T17:18:49Z	634dcd2	95-numerals-ratchet	0
one-per-sha	2026-09-20T17:18:49Z	634dcd2	96-verdict-status-agreement	0
one-per-sha	2026-09-20T17:18:49Z	634dcd2	97-readme-counts	0
one-per-sha	2026-09-20T12:21:19Z	638ec15	10-fixture-integrity	0
one-per-sha	2026-09-20T12:21:19Z	638ec15	20-receipt-freshness	0
one-per-sha	2026-09-20T12:21:19Z	638ec15	30-no-secrets	0
one-per-sha	2026-09-20T12:21:20Z	638ec15	40-omp-compact-replay	0
one-per-sha	2026-09-20T12:21:21Z	638ec15	50-house-gates	0
one-per-sha	2026-09-20T12:21:24Z	638ec15	60-staged-deletion-lane	0
one-per-sha	2026-09-20T12:21:24Z	638ec15	70-tests-registry-sync	0
one-per-sha	2026-09-20T12:21:41Z	638ec15	80-lane-instrument-selftests	0
one-per-sha	2026-09-20T12:21:41Z	638ec15	85-promotion-contract	0
one-per-sha	2026-09-20T12:21:41Z	638ec15	90-sidecar-verifier-wrapper	0
one-per-sha	2026-09-20T12:21:41Z	638ec15	95-numerals-ratchet	0
one-per-sha	2026-09-20T12:21:41Z	638ec15	96-verdict-status-agreement	0
one-per-sha	2026-09-20T12:21:42Z	638ec15	97-readme-counts	0
one-per-sha	2026-09-19T20:03:49Z	63f052c	10-fixture-integrity	0
one-per-sha	2026-09-19T20:03:49Z	63f052c	20-receipt-freshness	0
one-per-sha	2026-09-19T20:03:49Z	63f052c	30-no-secrets	0
one-per-sha	2026-09-19T20:03:50Z	63f052c	40-omp-compact-replay	0
one-per-sha	2026-09-19T20:03:51Z	63f052c	50-house-gates	0
one-per-sha	2026-09-19T20:03:54Z	63f052c	60-staged-deletion-lane	0
one-per-sha	2026-09-19T20:03:54Z	63f052c	70-tests-registry-sync	0
one-per-sha	2026-09-19T20:04:10Z	63f052c	80-lane-instrument-selftests	0
one-per-sha	2026-09-19T20:04:10Z	63f052c	90-sidecar-verifier-wrapper	0
one-per-sha	2026-09-19T20:04:10Z	63f052c	95-numerals-ratchet	0
one-per-sha	2026-09-19T20:04:10Z	63f052c	96-verdict-status-agreement	0
one-per-sha	2026-09-19T20:04:10Z	63f052c	97-readme-counts	0
one-per-sha	2026-09-20T06:22:13Z	6409b49	10-fixture-integrity	0
one-per-sha	2026-09-20T06:22:13Z	6409b49	20-receipt-freshness	0
one-per-sha	2026-09-20T06:22:13Z	6409b49	30-no-secrets	0
one-per-sha	2026-09-20T06:22:14Z	6409b49	40-omp-compact-replay	0
one-per-sha	2026-09-20T06:22:15Z	6409b49	50-house-gates	0
one-per-sha	2026-09-20T06:22:19Z	6409b49	60-staged-deletion-lane	0
one-per-sha	2026-09-20T06:22:19Z	6409b49	70-tests-registry-sync	0
one-per-sha	2026-09-20T06:22:36Z	6409b49	80-lane-instrument-selftests	0
one-per-sha	2026-09-20T06:22:36Z	6409b49	90-sidecar-verifier-wrapper	0
one-per-sha	2026-09-20T06:22:36Z	6409b49	95-numerals-ratchet	0
one-per-sha	2026-09-20T06:22:36Z	6409b49	96-verdict-status-agreement	0
one-per-sha	2026-09-20T06:22:36Z	6409b49	97-readme-counts	0
one-per-sha	2026-09-20T05:10:34Z	6566b9e	10-fixture-integrity	0
one-per-sha	2026-09-20T05:10:34Z	6566b9e	20-receipt-freshness	0
one-per-sha	2026-09-20T05:10:34Z	6566b9e	30-no-secrets	0
one-per-sha	2026-09-20T05:10:35Z	6566b9e	40-omp-compact-replay	0
one-per-sha	2026-09-20T05:10:36Z	6566b9e	50-house-gates	0
one-per-sha	2026-09-20T05:10:38Z	6566b9e	60-staged-deletion-lane	0
one-per-sha	2026-09-20T05:10:38Z	6566b9e	70-tests-registry-sync	0
one-per-sha	2026-09-20T05:10:55Z	6566b9e	80-lane-instrument-selftests	0
one-per-sha	2026-09-20T05:10:55Z	6566b9e	85-promotion-contract	0
one-per-sha	2026-09-20T05:10:55Z	6566b9e	90-sidecar-verifier-wrapper	0
one-per-sha	2026-09-20T05:10:55Z	6566b9e	95-numerals-ratchet	0
one-per-sha	2026-09-20T05:10:55Z	6566b9e	96-verdict-status-agreement	0
one-per-sha	2026-09-20T05:10:56Z	6566b9e	97-readme-counts	0
one-per-sha	2026-09-19T15:10:13Z	6af67fc	10-fixture-integrity	0
one-per-sha	2026-09-19T15:10:13Z	6af67fc	20-receipt-freshness	0
one-per-sha	2026-09-19T15:10:13Z	6af67fc	30-no-secrets	0
one-per-sha	2026-09-19T15:10:15Z	6af67fc	40-omp-compact-replay	0
one-per-sha	2026-09-19T15:10:15Z	6af67fc	50-house-gates	0
one-per-sha	2026-09-19T15:10:19Z	6af67fc	60-staged-deletion-lane	0
one-per-sha	2026-09-19T15:10:19Z	6af67fc	70-tests-registry-sync	0
one-per-sha	2026-09-19T15:10:34Z	6af67fc	80-lane-instrument-selftests	0
one-per-sha	2026-09-19T15:10:35Z	6af67fc	90-sidecar-verifier-wrapper	0
one-per-sha	2026-09-19T15:10:35Z	6af67fc	95-numerals-ratchet	0
one-per-sha	2026-09-19T15:10:35Z	6af67fc	96-verdict-status-agreement	0
one-per-sha	2026-09-19T15:10:35Z	6af67fc	97-readme-counts	0
one-per-sha	2026-09-19T17:13:42Z	6b4db43	10-fixture-integrity	0
one-per-sha	2026-09-19T17:13:42Z	6b4db43	20-receipt-freshness	0
one-per-sha	2026-09-19T17:13:42Z	6b4db43	30-no-secrets	0
one-per-sha	2026-09-19T17:13:43Z	6b4db43	40-omp-compact-replay	0
one-per-sha	2026-09-19T17:13:44Z	6b4db43	50-house-gates	0
one-per-sha	2026-09-19T17:13:47Z	6b4db43	60-staged-deletion-lane	0
one-per-sha	2026-09-19T17:13:47Z	6b4db43	70-tests-registry-sync	0
one-per-sha	2026-09-19T17:14:03Z	6b4db43	80-lane-instrument-selftests	0
one-per-sha	2026-09-19T17:14:03Z	6b4db43	90-sidecar-verifier-wrapper	0
one-per-sha	2026-09-19T17:14:03Z	6b4db43	95-numerals-ratchet	0
one-per-sha	2026-09-19T17:14:03Z	6b4db43	96-verdict-status-agreement	0
one-per-sha	2026-09-19T17:14:03Z	6b4db43	97-readme-counts	0
one-per-sha	2026-09-19T22:12:56Z	6b69185	10-fixture-integrity	0
one-per-sha	2026-09-19T22:12:56Z	6b69185	20-receipt-freshness	0
one-per-sha	2026-09-19T22:12:56Z	6b69185	30-no-secrets	0
one-per-sha	2026-09-19T22:12:57Z	6b69185	40-omp-compact-replay	0
one-per-sha	2026-09-19T22:12:57Z	6b69185	50-house-gates	0
one-per-sha	2026-09-19T22:13:00Z	6b69185	60-staged-deletion-lane	0
one-per-sha	2026-09-19T22:13:00Z	6b69185	70-tests-registry-sync	0
one-per-sha	2026-09-19T22:13:16Z	6b69185	80-lane-instrument-selftests	0
one-per-sha	2026-09-19T22:13:17Z	6b69185	90-sidecar-verifier-wrapper	0
one-per-sha	2026-09-19T22:13:17Z	6b69185	95-numerals-ratchet	0
one-per-sha	2026-09-19T22:13:17Z	6b69185	96-verdict-status-agreement	0
one-per-sha	2026-09-19T22:13:17Z	6b69185	97-readme-counts	0
one-per-sha	2026-09-20T19:00:37Z	6baa45f	10-fixture-integrity	0
one-per-sha	2026-09-20T19:00:37Z	6baa45f	20-receipt-freshness	0
one-per-sha	2026-09-20T19:00:37Z	6baa45f	30-no-secrets	0
one-per-sha	2026-09-20T19:00:38Z	6baa45f	40-omp-compact-replay	0
one-per-sha	2026-09-20T19:00:39Z	6baa45f	50-house-gates	0
one-per-sha	2026-09-20T19:00:42Z	6baa45f	60-staged-deletion-lane	0
one-per-sha	2026-09-20T19:00:42Z	6baa45f	70-tests-registry-sync	0
one-per-sha	2026-09-20T19:01:05Z	6baa45f	80-lane-instrument-selftests	0
one-per-sha	2026-09-20T19:01:06Z	6baa45f	85-promotion-contract	0
one-per-sha	2026-09-20T19:01:06Z	6baa45f	90-sidecar-verifier-wrapper	0
one-per-sha	2026-09-20T19:01:06Z	6baa45f	95-numerals-ratchet	0
one-per-sha	2026-09-20T19:01:06Z	6baa45f	96-verdict-status-agreement	0
one-per-sha	2026-09-20T19:01:06Z	6baa45f	97-readme-counts	0
one-per-sha	2026-09-20T15:53:32Z	6c44d3c	10-fixture-integrity	0
one-per-sha	2026-09-20T15:53:32Z	6c44d3c	20-receipt-freshness	0
one-per-sha	2026-09-20T15:53:32Z	6c44d3c	30-no-secrets	0
one-per-sha	2026-09-20T15:53:33Z	6c44d3c	40-omp-compact-replay	0
one-per-sha	2026-09-20T15:53:33Z	6c44d3c	50-house-gates	0
one-per-sha	2026-09-20T15:53:36Z	6c44d3c	60-staged-deletion-lane	0
one-per-sha	2026-09-20T15:53:36Z	6c44d3c	70-tests-registry-sync	0
one-per-sha	2026-09-20T19:50:45Z	6dba0be	10-fixture-integrity	0
one-per-sha	2026-09-20T19:50:45Z	6dba0be	20-receipt-freshness	0
one-per-sha	2026-09-20T19:50:45Z	6dba0be	30-no-secrets	0
one-per-sha	2026-09-20T19:50:46Z	6dba0be	40-omp-compact-replay	0
one-per-sha	2026-09-20T19:50:47Z	6dba0be	50-house-gates	0
one-per-sha	2026-09-20T19:50:50Z	6dba0be	60-staged-deletion-lane	0
one-per-sha	2026-09-20T19:50:50Z	6dba0be	70-tests-registry-sync	0
one-per-sha	2026-09-20T19:51:25Z	6dba0be	80-lane-instrument-selftests	0
one-per-sha	2026-09-20T19:51:25Z	6dba0be	85-promotion-contract	0
one-per-sha	2026-09-20T19:51:26Z	6dba0be	90-sidecar-verifier-wrapper	0
one-per-sha	2026-09-20T19:51:26Z	6dba0be	95-numerals-ratchet	0
one-per-sha	2026-09-20T19:51:26Z	6dba0be	96-verdict-status-agreement	0
one-per-sha	2026-09-20T19:51:26Z	6dba0be	97-readme-counts	0
one-per-sha	2026-09-20T17:11:48Z	6e063b1	10-fixture-integrity	0
one-per-sha	2026-09-20T17:11:48Z	6e063b1	20-receipt-freshness	0
one-per-sha	2026-09-20T17:11:48Z	6e063b1	30-no-secrets	0
one-per-sha	2026-09-20T17:11:49Z	6e063b1	40-omp-compact-replay	0
one-per-sha	2026-09-20T17:11:50Z	6e063b1	50-house-gates	0
one-per-sha	2026-09-20T17:11:53Z	6e063b1	60-staged-deletion-lane	0
one-per-sha	2026-09-20T17:11:53Z	6e063b1	70-tests-registry-sync	0
one-per-sha	2026-09-20T17:12:15Z	6e063b1	80-lane-instrument-selftests	0
one-per-sha	2026-09-20T17:12:15Z	6e063b1	85-promotion-contract	0
one-per-sha	2026-09-20T17:12:15Z	6e063b1	90-sidecar-verifier-wrapper	0
one-per-sha	2026-09-20T17:12:16Z	6e063b1	95-numerals-ratchet	0
one-per-sha	2026-09-20T17:12:16Z	6e063b1	96-verdict-status-agreement	0
one-per-sha	2026-09-20T17:12:16Z	6e063b1	97-readme-counts	0
one-per-sha	2026-09-19T17:23:31Z	6e178b2	10-fixture-integrity	0
one-per-sha	2026-09-19T17:23:31Z	6e178b2	20-receipt-freshness	0
one-per-sha	2026-09-19T17:23:31Z	6e178b2	30-no-secrets	0
one-per-sha	2026-09-19T17:23:32Z	6e178b2	40-omp-compact-replay	0
one-per-sha	2026-09-19T17:23:33Z	6e178b2	50-house-gates	0
one-per-sha	2026-09-19T17:23:37Z	6e178b2	60-staged-deletion-lane	0
one-per-sha	2026-09-19T17:23:37Z	6e178b2	70-tests-registry-sync	0
one-per-sha	2026-09-19T17:23:54Z	6e178b2	80-lane-instrument-selftests	0
one-per-sha	2026-09-19T17:23:54Z	6e178b2	90-sidecar-verifier-wrapper	0
one-per-sha	2026-09-19T17:23:55Z	6e178b2	95-numerals-ratchet	0
one-per-sha	2026-09-19T17:23:55Z	6e178b2	96-verdict-status-agreement	0
one-per-sha	2026-09-19T17:23:55Z	6e178b2	97-readme-counts	0
one-per-sha	2026-09-20T08:24:55Z	6e979d9	10-fixture-integrity	0
one-per-sha	2026-09-20T08:24:55Z	6e979d9	20-receipt-freshness	0
one-per-sha	2026-09-20T08:24:55Z	6e979d9	30-no-secrets	0
one-per-sha	2026-09-20T08:24:56Z	6e979d9	40-omp-compact-replay	0
one-per-sha	2026-09-20T08:24:56Z	6e979d9	50-house-gates	0
one-per-sha	2026-09-20T08:25:00Z	6e979d9	60-staged-deletion-lane	0
one-per-sha	2026-09-20T08:25:00Z	6e979d9	70-tests-registry-sync	0
one-per-sha	2026-09-20T08:25:17Z	6e979d9	80-lane-instrument-selftests	0
one-per-sha	2026-09-20T08:25:17Z	6e979d9	85-promotion-contract	0
one-per-sha	2026-09-20T08:25:17Z	6e979d9	90-sidecar-verifier-wrapper	0
one-per-sha	2026-09-20T08:25:17Z	6e979d9	95-numerals-ratchet	0
one-per-sha	2026-09-20T08:25:17Z	6e979d9	96-verdict-status-agreement	0
one-per-sha	2026-09-20T08:25:17Z	6e979d9	97-readme-counts	0
one-per-sha	2026-09-20T17:27:47Z	6eee6ab	10-fixture-integrity	0
one-per-sha	2026-09-20T17:27:47Z	6eee6ab	20-receipt-freshness	0
one-per-sha	2026-09-20T17:27:47Z	6eee6ab	30-no-secrets	0
one-per-sha	2026-09-20T17:27:48Z	6eee6ab	40-omp-compact-replay	0
one-per-sha	2026-09-20T17:27:49Z	6eee6ab	50-house-gates	0
one-per-sha	2026-09-20T17:27:51Z	6eee6ab	60-staged-deletion-lane	0
one-per-sha	2026-09-20T17:27:51Z	6eee6ab	70-tests-registry-sync	0
one-per-sha	2026-09-20T17:28:14Z	6eee6ab	80-lane-instrument-selftests	0
one-per-sha	2026-09-20T17:28:14Z	6eee6ab	85-promotion-contract	0
one-per-sha	2026-09-20T17:28:14Z	6eee6ab	90-sidecar-verifier-wrapper	0
one-per-sha	2026-09-20T17:28:14Z	6eee6ab	95-numerals-ratchet	0
one-per-sha	2026-09-20T17:28:15Z	6eee6ab	96-verdict-status-agreement	0
one-per-sha	2026-09-20T17:28:15Z	6eee6ab	97-readme-counts	0
one-per-sha	2026-09-20T00:22:26Z	6f67b0b	10-fixture-integrity	0
one-per-sha	2026-09-20T00:22:26Z	6f67b0b	20-receipt-freshness	0
one-per-sha	2026-09-20T00:22:26Z	6f67b0b	30-no-secrets	0
one-per-sha	2026-09-20T00:22:27Z	6f67b0b	40-omp-compact-replay	0
one-per-sha	2026-09-20T00:22:28Z	6f67b0b	50-house-gates	0
one-per-sha	2026-09-20T00:22:30Z	6f67b0b	60-staged-deletion-lane	0
one-per-sha	2026-09-20T00:22:31Z	6f67b0b	70-tests-registry-sync	0
one-per-sha	2026-09-20T00:22:48Z	6f67b0b	80-lane-instrument-selftests	0
one-per-sha	2026-09-20T00:22:48Z	6f67b0b	90-sidecar-verifier-wrapper	0
one-per-sha	2026-09-20T00:22:48Z	6f67b0b	95-numerals-ratchet	0
one-per-sha	2026-09-20T00:22:48Z	6f67b0b	96-verdict-status-agreement	0
one-per-sha	2026-09-20T00:22:48Z	6f67b0b	97-readme-counts	0
one-per-sha	2026-09-20T05:52:05Z	6ff34bc	10-fixture-integrity	0
one-per-sha	2026-09-20T05:52:05Z	6ff34bc	20-receipt-freshness	0
one-per-sha	2026-09-20T05:52:05Z	6ff34bc	30-no-secrets	0
one-per-sha	2026-09-20T05:52:06Z	6ff34bc	40-omp-compact-replay	0
one-per-sha	2026-09-20T05:52:06Z	6ff34bc	50-house-gates	0
one-per-sha	2026-09-20T05:52:10Z	6ff34bc	60-staged-deletion-lane	0
one-per-sha	2026-09-20T05:52:10Z	6ff34bc	70-tests-registry-sync	0
one-per-sha	2026-09-20T05:52:26Z	6ff34bc	80-lane-instrument-selftests	0
one-per-sha	2026-09-20T05:52:26Z	6ff34bc	90-sidecar-verifier-wrapper	0
one-per-sha	2026-09-20T05:52:26Z	6ff34bc	95-numerals-ratchet	0
one-per-sha	2026-09-20T05:52:26Z	6ff34bc	96-verdict-status-agreement	0
one-per-sha	2026-09-20T05:52:26Z	6ff34bc	97-readme-counts	0
one-per-sha	2026-09-19T19:11:46Z	702356c	10-fixture-integrity	0
one-per-sha	2026-09-19T19:11:46Z	702356c	20-receipt-freshness	0
one-per-sha	2026-09-19T19:11:46Z	702356c	30-no-secrets	0
one-per-sha	2026-09-19T19:11:49Z	702356c	40-omp-compact-replay	0
one-per-sha	2026-09-19T19:11:49Z	702356c	50-house-gates	0
one-per-sha	2026-09-19T19:11:52Z	702356c	60-staged-deletion-lane	0
one-per-sha	2026-09-19T19:11:52Z	702356c	70-tests-registry-sync	0
one-per-sha	2026-09-19T19:12:09Z	702356c	80-lane-instrument-selftests	0
one-per-sha	2026-09-19T19:12:09Z	702356c	90-sidecar-verifier-wrapper	0
one-per-sha	2026-09-19T19:12:09Z	702356c	95-numerals-ratchet	0
one-per-sha	2026-09-19T19:12:09Z	702356c	96-verdict-status-agreement	0
one-per-sha	2026-09-19T19:12:09Z	702356c	97-readme-counts	0
one-per-sha	2026-09-19T06:01:17Z	721f594	10-fixture-integrity	0
one-per-sha	2026-09-19T06:01:17Z	721f594	20-receipt-freshness	0
one-per-sha	2026-09-19T06:01:17Z	721f594	30-no-secrets	0
one-per-sha	2026-09-19T06:01:18Z	721f594	40-omp-compact-replay	0
one-per-sha	2026-09-19T06:01:18Z	721f594	50-house-gates	0
one-per-sha	2026-09-19T06:01:21Z	721f594	60-staged-deletion-lane	0
one-per-sha	2026-09-19T06:01:21Z	721f594	70-tests-registry-sync	0
one-per-sha	2026-09-19T06:01:37Z	721f594	80-lane-instrument-selftests	0
one-per-sha	2026-09-19T06:01:37Z	721f594	90-sidecar-verifier-wrapper	0
one-per-sha	2026-09-19T06:01:37Z	721f594	95-numerals-ratchet	0
one-per-sha	2026-09-19T06:01:37Z	721f594	96-verdict-status-agreement	0
one-per-sha	2026-09-19T06:01:37Z	721f594	97-readme-counts	0
one-per-sha	2026-09-20T17:25:53Z	722759b	10-fixture-integrity	0
one-per-sha	2026-09-20T17:25:53Z	722759b	20-receipt-freshness	0
one-per-sha	2026-09-20T17:25:53Z	722759b	30-no-secrets	0
one-per-sha	2026-09-20T17:25:54Z	722759b	40-omp-compact-replay	0
one-per-sha	2026-09-20T17:25:54Z	722759b	50-house-gates	0
one-per-sha	2026-09-20T17:25:57Z	722759b	60-staged-deletion-lane	0
one-per-sha	2026-09-20T17:25:57Z	722759b	70-tests-registry-sync	0
one-per-sha	2026-09-20T17:26:22Z	722759b	80-lane-instrument-selftests	0
one-per-sha	2026-09-20T17:26:22Z	722759b	85-promotion-contract	0
one-per-sha	2026-09-20T17:26:23Z	722759b	90-sidecar-verifier-wrapper	0
one-per-sha	2026-09-20T17:26:23Z	722759b	95-numerals-ratchet	0
one-per-sha	2026-09-20T17:26:23Z	722759b	96-verdict-status-agreement	0
one-per-sha	2026-09-20T17:26:23Z	722759b	97-readme-counts	0
one-per-sha	2026-09-20T20:25:19Z	74726a9	10-fixture-integrity	0
one-per-sha	2026-09-20T20:25:19Z	74726a9	20-receipt-freshness	0
one-per-sha	2026-09-20T20:25:19Z	74726a9	30-no-secrets	0
one-per-sha	2026-09-20T20:25:20Z	74726a9	40-omp-compact-replay	0
one-per-sha	2026-09-20T20:25:21Z	74726a9	50-house-gates	0
one-per-sha	2026-09-20T20:25:24Z	74726a9	60-staged-deletion-lane	0
one-per-sha	2026-09-20T20:25:24Z	74726a9	70-tests-registry-sync	0
one-per-sha	2026-09-20T20:26:00Z	74726a9	80-lane-instrument-selftests	0
one-per-sha	2026-09-20T20:26:00Z	74726a9	85-promotion-contract	0
one-per-sha	2026-09-20T20:26:00Z	74726a9	90-sidecar-verifier-wrapper	0
one-per-sha	2026-09-20T20:26:01Z	74726a9	95-numerals-ratchet	0
one-per-sha	2026-09-20T20:26:01Z	74726a9	96-verdict-status-agreement	0
one-per-sha	2026-09-20T20:26:01Z	74726a9	97-readme-counts	0
one-per-sha	2026-09-19T23:05:39Z	74ba939	10-fixture-integrity	0
one-per-sha	2026-09-19T23:05:39Z	74ba939	20-receipt-freshness	0
one-per-sha	2026-09-19T23:05:39Z	74ba939	30-no-secrets	0
one-per-sha	2026-09-19T23:05:40Z	74ba939	40-omp-compact-replay	0
one-per-sha	2026-09-19T23:05:41Z	74ba939	50-house-gates	0
one-per-sha	2026-09-19T23:05:45Z	74ba939	60-staged-deletion-lane	0
one-per-sha	2026-09-19T23:05:45Z	74ba939	70-tests-registry-sync	0
one-per-sha	2026-09-19T23:06:00Z	74ba939	80-lane-instrument-selftests	0
one-per-sha	2026-09-19T23:06:00Z	74ba939	90-sidecar-verifier-wrapper	0
one-per-sha	2026-09-19T23:06:01Z	74ba939	95-numerals-ratchet	0
one-per-sha	2026-09-19T23:06:01Z	74ba939	96-verdict-status-agreement	0
one-per-sha	2026-09-19T23:06:01Z	74ba939	97-readme-counts	0
one-per-sha	2026-09-20T03:38:44Z	74d27ad	10-fixture-integrity	0
one-per-sha	2026-09-20T03:38:44Z	74d27ad	20-receipt-freshness	0
one-per-sha	2026-09-20T03:38:44Z	74d27ad	30-no-secrets	0
one-per-sha	2026-09-20T03:38:45Z	74d27ad	40-omp-compact-replay	0
one-per-sha	2026-09-20T03:38:46Z	74d27ad	50-house-gates	0
one-per-sha	2026-09-20T03:38:49Z	74d27ad	60-staged-deletion-lane	0
one-per-sha	2026-09-20T03:38:49Z	74d27ad	70-tests-registry-sync	0
one-per-sha	2026-09-20T03:39:05Z	74d27ad	80-lane-instrument-selftests	0
one-per-sha	2026-09-20T03:39:05Z	74d27ad	90-sidecar-verifier-wrapper	0
one-per-sha	2026-09-20T03:39:05Z	74d27ad	95-numerals-ratchet	0
one-per-sha	2026-09-20T03:39:05Z	74d27ad	96-verdict-status-agreement	0
one-per-sha	2026-09-20T03:39:06Z	74d27ad	97-readme-counts	0
one-per-sha	2026-09-19T16:20:51Z	74edeff	10-fixture-integrity	0
one-per-sha	2026-09-19T16:20:51Z	74edeff	20-receipt-freshness	0
one-per-sha	2026-09-19T16:20:51Z	74edeff	30-no-secrets	0
one-per-sha	2026-09-19T16:20:52Z	74edeff	40-omp-compact-replay	0
one-per-sha	2026-09-19T16:20:52Z	74edeff	50-house-gates	0
one-per-sha	2026-09-19T16:20:56Z	74edeff	60-staged-deletion-lane	0
one-per-sha	2026-09-19T16:20:56Z	74edeff	70-tests-registry-sync	0
one-per-sha	2026-09-19T16:21:13Z	74edeff	80-lane-instrument-selftests	0
one-per-sha	2026-09-19T16:21:13Z	74edeff	90-sidecar-verifier-wrapper	0
one-per-sha	2026-09-19T16:21:13Z	74edeff	95-numerals-ratchet	0
one-per-sha	2026-09-19T16:21:13Z	74edeff	96-verdict-status-agreement	0
one-per-sha	2026-09-19T16:21:13Z	74edeff	97-readme-counts	0
one-per-sha	2026-09-19T19:47:27Z	75faaec	10-fixture-integrity	0
one-per-sha	2026-09-19T19:47:27Z	75faaec	20-receipt-freshness	0
one-per-sha	2026-09-19T19:47:27Z	75faaec	30-no-secrets	0
one-per-sha	2026-09-19T19:47:28Z	75faaec	40-omp-compact-replay	0
one-per-sha	2026-09-19T19:47:28Z	75faaec	50-house-gates	0
one-per-sha	2026-09-19T19:47:32Z	75faaec	60-staged-deletion-lane	0
one-per-sha	2026-09-19T19:47:32Z	75faaec	70-tests-registry-sync	0
one-per-sha	2026-09-19T19:47:48Z	75faaec	80-lane-instrument-selftests	0
one-per-sha	2026-09-19T19:47:48Z	75faaec	90-sidecar-verifier-wrapper	0
one-per-sha	2026-09-19T19:47:48Z	75faaec	95-numerals-ratchet	0
one-per-sha	2026-09-19T19:47:48Z	75faaec	96-verdict-status-agreement	0
one-per-sha	2026-09-19T19:47:48Z	75faaec	97-readme-counts	0
one-per-sha	2026-09-20T16:21:46Z	7600cc0	10-fixture-integrity	0
one-per-sha	2026-09-20T16:21:47Z	7600cc0	20-receipt-freshness	0
one-per-sha	2026-09-20T16:21:47Z	7600cc0	30-no-secrets	0
one-per-sha	2026-09-20T16:21:48Z	7600cc0	40-omp-compact-replay	0
one-per-sha	2026-09-20T16:21:48Z	7600cc0	50-house-gates	0
one-per-sha	2026-09-20T16:21:51Z	7600cc0	60-staged-deletion-lane	0
one-per-sha	2026-09-20T16:21:51Z	7600cc0	70-tests-registry-sync	0
one-per-sha	2026-09-20T16:22:12Z	7600cc0	80-lane-instrument-selftests	0
one-per-sha	2026-09-20T16:22:12Z	7600cc0	85-promotion-contract	0
one-per-sha	2026-09-20T16:22:13Z	7600cc0	90-sidecar-verifier-wrapper	0
one-per-sha	2026-09-20T16:22:13Z	7600cc0	95-numerals-ratchet	0
one-per-sha	2026-09-20T16:22:13Z	7600cc0	96-verdict-status-agreement	0
one-per-sha	2026-09-20T16:22:13Z	7600cc0	97-readme-counts	0
one-per-sha	2026-09-19T03:22:12Z	762cfd1	10-fixture-integrity	0
one-per-sha	2026-09-19T03:22:12Z	762cfd1	20-receipt-freshness	0
one-per-sha	2026-09-19T03:22:12Z	762cfd1	30-no-secrets	0
one-per-sha	2026-09-19T03:22:13Z	762cfd1	40-omp-compact-replay	0
one-per-sha	2026-09-19T03:22:13Z	762cfd1	50-house-gates	0
one-per-sha	2026-09-19T03:22:17Z	762cfd1	60-staged-deletion-lane	0
one-per-sha	2026-09-19T03:22:17Z	762cfd1	70-tests-registry-sync	0
one-per-sha	2026-09-19T03:22:32Z	762cfd1	80-lane-instrument-selftests	0
one-per-sha	2026-09-19T03:22:32Z	762cfd1	90-sidecar-verifier-wrapper	0
one-per-sha	2026-09-19T03:22:33Z	762cfd1	95-numerals-ratchet	0
one-per-sha	2026-09-19T03:22:33Z	762cfd1	96-verdict-status-agreement	0
one-per-sha	2026-09-19T03:22:33Z	762cfd1	97-readme-counts	0
one-per-sha	2026-09-20T11:57:37Z	7700540	10-fixture-integrity	0
one-per-sha	2026-09-20T11:57:37Z	7700540	20-receipt-freshness	0
one-per-sha	2026-09-20T11:57:37Z	7700540	30-no-secrets	0
one-per-sha	2026-09-20T11:57:38Z	7700540	40-omp-compact-replay	0
one-per-sha	2026-09-20T11:57:39Z	7700540	50-house-gates	0
one-per-sha	2026-09-20T11:57:42Z	7700540	60-staged-deletion-lane	0
one-per-sha	2026-09-20T11:57:42Z	7700540	70-tests-registry-sync	0
one-per-sha	2026-09-20T11:57:58Z	7700540	80-lane-instrument-selftests	0
one-per-sha	2026-09-20T11:57:58Z	7700540	85-promotion-contract	0
one-per-sha	2026-09-20T11:57:58Z	7700540	90-sidecar-verifier-wrapper	0
one-per-sha	2026-09-20T11:57:59Z	7700540	95-numerals-ratchet	0
one-per-sha	2026-09-20T11:57:59Z	7700540	96-verdict-status-agreement	0
one-per-sha	2026-09-20T11:57:59Z	7700540	97-readme-counts	0
one-per-sha	2026-09-20T17:15:46Z	7912b02	10-fixture-integrity	0
one-per-sha	2026-09-20T17:15:46Z	7912b02	20-receipt-freshness	0
one-per-sha	2026-09-20T17:15:46Z	7912b02	30-no-secrets	0
one-per-sha	2026-09-20T17:15:47Z	7912b02	40-omp-compact-replay	0
one-per-sha	2026-09-20T17:15:48Z	7912b02	50-house-gates	0
one-per-sha	2026-09-20T17:15:51Z	7912b02	60-staged-deletion-lane	0
one-per-sha	2026-09-20T17:15:52Z	7912b02	70-tests-registry-sync	0
one-per-sha	2026-09-20T17:16:13Z	7912b02	80-lane-instrument-selftests	0
one-per-sha	2026-09-20T17:16:14Z	7912b02	85-promotion-contract	0
one-per-sha	2026-09-20T17:16:14Z	7912b02	90-sidecar-verifier-wrapper	0
one-per-sha	2026-09-20T17:16:14Z	7912b02	95-numerals-ratchet	0
one-per-sha	2026-09-20T17:16:14Z	7912b02	96-verdict-status-agreement	0
one-per-sha	2026-09-20T17:16:14Z	7912b02	97-readme-counts	0
one-per-sha	2026-09-20T01:50:35Z	79333f7	10-fixture-integrity	0
one-per-sha	2026-09-20T01:50:35Z	79333f7	20-receipt-freshness	0
one-per-sha	2026-09-20T01:50:35Z	79333f7	30-no-secrets	0
one-per-sha	2026-09-20T01:50:36Z	79333f7	40-omp-compact-replay	0
one-per-sha	2026-09-20T01:50:37Z	79333f7	50-house-gates	0
one-per-sha	2026-09-20T01:50:40Z	79333f7	60-staged-deletion-lane	0
one-per-sha	2026-09-20T01:50:40Z	79333f7	70-tests-registry-sync	0
one-per-sha	2026-09-20T01:50:56Z	79333f7	80-lane-instrument-selftests	0
one-per-sha	2026-09-20T01:50:56Z	79333f7	90-sidecar-verifier-wrapper	0
one-per-sha	2026-09-20T01:50:56Z	79333f7	95-numerals-ratchet	0
one-per-sha	2026-09-20T01:50:56Z	79333f7	96-verdict-status-agreement	0
one-per-sha	2026-09-20T01:50:56Z	79333f7	97-readme-counts	0
one-per-sha	2026-09-19T19:12:55Z	7b3ae92	10-fixture-integrity	0
one-per-sha	2026-09-19T19:12:55Z	7b3ae92	20-receipt-freshness	0
one-per-sha	2026-09-19T19:12:55Z	7b3ae92	30-no-secrets	0
one-per-sha	2026-09-19T19:12:56Z	7b3ae92	40-omp-compact-replay	0
one-per-sha	2026-09-19T19:12:57Z	7b3ae92	50-house-gates	0
one-per-sha	2026-09-19T19:13:00Z	7b3ae92	60-staged-deletion-lane	0
one-per-sha	2026-09-19T19:13:00Z	7b3ae92	70-tests-registry-sync	0
one-per-sha	2026-09-19T19:13:15Z	7b3ae92	80-lane-instrument-selftests	0
one-per-sha	2026-09-19T19:13:15Z	7b3ae92	90-sidecar-verifier-wrapper	0
one-per-sha	2026-09-19T19:13:15Z	7b3ae92	95-numerals-ratchet	0
one-per-sha	2026-09-19T19:13:16Z	7b3ae92	96-verdict-status-agreement	0
one-per-sha	2026-09-19T19:13:16Z	7b3ae92	97-readme-counts	0
one-per-sha	2026-09-20T15:21:08Z	7b676ce	10-fixture-integrity	0
one-per-sha	2026-09-20T15:21:08Z	7b676ce	20-receipt-freshness	0
one-per-sha	2026-09-20T15:21:08Z	7b676ce	30-no-secrets	0
one-per-sha	2026-09-20T15:21:09Z	7b676ce	40-omp-compact-replay	0
one-per-sha	2026-09-20T15:21:10Z	7b676ce	50-house-gates	0
one-per-sha	2026-09-20T15:21:13Z	7b676ce	60-staged-deletion-lane	0
one-per-sha	2026-09-20T15:21:13Z	7b676ce	70-tests-registry-sync	0
one-per-sha	2026-09-20T15:21:30Z	7b676ce	80-lane-instrument-selftests	0
one-per-sha	2026-09-20T15:21:30Z	7b676ce	85-promotion-contract	0
one-per-sha	2026-09-20T15:21:30Z	7b676ce	90-sidecar-verifier-wrapper	0
one-per-sha	2026-09-20T15:21:30Z	7b676ce	95-numerals-ratchet	0
one-per-sha	2026-09-20T15:21:31Z	7b676ce	96-verdict-status-agreement	0
one-per-sha	2026-09-20T15:21:31Z	7b676ce	97-readme-counts	0
one-per-sha	2026-09-20T16:43:33Z	7c2c32a	10-fixture-integrity	0
one-per-sha	2026-09-20T16:43:33Z	7c2c32a	20-receipt-freshness	0
one-per-sha	2026-09-20T16:43:33Z	7c2c32a	30-no-secrets	0
one-per-sha	2026-09-20T16:43:34Z	7c2c32a	40-omp-compact-replay	0
one-per-sha	2026-09-20T16:43:35Z	7c2c32a	50-house-gates	0
one-per-sha	2026-09-20T16:43:38Z	7c2c32a	60-staged-deletion-lane	0
one-per-sha	2026-09-20T16:43:38Z	7c2c32a	70-tests-registry-sync	0
one-per-sha	2026-09-20T16:44:01Z	7c2c32a	80-lane-instrument-selftests	0
one-per-sha	2026-09-20T16:44:01Z	7c2c32a	85-promotion-contract	0
one-per-sha	2026-09-20T16:44:01Z	7c2c32a	90-sidecar-verifier-wrapper	0
one-per-sha	2026-09-20T16:44:01Z	7c2c32a	95-numerals-ratchet	0
one-per-sha	2026-09-20T16:44:01Z	7c2c32a	96-verdict-status-agreement	0
one-per-sha	2026-09-20T16:44:01Z	7c2c32a	97-readme-counts	0
one-per-sha	2026-09-19T09:42:08Z	7cdb58f	10-fixture-integrity	0
one-per-sha	2026-09-19T09:42:09Z	7cdb58f	20-receipt-freshness	0
one-per-sha	2026-09-19T09:42:09Z	7cdb58f	30-no-secrets	0
one-per-sha	2026-09-19T09:42:10Z	7cdb58f	40-omp-compact-replay	0
one-per-sha	2026-09-19T09:42:10Z	7cdb58f	50-house-gates	0
one-per-sha	2026-09-19T09:42:13Z	7cdb58f	60-staged-deletion-lane	0
one-per-sha	2026-09-19T09:42:13Z	7cdb58f	70-tests-registry-sync	0
one-per-sha	2026-09-19T09:42:29Z	7cdb58f	80-lane-instrument-selftests	0
one-per-sha	2026-09-19T09:42:29Z	7cdb58f	90-sidecar-verifier-wrapper	0
one-per-sha	2026-09-19T09:42:29Z	7cdb58f	95-numerals-ratchet	0
one-per-sha	2026-09-19T09:42:29Z	7cdb58f	96-verdict-status-agreement	0
one-per-sha	2026-09-19T09:42:29Z	7cdb58f	97-readme-counts	0
one-per-sha	2026-09-24T08:29:10Z	7d28c6c	10-fixture-integrity	0
one-per-sha	2026-09-24T08:29:11Z	7d28c6c	15-kit-claim	0
one-per-sha	2026-09-24T08:29:11Z	7d28c6c	16-kit-readiness	0
one-per-sha	2026-09-24T08:29:12Z	7d28c6c	17-kit-demotion	0
one-per-sha	2026-09-24T08:29:12Z	7d28c6c	20-receipt-freshness	0
one-per-sha	2026-09-24T08:29:12Z	7d28c6c	30-no-secrets	0
one-per-sha	2026-09-24T08:29:13Z	7d28c6c	40-omp-compact-replay	0
one-per-sha	2026-09-24T08:29:13Z	7d28c6c	44-native-surface	1
one-per-sha	2026-09-24T08:29:14Z	7d28c6c	50-house-gates	0
one-per-sha	2026-09-24T08:29:16Z	7d28c6c	60-staged-deletion-lane	0
one-per-sha	2026-09-24T08:29:16Z	7d28c6c	70-tests-registry-sync	0
one-per-sha	2026-09-24T08:30:19Z	7d28c6c	80-lane-instrument-selftests	1
one-per-sha	2026-09-24T08:30:20Z	7d28c6c	85-promotion-contract	0
one-per-sha	2026-09-24T08:30:20Z	7d28c6c	90-sidecar-verifier-wrapper	0
one-per-sha	2026-09-24T08:30:20Z	7d28c6c	95-numerals-ratchet	0
one-per-sha	2026-09-24T08:30:20Z	7d28c6c	96-verdict-status-agreement	0
one-per-sha	2026-09-24T08:30:20Z	7d28c6c	97-readme-counts	0
one-per-sha	2026-09-20T02:08:16Z	7e34898	10-fixture-integrity	0
one-per-sha	2026-09-20T02:08:16Z	7e34898	20-receipt-freshness	0
one-per-sha	2026-09-20T02:08:16Z	7e34898	30-no-secrets	0
one-per-sha	2026-09-20T02:08:17Z	7e34898	40-omp-compact-replay	0
one-per-sha	2026-09-20T02:08:17Z	7e34898	50-house-gates	0
one-per-sha	2026-09-20T02:08:21Z	7e34898	60-staged-deletion-lane	0
one-per-sha	2026-09-20T02:08:21Z	7e34898	70-tests-registry-sync	0
one-per-sha	2026-09-20T02:08:38Z	7e34898	80-lane-instrument-selftests	0
one-per-sha	2026-09-20T02:08:38Z	7e34898	90-sidecar-verifier-wrapper	0
one-per-sha	2026-09-20T02:08:39Z	7e34898	95-numerals-ratchet	0
one-per-sha	2026-09-20T02:08:39Z	7e34898	96-verdict-status-agreement	0
one-per-sha	2026-09-20T02:08:39Z	7e34898	97-readme-counts	0
one-per-sha	2026-09-20T10:08:48Z	7f03758	10-fixture-integrity	0
one-per-sha	2026-09-20T10:08:48Z	7f03758	20-receipt-freshness	0
one-per-sha	2026-09-20T10:08:48Z	7f03758	30-no-secrets	0
one-per-sha	2026-09-20T10:08:49Z	7f03758	40-omp-compact-replay	0
one-per-sha	2026-09-20T10:08:50Z	7f03758	50-house-gates	0
one-per-sha	2026-09-20T10:08:55Z	7f03758	60-staged-deletion-lane	0
one-per-sha	2026-09-20T10:08:55Z	7f03758	70-tests-registry-sync	0
one-per-sha	2026-09-20T10:09:12Z	7f03758	80-lane-instrument-selftests	0
one-per-sha	2026-09-20T10:09:12Z	7f03758	85-promotion-contract	0
one-per-sha	2026-09-20T10:09:12Z	7f03758	90-sidecar-verifier-wrapper	0
one-per-sha	2026-09-20T10:09:12Z	7f03758	95-numerals-ratchet	0
one-per-sha	2026-09-20T10:09:12Z	7f03758	96-verdict-status-agreement	0
one-per-sha	2026-09-20T10:09:12Z	7f03758	97-readme-counts	0
one-per-sha	2026-09-19T02:07:54Z	7f0f4cc	10-fixture-integrity	0
one-per-sha	2026-09-19T02:07:54Z	7f0f4cc	20-receipt-freshness	0
one-per-sha	2026-09-19T02:07:54Z	7f0f4cc	30-no-secrets	0
one-per-sha	2026-09-19T02:07:55Z	7f0f4cc	40-omp-compact-replay	0
one-per-sha	2026-09-19T02:07:55Z	7f0f4cc	50-house-gates	0
one-per-sha	2026-09-19T02:07:58Z	7f0f4cc	60-staged-deletion-lane	0
one-per-sha	2026-09-19T02:07:58Z	7f0f4cc	70-tests-registry-sync	0
one-per-sha	2026-09-19T02:08:16Z	7f0f4cc	80-lane-instrument-selftests	0
one-per-sha	2026-09-19T02:08:16Z	7f0f4cc	90-sidecar-verifier-wrapper	0
one-per-sha	2026-09-19T02:08:16Z	7f0f4cc	95-numerals-ratchet	0
one-per-sha	2026-09-19T02:08:16Z	7f0f4cc	96-verdict-status-agreement	0
one-per-sha	2026-09-19T02:08:16Z	7f0f4cc	97-readme-counts	0
one-per-sha	2026-09-20T00:00:23Z	7f28d54	10-fixture-integrity	0
one-per-sha	2026-09-20T00:00:23Z	7f28d54	20-receipt-freshness	0
one-per-sha	2026-09-20T00:00:23Z	7f28d54	30-no-secrets	0
one-per-sha	2026-09-20T00:00:24Z	7f28d54	40-omp-compact-replay	0
one-per-sha	2026-09-20T00:00:25Z	7f28d54	50-house-gates	0
one-per-sha	2026-09-20T00:00:27Z	7f28d54	60-staged-deletion-lane	0
one-per-sha	2026-09-20T00:00:27Z	7f28d54	70-tests-registry-sync	0
one-per-sha	2026-09-20T00:00:44Z	7f28d54	80-lane-instrument-selftests	0
one-per-sha	2026-09-20T00:00:44Z	7f28d54	90-sidecar-verifier-wrapper	0
one-per-sha	2026-09-20T00:00:45Z	7f28d54	95-numerals-ratchet	0
one-per-sha	2026-09-20T00:00:45Z	7f28d54	96-verdict-status-agreement	0
one-per-sha	2026-09-20T00:00:45Z	7f28d54	97-readme-counts	0
one-per-sha	2026-09-20T15:42:41Z	8168b53	10-fixture-integrity	0
one-per-sha	2026-09-20T15:42:41Z	8168b53	20-receipt-freshness	0
one-per-sha	2026-09-20T15:42:41Z	8168b53	30-no-secrets	0
one-per-sha	2026-09-20T15:42:42Z	8168b53	40-omp-compact-replay	0
one-per-sha	2026-09-20T15:42:43Z	8168b53	50-house-gates	0
one-per-sha	2026-09-20T15:42:45Z	8168b53	60-staged-deletion-lane	0
one-per-sha	2026-09-20T15:42:46Z	8168b53	70-tests-registry-sync	0
one-per-sha	2026-09-20T15:43:02Z	8168b53	80-lane-instrument-selftests	0
one-per-sha	2026-09-20T15:43:02Z	8168b53	85-promotion-contract	0
one-per-sha	2026-09-20T15:43:02Z	8168b53	90-sidecar-verifier-wrapper	0
one-per-sha	2026-09-20T15:43:02Z	8168b53	95-numerals-ratchet	0
one-per-sha	2026-09-20T15:43:02Z	8168b53	96-verdict-status-agreement	0
one-per-sha	2026-09-20T15:43:02Z	8168b53	97-readme-counts	0
one-per-sha	2026-09-22T02:09:10Z	81a1daa	10-fixture-integrity	0
one-per-sha	2026-09-22T02:09:10Z	81a1daa	20-receipt-freshness	0
one-per-sha	2026-09-22T02:09:10Z	81a1daa	30-no-secrets	0
one-per-sha	2026-09-22T02:09:11Z	81a1daa	40-omp-compact-replay	0
one-per-sha	2026-09-22T02:09:11Z	81a1daa	44-native-surface	0
one-per-sha	2026-09-22T02:09:12Z	81a1daa	50-house-gates	0
one-per-sha	2026-09-22T02:09:14Z	81a1daa	60-staged-deletion-lane	0
one-per-sha	2026-09-22T02:09:14Z	81a1daa	70-tests-registry-sync	1
one-per-sha	2026-09-22T02:10:37Z	81a1daa	80-lane-instrument-selftests	1
one-per-sha	2026-09-22T02:10:37Z	81a1daa	85-promotion-contract	0
one-per-sha	2026-09-22T02:10:37Z	81a1daa	90-sidecar-verifier-wrapper	0
one-per-sha	2026-09-22T02:10:37Z	81a1daa	95-numerals-ratchet	0
one-per-sha	2026-09-22T02:10:37Z	81a1daa	96-verdict-status-agreement	0
one-per-sha	2026-09-22T02:10:38Z	81a1daa	97-readme-counts	0
one-per-sha	2026-09-20T18:18:05Z	81ef8b1	10-fixture-integrity	0
one-per-sha	2026-09-20T18:18:05Z	81ef8b1	20-receipt-freshness	0
one-per-sha	2026-09-20T18:18:05Z	81ef8b1	30-no-secrets	0
one-per-sha	2026-09-20T18:18:07Z	81ef8b1	40-omp-compact-replay	0
one-per-sha	2026-09-20T18:18:07Z	81ef8b1	50-house-gates	0
one-per-sha	2026-09-20T18:18:11Z	81ef8b1	60-staged-deletion-lane	0
one-per-sha	2026-09-20T18:18:11Z	81ef8b1	70-tests-registry-sync	0
one-per-sha	2026-09-20T18:18:34Z	81ef8b1	80-lane-instrument-selftests	0
one-per-sha	2026-09-20T18:18:34Z	81ef8b1	85-promotion-contract	0
one-per-sha	2026-09-20T18:18:34Z	81ef8b1	90-sidecar-verifier-wrapper	0
one-per-sha	2026-09-20T18:18:34Z	81ef8b1	95-numerals-ratchet	0
one-per-sha	2026-09-20T18:18:34Z	81ef8b1	96-verdict-status-agreement	0
one-per-sha	2026-09-20T18:18:34Z	81ef8b1	97-readme-counts	0
one-per-sha	2026-09-19T10:20:47Z	82005b1	10-fixture-integrity	0
one-per-sha	2026-09-19T10:20:47Z	82005b1	20-receipt-freshness	0
one-per-sha	2026-09-19T10:20:47Z	82005b1	30-no-secrets	0
one-per-sha	2026-09-19T10:20:48Z	82005b1	40-omp-compact-replay	0
one-per-sha	2026-09-19T10:20:49Z	82005b1	50-house-gates	0
one-per-sha	2026-09-19T10:20:52Z	82005b1	60-staged-deletion-lane	0
one-per-sha	2026-09-19T10:20:52Z	82005b1	70-tests-registry-sync	0
one-per-sha	2026-09-19T10:21:08Z	82005b1	80-lane-instrument-selftests	0
one-per-sha	2026-09-19T10:21:08Z	82005b1	90-sidecar-verifier-wrapper	0
one-per-sha	2026-09-19T10:21:08Z	82005b1	95-numerals-ratchet	0
one-per-sha	2026-09-19T10:21:08Z	82005b1	96-verdict-status-agreement	0
one-per-sha	2026-09-19T10:21:08Z	82005b1	97-readme-counts	0
one-per-sha	2026-09-19T21:50:48Z	835d61b	10-fixture-integrity	0
one-per-sha	2026-09-19T21:50:48Z	835d61b	20-receipt-freshness	0
one-per-sha	2026-09-19T21:50:48Z	835d61b	30-no-secrets	0
one-per-sha	2026-09-19T21:50:49Z	835d61b	40-omp-compact-replay	0
one-per-sha	2026-09-19T21:50:49Z	835d61b	50-house-gates	0
one-per-sha	2026-09-19T21:50:52Z	835d61b	60-staged-deletion-lane	0
one-per-sha	2026-09-19T21:50:52Z	835d61b	70-tests-registry-sync	0
one-per-sha	2026-09-19T21:51:08Z	835d61b	80-lane-instrument-selftests	0
one-per-sha	2026-09-19T21:51:08Z	835d61b	90-sidecar-verifier-wrapper	0
one-per-sha	2026-09-19T21:51:09Z	835d61b	95-numerals-ratchet	0
one-per-sha	2026-09-19T21:51:09Z	835d61b	96-verdict-status-agreement	0
one-per-sha	2026-09-19T21:51:09Z	835d61b	97-readme-counts	0
one-per-sha	2026-09-24T04:03:47Z	8374fd4	10-fixture-integrity	0
one-per-sha	2026-09-24T04:03:51Z	8374fd4	15-kit-claim	0
one-per-sha	2026-09-24T04:03:53Z	8374fd4	16-kit-readiness	0
one-per-sha	2026-09-24T04:03:55Z	8374fd4	17-kit-demotion	0
one-per-sha	2026-09-24T04:03:55Z	8374fd4	20-receipt-freshness	0
one-per-sha	2026-09-24T04:03:56Z	8374fd4	30-no-secrets	0
one-per-sha	2026-09-24T04:04:00Z	8374fd4	40-omp-compact-replay	0
one-per-sha	2026-09-24T04:04:01Z	8374fd4	44-native-surface	0
one-per-sha	2026-09-24T04:04:03Z	8374fd4	50-house-gates	0
one-per-sha	2026-09-24T04:04:12Z	8374fd4	60-staged-deletion-lane	0
one-per-sha	2026-09-24T04:04:13Z	8374fd4	70-tests-registry-sync	0
one-per-sha	2026-09-24T04:08:18Z	8374fd4	80-lane-instrument-selftests	1
one-per-sha	2026-09-24T04:08:19Z	8374fd4	85-promotion-contract	0
one-per-sha	2026-09-24T04:08:19Z	8374fd4	90-sidecar-verifier-wrapper	0
one-per-sha	2026-09-24T04:08:19Z	8374fd4	95-numerals-ratchet	0
one-per-sha	2026-09-24T04:08:20Z	8374fd4	96-verdict-status-agreement	0
one-per-sha	2026-09-24T04:08:20Z	8374fd4	97-readme-counts	0
one-per-sha	2026-09-20T00:38:42Z	83e9055	10-fixture-integrity	0
one-per-sha	2026-09-20T00:38:43Z	83e9055	20-receipt-freshness	0
one-per-sha	2026-09-20T00:38:43Z	83e9055	30-no-secrets	0
one-per-sha	2026-09-20T00:38:44Z	83e9055	40-omp-compact-replay	0
one-per-sha	2026-09-20T00:38:44Z	83e9055	50-house-gates	0
one-per-sha	2026-09-20T00:38:47Z	83e9055	60-staged-deletion-lane	0
one-per-sha	2026-09-20T00:38:47Z	83e9055	70-tests-registry-sync	0
one-per-sha	2026-09-20T00:39:03Z	83e9055	80-lane-instrument-selftests	0
one-per-sha	2026-09-20T00:39:03Z	83e9055	90-sidecar-verifier-wrapper	0
one-per-sha	2026-09-20T00:39:03Z	83e9055	95-numerals-ratchet	0
one-per-sha	2026-09-20T00:39:03Z	83e9055	96-verdict-status-agreement	0
one-per-sha	2026-09-20T00:39:03Z	83e9055	97-readme-counts	0
one-per-sha	2026-09-20T06:32:12Z	84d4739	10-fixture-integrity	0
one-per-sha	2026-09-20T06:32:12Z	84d4739	20-receipt-freshness	0
one-per-sha	2026-09-20T06:32:12Z	84d4739	30-no-secrets	0
one-per-sha	2026-09-20T06:32:13Z	84d4739	40-omp-compact-replay	0
one-per-sha	2026-09-20T06:32:14Z	84d4739	50-house-gates	0
one-per-sha	2026-09-20T06:32:17Z	84d4739	60-staged-deletion-lane	0
one-per-sha	2026-09-20T06:32:17Z	84d4739	70-tests-registry-sync	0
one-per-sha	2026-09-20T06:32:33Z	84d4739	80-lane-instrument-selftests	0
one-per-sha	2026-09-20T06:32:34Z	84d4739	85-promotion-contract	0
one-per-sha	2026-09-20T06:32:34Z	84d4739	90-sidecar-verifier-wrapper	0
one-per-sha	2026-09-20T06:32:34Z	84d4739	95-numerals-ratchet	0
one-per-sha	2026-09-20T06:32:34Z	84d4739	96-verdict-status-agreement	0
one-per-sha	2026-09-20T06:32:34Z	84d4739	97-readme-counts	0
one-per-sha	2026-09-19T16:53:08Z	8559948	10-fixture-integrity	0
one-per-sha	2026-09-19T16:53:08Z	8559948	20-receipt-freshness	0
one-per-sha	2026-09-19T16:53:08Z	8559948	30-no-secrets	0
one-per-sha	2026-09-19T16:53:09Z	8559948	40-omp-compact-replay	0
one-per-sha	2026-09-19T16:53:09Z	8559948	50-house-gates	0
one-per-sha	2026-09-19T16:53:13Z	8559948	60-staged-deletion-lane	0
one-per-sha	2026-09-19T16:53:13Z	8559948	70-tests-registry-sync	0
one-per-sha	2026-09-19T16:53:31Z	8559948	80-lane-instrument-selftests	0
one-per-sha	2026-09-19T16:53:31Z	8559948	90-sidecar-verifier-wrapper	0
one-per-sha	2026-09-19T16:53:31Z	8559948	95-numerals-ratchet	0
one-per-sha	2026-09-19T16:53:31Z	8559948	96-verdict-status-agreement	0
one-per-sha	2026-09-19T16:53:31Z	8559948	97-readme-counts	0
one-per-sha	2026-09-20T07:24:17Z	85fec8d	10-fixture-integrity	0
one-per-sha	2026-09-20T07:24:17Z	85fec8d	20-receipt-freshness	0
one-per-sha	2026-09-20T07:24:17Z	85fec8d	30-no-secrets	0
one-per-sha	2026-09-20T07:24:18Z	85fec8d	40-omp-compact-replay	0
one-per-sha	2026-09-20T07:24:19Z	85fec8d	50-house-gates	0
one-per-sha	2026-09-20T07:24:22Z	85fec8d	60-staged-deletion-lane	0
one-per-sha	2026-09-20T07:24:22Z	85fec8d	70-tests-registry-sync	0
one-per-sha	2026-09-20T07:24:39Z	85fec8d	80-lane-instrument-selftests	0
one-per-sha	2026-09-20T07:24:39Z	85fec8d	85-promotion-contract	0
one-per-sha	2026-09-20T07:24:39Z	85fec8d	90-sidecar-verifier-wrapper	0
one-per-sha	2026-09-20T07:24:40Z	85fec8d	95-numerals-ratchet	0
one-per-sha	2026-09-20T07:24:40Z	85fec8d	96-verdict-status-agreement	0
one-per-sha	2026-09-20T07:24:40Z	85fec8d	97-readme-counts	0
one-per-sha	2026-09-19T03:50:34Z	871a55c	10-fixture-integrity	0
one-per-sha	2026-09-19T03:50:34Z	871a55c	20-receipt-freshness	0
one-per-sha	2026-09-19T03:50:35Z	871a55c	30-no-secrets	0
one-per-sha	2026-09-19T03:50:35Z	871a55c	40-omp-compact-replay	0
one-per-sha	2026-09-19T03:50:36Z	871a55c	50-house-gates	0
one-per-sha	2026-09-19T03:50:38Z	871a55c	60-staged-deletion-lane	0
one-per-sha	2026-09-19T03:50:38Z	871a55c	70-tests-registry-sync	0
one-per-sha	2026-09-19T03:50:54Z	871a55c	80-lane-instrument-selftests	0
one-per-sha	2026-09-19T03:50:54Z	871a55c	90-sidecar-verifier-wrapper	0
one-per-sha	2026-09-19T03:50:54Z	871a55c	95-numerals-ratchet	0
one-per-sha	2026-09-19T03:50:54Z	871a55c	96-verdict-status-agreement	0
one-per-sha	2026-09-19T03:50:54Z	871a55c	97-readme-counts	0
one-per-sha	2026-09-20T05:00:25Z	884b224	10-fixture-integrity	0
one-per-sha	2026-09-20T05:00:25Z	884b224	20-receipt-freshness	0
one-per-sha	2026-09-20T05:00:25Z	884b224	30-no-secrets	0
one-per-sha	2026-09-20T05:00:26Z	884b224	40-omp-compact-replay	0
one-per-sha	2026-09-20T05:00:27Z	884b224	50-house-gates	0
one-per-sha	2026-09-20T05:00:30Z	884b224	60-staged-deletion-lane	0
one-per-sha	2026-09-20T05:00:30Z	884b224	70-tests-registry-sync	0
one-per-sha	2026-09-20T05:00:47Z	884b224	80-lane-instrument-selftests	0
one-per-sha	2026-09-20T05:00:47Z	884b224	90-sidecar-verifier-wrapper	0
one-per-sha	2026-09-20T05:00:47Z	884b224	95-numerals-ratchet	0
one-per-sha	2026-09-20T05:00:47Z	884b224	96-verdict-status-agreement	0
one-per-sha	2026-09-20T05:00:47Z	884b224	97-readme-counts	0
one-per-sha	2026-09-19T03:41:38Z	88fd55b	10-fixture-integrity	0
one-per-sha	2026-09-19T03:41:38Z	88fd55b	20-receipt-freshness	0
one-per-sha	2026-09-19T03:41:38Z	88fd55b	30-no-secrets	0
one-per-sha	2026-09-19T03:41:39Z	88fd55b	40-omp-compact-replay	0
one-per-sha	2026-09-19T03:41:40Z	88fd55b	50-house-gates	0
one-per-sha	2026-09-19T03:41:42Z	88fd55b	60-staged-deletion-lane	0
one-per-sha	2026-09-19T03:41:43Z	88fd55b	70-tests-registry-sync	0
one-per-sha	2026-09-19T03:41:58Z	88fd55b	80-lane-instrument-selftests	0
one-per-sha	2026-09-19T03:41:58Z	88fd55b	90-sidecar-verifier-wrapper	0
one-per-sha	2026-09-19T03:41:58Z	88fd55b	95-numerals-ratchet	0
one-per-sha	2026-09-19T03:41:58Z	88fd55b	96-verdict-status-agreement	0
one-per-sha	2026-09-19T03:41:58Z	88fd55b	97-readme-counts	0
one-per-sha	2026-09-20T17:01:42Z	89985a9	10-fixture-integrity	0
one-per-sha	2026-09-20T17:01:42Z	89985a9	20-receipt-freshness	0
one-per-sha	2026-09-20T17:01:42Z	89985a9	30-no-secrets	0
one-per-sha	2026-09-20T17:01:43Z	89985a9	40-omp-compact-replay	0
one-per-sha	2026-09-20T17:01:43Z	89985a9	50-house-gates	0
one-per-sha	2026-09-20T17:01:46Z	89985a9	60-staged-deletion-lane	0
one-per-sha	2026-09-20T17:01:46Z	89985a9	70-tests-registry-sync	0
one-per-sha	2026-09-20T17:02:09Z	89985a9	80-lane-instrument-selftests	1
one-per-sha	2026-09-20T17:02:09Z	89985a9	85-promotion-contract	0
one-per-sha	2026-09-20T17:02:09Z	89985a9	90-sidecar-verifier-wrapper	0
one-per-sha	2026-09-20T17:02:09Z	89985a9	95-numerals-ratchet	0
one-per-sha	2026-09-20T17:02:09Z	89985a9	96-verdict-status-agreement	0
one-per-sha	2026-09-20T17:02:10Z	89985a9	97-readme-counts	1
one-per-sha	2026-09-20T13:42:18Z	8a50c41	10-fixture-integrity	0
one-per-sha	2026-09-20T13:42:18Z	8a50c41	20-receipt-freshness	0
one-per-sha	2026-09-20T13:42:18Z	8a50c41	30-no-secrets	0
one-per-sha	2026-09-20T13:42:19Z	8a50c41	40-omp-compact-replay	0
one-per-sha	2026-09-20T13:42:20Z	8a50c41	50-house-gates	0
one-per-sha	2026-09-20T13:42:23Z	8a50c41	60-staged-deletion-lane	0
one-per-sha	2026-09-20T13:42:23Z	8a50c41	70-tests-registry-sync	0
one-per-sha	2026-09-20T13:42:40Z	8a50c41	80-lane-instrument-selftests	0
one-per-sha	2026-09-20T13:42:40Z	8a50c41	85-promotion-contract	0
one-per-sha	2026-09-20T13:42:40Z	8a50c41	90-sidecar-verifier-wrapper	0
one-per-sha	2026-09-20T13:42:40Z	8a50c41	95-numerals-ratchet	0
one-per-sha	2026-09-20T13:42:40Z	8a50c41	96-verdict-status-agreement	0
one-per-sha	2026-09-20T13:42:40Z	8a50c41	97-readme-counts	0
one-per-sha	2026-09-20T19:27:28Z	8cb6b7f	10-fixture-integrity	0
one-per-sha	2026-09-20T19:27:29Z	8cb6b7f	20-receipt-freshness	0
one-per-sha	2026-09-20T19:27:29Z	8cb6b7f	30-no-secrets	0
one-per-sha	2026-09-20T19:27:30Z	8cb6b7f	40-omp-compact-replay	0
one-per-sha	2026-09-20T19:27:30Z	8cb6b7f	50-house-gates	0
one-per-sha	2026-09-20T19:27:33Z	8cb6b7f	60-staged-deletion-lane	0
one-per-sha	2026-09-20T19:27:33Z	8cb6b7f	70-tests-registry-sync	0
one-per-sha	2026-09-20T19:28:05Z	8cb6b7f	80-lane-instrument-selftests	0
one-per-sha	2026-09-20T19:28:06Z	8cb6b7f	85-promotion-contract	0
one-per-sha	2026-09-20T19:28:06Z	8cb6b7f	90-sidecar-verifier-wrapper	0
one-per-sha	2026-09-20T19:28:06Z	8cb6b7f	95-numerals-ratchet	0
one-per-sha	2026-09-20T19:28:06Z	8cb6b7f	96-verdict-status-agreement	0
one-per-sha	2026-09-20T19:28:06Z	8cb6b7f	97-readme-counts	0
one-per-sha	2026-09-20T19:23:00Z	8d34f11	10-fixture-integrity	0
one-per-sha	2026-09-20T19:23:01Z	8d34f11	20-receipt-freshness	0
one-per-sha	2026-09-20T19:23:01Z	8d34f11	30-no-secrets	0
one-per-sha	2026-09-20T19:23:02Z	8d34f11	40-omp-compact-replay	0
one-per-sha	2026-09-20T19:23:02Z	8d34f11	50-house-gates	0
one-per-sha	2026-09-20T19:23:05Z	8d34f11	60-staged-deletion-lane	0
one-per-sha	2026-09-20T19:23:05Z	8d34f11	70-tests-registry-sync	0
one-per-sha	2026-09-20T19:23:29Z	8d34f11	80-lane-instrument-selftests	0
one-per-sha	2026-09-20T19:23:29Z	8d34f11	85-promotion-contract	0
one-per-sha	2026-09-20T19:23:29Z	8d34f11	90-sidecar-verifier-wrapper	0
one-per-sha	2026-09-20T19:23:29Z	8d34f11	95-numerals-ratchet	0
one-per-sha	2026-09-20T19:23:29Z	8d34f11	96-verdict-status-agreement	0
one-per-sha	2026-09-20T19:23:29Z	8d34f11	97-readme-counts	0
one-per-sha	2026-09-20T19:34:37Z	8e19a53	10-fixture-integrity	0
one-per-sha	2026-09-20T19:34:37Z	8e19a53	20-receipt-freshness	0
one-per-sha	2026-09-20T19:34:37Z	8e19a53	30-no-secrets	0
one-per-sha	2026-09-20T19:34:38Z	8e19a53	40-omp-compact-replay	0
one-per-sha	2026-09-20T19:34:39Z	8e19a53	50-house-gates	0
one-per-sha	2026-09-20T19:34:42Z	8e19a53	60-staged-deletion-lane	0
one-per-sha	2026-09-20T19:34:42Z	8e19a53	70-tests-registry-sync	0
one-per-sha	2026-09-20T19:35:16Z	8e19a53	80-lane-instrument-selftests	0
one-per-sha	2026-09-20T19:35:16Z	8e19a53	85-promotion-contract	0
one-per-sha	2026-09-20T19:35:16Z	8e19a53	90-sidecar-verifier-wrapper	0
one-per-sha	2026-09-20T19:35:16Z	8e19a53	95-numerals-ratchet	0
one-per-sha	2026-09-20T19:35:16Z	8e19a53	96-verdict-status-agreement	0
one-per-sha	2026-09-20T19:35:16Z	8e19a53	97-readme-counts	0
one-per-sha	2026-09-19T20:30:02Z	8e220a6	10-fixture-integrity	0
one-per-sha	2026-09-19T20:30:02Z	8e220a6	20-receipt-freshness	0
one-per-sha	2026-09-19T20:30:02Z	8e220a6	30-no-secrets	0
one-per-sha	2026-09-19T20:30:03Z	8e220a6	40-omp-compact-replay	0
one-per-sha	2026-09-19T20:30:04Z	8e220a6	50-house-gates	0
one-per-sha	2026-09-19T20:30:07Z	8e220a6	60-staged-deletion-lane	0
one-per-sha	2026-09-19T20:30:07Z	8e220a6	70-tests-registry-sync	0
one-per-sha	2026-09-19T20:30:23Z	8e220a6	80-lane-instrument-selftests	0
one-per-sha	2026-09-19T20:30:24Z	8e220a6	90-sidecar-verifier-wrapper	0
one-per-sha	2026-09-19T20:30:24Z	8e220a6	95-numerals-ratchet	0
one-per-sha	2026-09-19T20:30:24Z	8e220a6	96-verdict-status-agreement	0
one-per-sha	2026-09-19T20:30:24Z	8e220a6	97-readme-counts	0
one-per-sha	2026-09-20T04:53:43Z	8e2d533	10-fixture-integrity	0
one-per-sha	2026-09-20T04:53:43Z	8e2d533	20-receipt-freshness	0
one-per-sha	2026-09-20T04:53:44Z	8e2d533	30-no-secrets	0
one-per-sha	2026-09-20T04:53:45Z	8e2d533	40-omp-compact-replay	0
one-per-sha	2026-09-20T04:53:45Z	8e2d533	50-house-gates	0
one-per-sha	2026-09-20T04:53:48Z	8e2d533	60-staged-deletion-lane	0
one-per-sha	2026-09-20T04:53:48Z	8e2d533	70-tests-registry-sync	0
one-per-sha	2026-09-20T04:54:05Z	8e2d533	80-lane-instrument-selftests	0
one-per-sha	2026-09-20T04:54:05Z	8e2d533	90-sidecar-verifier-wrapper	0
one-per-sha	2026-09-20T04:54:05Z	8e2d533	95-numerals-ratchet	0
one-per-sha	2026-09-20T04:54:05Z	8e2d533	96-verdict-status-agreement	0
one-per-sha	2026-09-20T04:54:05Z	8e2d533	97-readme-counts	0
one-per-sha	2026-09-19T17:50:17Z	8eb34db	10-fixture-integrity	0
one-per-sha	2026-09-19T17:50:17Z	8eb34db	20-receipt-freshness	0
one-per-sha	2026-09-19T17:50:17Z	8eb34db	30-no-secrets	0
one-per-sha	2026-09-19T17:50:18Z	8eb34db	40-omp-compact-replay	0
one-per-sha	2026-09-19T17:50:19Z	8eb34db	50-house-gates	0
one-per-sha	2026-09-19T17:50:22Z	8eb34db	60-staged-deletion-lane	0
one-per-sha	2026-09-19T17:50:22Z	8eb34db	70-tests-registry-sync	0
one-per-sha	2026-09-19T17:50:38Z	8eb34db	80-lane-instrument-selftests	0
one-per-sha	2026-09-19T17:50:38Z	8eb34db	90-sidecar-verifier-wrapper	0
one-per-sha	2026-09-19T17:50:39Z	8eb34db	95-numerals-ratchet	0
one-per-sha	2026-09-19T17:50:39Z	8eb34db	96-verdict-status-agreement	0
one-per-sha	2026-09-19T17:50:39Z	8eb34db	97-readme-counts	0
one-per-sha	2026-09-20T07:28:51Z	8f03d23	10-fixture-integrity	0
one-per-sha	2026-09-20T07:28:51Z	8f03d23	20-receipt-freshness	0
one-per-sha	2026-09-20T07:28:51Z	8f03d23	30-no-secrets	0
one-per-sha	2026-09-20T07:28:52Z	8f03d23	40-omp-compact-replay	0
one-per-sha	2026-09-20T07:28:53Z	8f03d23	50-house-gates	0
one-per-sha	2026-09-20T07:28:56Z	8f03d23	60-staged-deletion-lane	0
one-per-sha	2026-09-20T07:28:57Z	8f03d23	70-tests-registry-sync	0
one-per-sha	2026-09-20T07:29:13Z	8f03d23	80-lane-instrument-selftests	0
one-per-sha	2026-09-20T07:29:13Z	8f03d23	85-promotion-contract	0
one-per-sha	2026-09-20T07:29:13Z	8f03d23	90-sidecar-verifier-wrapper	0
one-per-sha	2026-09-20T07:29:13Z	8f03d23	95-numerals-ratchet	0
one-per-sha	2026-09-20T07:29:13Z	8f03d23	96-verdict-status-agreement	0
one-per-sha	2026-09-20T07:29:13Z	8f03d23	97-readme-counts	0
one-per-sha	2026-09-20T04:02:45Z	8fe44b2	10-fixture-integrity	0
one-per-sha	2026-09-20T04:02:45Z	8fe44b2	20-receipt-freshness	0
one-per-sha	2026-09-20T04:02:45Z	8fe44b2	30-no-secrets	0
one-per-sha	2026-09-20T04:02:46Z	8fe44b2	40-omp-compact-replay	0
one-per-sha	2026-09-20T04:02:46Z	8fe44b2	50-house-gates	0
one-per-sha	2026-09-20T04:02:50Z	8fe44b2	60-staged-deletion-lane	0
one-per-sha	2026-09-20T04:02:50Z	8fe44b2	70-tests-registry-sync	0
one-per-sha	2026-09-20T04:03:07Z	8fe44b2	80-lane-instrument-selftests	0
one-per-sha	2026-09-20T04:03:07Z	8fe44b2	90-sidecar-verifier-wrapper	0
one-per-sha	2026-09-20T04:03:07Z	8fe44b2	95-numerals-ratchet	0
one-per-sha	2026-09-20T04:03:07Z	8fe44b2	96-verdict-status-agreement	0
one-per-sha	2026-09-20T04:03:07Z	8fe44b2	97-readme-counts	0
one-per-sha	2026-09-20T05:44:51Z	90a480a	10-fixture-integrity	0
one-per-sha	2026-09-20T05:44:51Z	90a480a	20-receipt-freshness	0
one-per-sha	2026-09-20T05:44:51Z	90a480a	30-no-secrets	0
one-per-sha	2026-09-20T05:44:52Z	90a480a	40-omp-compact-replay	0
one-per-sha	2026-09-20T05:44:53Z	90a480a	50-house-gates	0
one-per-sha	2026-09-20T05:44:55Z	90a480a	60-staged-deletion-lane	0
one-per-sha	2026-09-20T05:44:56Z	90a480a	70-tests-registry-sync	0
one-per-sha	2026-09-20T05:45:12Z	90a480a	80-lane-instrument-selftests	0
one-per-sha	2026-09-20T05:45:12Z	90a480a	90-sidecar-verifier-wrapper	0
one-per-sha	2026-09-20T05:45:12Z	90a480a	95-numerals-ratchet	0
one-per-sha	2026-09-20T05:45:12Z	90a480a	96-verdict-status-agreement	0
one-per-sha	2026-09-20T05:45:12Z	90a480a	97-readme-counts	0
one-per-sha	2026-09-19T14:48:48Z	90ef596	10-fixture-integrity	0
one-per-sha	2026-09-19T14:48:49Z	90ef596	20-receipt-freshness	0
one-per-sha	2026-09-19T14:48:49Z	90ef596	30-no-secrets	0
one-per-sha	2026-09-19T14:48:49Z	90ef596	40-omp-compact-replay	0
one-per-sha	2026-09-19T14:48:50Z	90ef596	50-house-gates	0
one-per-sha	2026-09-19T14:48:53Z	90ef596	60-staged-deletion-lane	0
one-per-sha	2026-09-19T14:48:53Z	90ef596	70-tests-registry-sync	0
one-per-sha	2026-09-19T14:49:09Z	90ef596	80-lane-instrument-selftests	0
one-per-sha	2026-09-19T14:49:10Z	90ef596	90-sidecar-verifier-wrapper	0
one-per-sha	2026-09-19T14:49:10Z	90ef596	95-numerals-ratchet	0
one-per-sha	2026-09-19T14:49:10Z	90ef596	96-verdict-status-agreement	0
one-per-sha	2026-09-19T14:49:10Z	90ef596	97-readme-counts	0
one-per-sha	2026-09-20T09:00:56Z	916142a	10-fixture-integrity	0
one-per-sha	2026-09-20T09:00:56Z	916142a	20-receipt-freshness	0
one-per-sha	2026-09-20T09:00:56Z	916142a	30-no-secrets	0
one-per-sha	2026-09-20T09:00:57Z	916142a	40-omp-compact-replay	0
one-per-sha	2026-09-20T09:00:58Z	916142a	50-house-gates	0
one-per-sha	2026-09-20T09:01:01Z	916142a	60-staged-deletion-lane	0
one-per-sha	2026-09-20T09:01:01Z	916142a	70-tests-registry-sync	0
one-per-sha	2026-09-20T09:01:19Z	916142a	80-lane-instrument-selftests	0
one-per-sha	2026-09-20T09:01:19Z	916142a	85-promotion-contract	0
one-per-sha	2026-09-20T09:01:19Z	916142a	90-sidecar-verifier-wrapper	0
one-per-sha	2026-09-20T09:01:20Z	916142a	95-numerals-ratchet	0
one-per-sha	2026-09-20T09:01:20Z	916142a	96-verdict-status-agreement	0
one-per-sha	2026-09-20T09:01:20Z	916142a	97-readme-counts	0
one-per-sha	2026-09-20T09:11:54Z	9193b66	10-fixture-integrity	0
one-per-sha	2026-09-20T09:11:54Z	9193b66	20-receipt-freshness	0
one-per-sha	2026-09-20T09:11:54Z	9193b66	30-no-secrets	0
one-per-sha	2026-09-20T09:11:55Z	9193b66	40-omp-compact-replay	0
one-per-sha	2026-09-20T09:11:55Z	9193b66	50-house-gates	0
one-per-sha	2026-09-20T09:12:00Z	9193b66	60-staged-deletion-lane	0
one-per-sha	2026-09-20T09:12:00Z	9193b66	70-tests-registry-sync	0
one-per-sha	2026-09-20T09:12:17Z	9193b66	80-lane-instrument-selftests	0
one-per-sha	2026-09-20T09:12:17Z	9193b66	85-promotion-contract	0
one-per-sha	2026-09-20T09:12:17Z	9193b66	90-sidecar-verifier-wrapper	0
one-per-sha	2026-09-20T09:12:17Z	9193b66	95-numerals-ratchet	0
one-per-sha	2026-09-20T09:12:17Z	9193b66	96-verdict-status-agreement	0
one-per-sha	2026-09-20T09:12:17Z	9193b66	97-readme-counts	0
one-per-sha	2026-09-20T16:02:34Z	936896b	10-fixture-integrity	0
one-per-sha	2026-09-20T16:02:35Z	936896b	20-receipt-freshness	0
one-per-sha	2026-09-20T16:02:35Z	936896b	30-no-secrets	0
one-per-sha	2026-09-20T16:02:36Z	936896b	40-omp-compact-replay	0
one-per-sha	2026-09-20T16:02:36Z	936896b	50-house-gates	0
one-per-sha	2026-09-20T16:02:39Z	936896b	60-staged-deletion-lane	0
one-per-sha	2026-09-20T16:02:39Z	936896b	70-tests-registry-sync	0
one-per-sha	2026-09-20T16:02:58Z	936896b	80-lane-instrument-selftests	0
one-per-sha	2026-09-20T16:02:58Z	936896b	85-promotion-contract	0
one-per-sha	2026-09-20T16:02:59Z	936896b	90-sidecar-verifier-wrapper	0
one-per-sha	2026-09-20T16:02:59Z	936896b	95-numerals-ratchet	0
one-per-sha	2026-09-20T16:02:59Z	936896b	96-verdict-status-agreement	0
one-per-sha	2026-09-20T16:02:59Z	936896b	97-readme-counts	0
one-per-sha	2026-09-19T14:17:56Z	94c639c	10-fixture-integrity	0
one-per-sha	2026-09-19T14:17:56Z	94c639c	20-receipt-freshness	0
one-per-sha	2026-09-19T14:17:56Z	94c639c	30-no-secrets	0
one-per-sha	2026-09-19T14:17:57Z	94c639c	40-omp-compact-replay	0
one-per-sha	2026-09-19T14:17:57Z	94c639c	50-house-gates	0
one-per-sha	2026-09-19T14:18:00Z	94c639c	60-staged-deletion-lane	0
one-per-sha	2026-09-19T14:18:00Z	94c639c	70-tests-registry-sync	0
one-per-sha	2026-09-19T14:18:17Z	94c639c	80-lane-instrument-selftests	0
one-per-sha	2026-09-19T14:18:17Z	94c639c	90-sidecar-verifier-wrapper	0
one-per-sha	2026-09-19T14:18:17Z	94c639c	95-numerals-ratchet	0
one-per-sha	2026-09-19T14:18:17Z	94c639c	96-verdict-status-agreement	0
one-per-sha	2026-09-19T14:18:17Z	94c639c	97-readme-counts	0
one-per-sha	2026-09-20T20:02:40Z	95ddc53	10-fixture-integrity	0
one-per-sha	2026-09-20T20:02:40Z	95ddc53	20-receipt-freshness	0
one-per-sha	2026-09-20T20:02:40Z	95ddc53	30-no-secrets	0
one-per-sha	2026-09-20T20:02:41Z	95ddc53	40-omp-compact-replay	0
one-per-sha	2026-09-20T20:02:42Z	95ddc53	50-house-gates	0
one-per-sha	2026-09-20T20:02:44Z	95ddc53	60-staged-deletion-lane	0
one-per-sha	2026-09-20T20:02:45Z	95ddc53	70-tests-registry-sync	0
one-per-sha	2026-09-20T20:03:20Z	95ddc53	80-lane-instrument-selftests	0
one-per-sha	2026-09-20T20:03:20Z	95ddc53	85-promotion-contract	0
one-per-sha	2026-09-20T20:03:20Z	95ddc53	90-sidecar-verifier-wrapper	0
one-per-sha	2026-09-20T20:03:21Z	95ddc53	95-numerals-ratchet	0
one-per-sha	2026-09-20T20:03:21Z	95ddc53	96-verdict-status-agreement	0
one-per-sha	2026-09-20T20:03:21Z	95ddc53	97-readme-counts	0
one-per-sha	2026-09-19T08:21:46Z	96a996c	10-fixture-integrity	0
one-per-sha	2026-09-19T08:21:46Z	96a996c	20-receipt-freshness	0
one-per-sha	2026-09-19T08:21:46Z	96a996c	30-no-secrets	0
one-per-sha	2026-09-19T08:21:47Z	96a996c	40-omp-compact-replay	0
one-per-sha	2026-09-19T08:21:48Z	96a996c	50-house-gates	0
one-per-sha	2026-09-19T08:21:50Z	96a996c	60-staged-deletion-lane	0
one-per-sha	2026-09-19T08:21:51Z	96a996c	70-tests-registry-sync	0
one-per-sha	2026-09-19T08:22:07Z	96a996c	80-lane-instrument-selftests	0
one-per-sha	2026-09-19T08:22:07Z	96a996c	90-sidecar-verifier-wrapper	0
one-per-sha	2026-09-19T08:22:07Z	96a996c	95-numerals-ratchet	0
one-per-sha	2026-09-19T08:22:07Z	96a996c	96-verdict-status-agreement	0
one-per-sha	2026-09-19T08:22:07Z	96a996c	97-readme-counts	0
one-per-sha	2026-09-20T10:41:10Z	982f65a	10-fixture-integrity	0
one-per-sha	2026-09-20T10:41:10Z	982f65a	20-receipt-freshness	0
one-per-sha	2026-09-20T10:41:11Z	982f65a	30-no-secrets	0
one-per-sha	2026-09-20T10:41:12Z	982f65a	40-omp-compact-replay	0
one-per-sha	2026-09-20T10:41:12Z	982f65a	50-house-gates	0
one-per-sha	2026-09-20T10:41:16Z	982f65a	60-staged-deletion-lane	0
one-per-sha	2026-09-20T10:41:16Z	982f65a	70-tests-registry-sync	0
one-per-sha	2026-09-20T10:41:33Z	982f65a	80-lane-instrument-selftests	0
one-per-sha	2026-09-20T10:41:33Z	982f65a	85-promotion-contract	0
one-per-sha	2026-09-20T10:41:33Z	982f65a	90-sidecar-verifier-wrapper	0
one-per-sha	2026-09-20T10:41:33Z	982f65a	95-numerals-ratchet	0
one-per-sha	2026-09-20T10:41:33Z	982f65a	96-verdict-status-agreement	0
one-per-sha	2026-09-20T10:41:33Z	982f65a	97-readme-counts	0
one-per-sha	2026-09-20T14:42:19Z	9af3a05	10-fixture-integrity	0
one-per-sha	2026-09-20T14:42:19Z	9af3a05	20-receipt-freshness	0
one-per-sha	2026-09-20T14:42:19Z	9af3a05	30-no-secrets	0
one-per-sha	2026-09-20T14:42:20Z	9af3a05	40-omp-compact-replay	0
one-per-sha	2026-09-20T14:42:20Z	9af3a05	50-house-gates	0
one-per-sha	2026-09-20T14:42:24Z	9af3a05	60-staged-deletion-lane	0
one-per-sha	2026-09-20T14:42:24Z	9af3a05	70-tests-registry-sync	0
one-per-sha	2026-09-20T14:42:40Z	9af3a05	80-lane-instrument-selftests	0
one-per-sha	2026-09-20T14:42:41Z	9af3a05	85-promotion-contract	0
one-per-sha	2026-09-20T14:42:41Z	9af3a05	90-sidecar-verifier-wrapper	0
one-per-sha	2026-09-20T14:42:41Z	9af3a05	95-numerals-ratchet	0
one-per-sha	2026-09-20T14:42:41Z	9af3a05	96-verdict-status-agreement	0
one-per-sha	2026-09-20T14:42:41Z	9af3a05	97-readme-counts	0
one-per-sha	2026-09-20T06:10:16Z	9b769db	10-fixture-integrity	0
one-per-sha	2026-09-20T06:10:16Z	9b769db	20-receipt-freshness	0
one-per-sha	2026-09-20T06:10:16Z	9b769db	30-no-secrets	0
one-per-sha	2026-09-20T06:10:17Z	9b769db	40-omp-compact-replay	0
one-per-sha	2026-09-20T06:10:18Z	9b769db	50-house-gates	0
one-per-sha	2026-09-20T06:10:22Z	9b769db	60-staged-deletion-lane	0
one-per-sha	2026-09-20T06:10:22Z	9b769db	70-tests-registry-sync	0
one-per-sha	2026-09-20T06:10:38Z	9b769db	80-lane-instrument-selftests	0
one-per-sha	2026-09-20T06:10:38Z	9b769db	90-sidecar-verifier-wrapper	0
one-per-sha	2026-09-20T06:10:38Z	9b769db	95-numerals-ratchet	0
one-per-sha	2026-09-20T06:10:38Z	9b769db	96-verdict-status-agreement	0
one-per-sha	2026-09-20T06:10:38Z	9b769db	97-readme-counts	0
one-per-sha	2026-09-24T08:55:40Z	9da0e2b	10-fixture-integrity	0
one-per-sha	2026-09-24T08:55:41Z	9da0e2b	15-kit-claim	0
one-per-sha	2026-09-24T08:55:41Z	9da0e2b	16-kit-readiness	0
one-per-sha	2026-09-24T08:55:42Z	9da0e2b	17-kit-demotion	0
one-per-sha	2026-09-24T08:55:42Z	9da0e2b	20-receipt-freshness	0
one-per-sha	2026-09-24T08:55:42Z	9da0e2b	30-no-secrets	0
one-per-sha	2026-09-24T08:55:43Z	9da0e2b	40-omp-compact-replay	0
one-per-sha	2026-09-24T08:55:43Z	9da0e2b	44-native-surface	0
one-per-sha	2026-09-24T08:55:43Z	9da0e2b	50-house-gates	0
one-per-sha	2026-09-24T08:55:46Z	9da0e2b	60-staged-deletion-lane	0
one-per-sha	2026-09-24T08:55:46Z	9da0e2b	70-tests-registry-sync	0
one-per-sha	2026-09-24T08:56:51Z	9da0e2b	80-lane-instrument-selftests	0
one-per-sha	2026-09-24T08:56:51Z	9da0e2b	85-promotion-contract	0
one-per-sha	2026-09-24T08:56:51Z	9da0e2b	90-sidecar-verifier-wrapper	0
one-per-sha	2026-09-24T08:56:52Z	9da0e2b	95-numerals-ratchet	0
one-per-sha	2026-09-24T08:56:52Z	9da0e2b	96-verdict-status-agreement	0
one-per-sha	2026-09-24T08:56:52Z	9da0e2b	97-readme-counts	0
one-per-sha	2026-09-20T16:30:24Z	9db0856	10-fixture-integrity	0
one-per-sha	2026-09-20T16:30:24Z	9db0856	20-receipt-freshness	0
one-per-sha	2026-09-20T16:30:25Z	9db0856	30-no-secrets	0
one-per-sha	2026-09-20T16:30:26Z	9db0856	40-omp-compact-replay	0
one-per-sha	2026-09-20T16:30:26Z	9db0856	50-house-gates	0
one-per-sha	2026-09-20T16:30:29Z	9db0856	60-staged-deletion-lane	0
one-per-sha	2026-09-20T16:30:29Z	9db0856	70-tests-registry-sync	0
one-per-sha	2026-09-20T16:30:50Z	9db0856	80-lane-instrument-selftests	0
one-per-sha	2026-09-20T16:30:50Z	9db0856	85-promotion-contract	0
one-per-sha	2026-09-20T16:30:50Z	9db0856	90-sidecar-verifier-wrapper	0
one-per-sha	2026-09-20T16:30:50Z	9db0856	95-numerals-ratchet	0
one-per-sha	2026-09-20T16:30:50Z	9db0856	96-verdict-status-agreement	0
one-per-sha	2026-09-20T16:30:50Z	9db0856	97-readme-counts	0
one-per-sha	2026-09-19T21:48:27Z	a0fe97d	10-fixture-integrity	0
one-per-sha	2026-09-19T21:48:27Z	a0fe97d	20-receipt-freshness	0
one-per-sha	2026-09-19T21:48:28Z	a0fe97d	30-no-secrets	0
one-per-sha	2026-09-19T21:48:29Z	a0fe97d	40-omp-compact-replay	0
one-per-sha	2026-09-19T21:48:29Z	a0fe97d	50-house-gates	0
one-per-sha	2026-09-19T21:48:32Z	a0fe97d	60-staged-deletion-lane	0
one-per-sha	2026-09-19T21:48:32Z	a0fe97d	70-tests-registry-sync	0
one-per-sha	2026-09-19T21:48:48Z	a0fe97d	80-lane-instrument-selftests	0
one-per-sha	2026-09-19T21:48:48Z	a0fe97d	90-sidecar-verifier-wrapper	0
one-per-sha	2026-09-19T21:48:48Z	a0fe97d	95-numerals-ratchet	0
one-per-sha	2026-09-19T21:48:48Z	a0fe97d	96-verdict-status-agreement	0
one-per-sha	2026-09-19T21:48:48Z	a0fe97d	97-readme-counts	0
one-per-sha	2026-09-20T14:24:19Z	a193838	10-fixture-integrity	0
one-per-sha	2026-09-20T14:24:19Z	a193838	20-receipt-freshness	0
one-per-sha	2026-09-20T14:24:19Z	a193838	30-no-secrets	0
one-per-sha	2026-09-20T14:24:20Z	a193838	40-omp-compact-replay	0
one-per-sha	2026-09-20T14:24:21Z	a193838	50-house-gates	0
one-per-sha	2026-09-20T14:24:23Z	a193838	60-staged-deletion-lane	0
one-per-sha	2026-09-20T14:24:24Z	a193838	70-tests-registry-sync	0
one-per-sha	2026-09-20T14:24:42Z	a193838	80-lane-instrument-selftests	0
one-per-sha	2026-09-20T14:24:42Z	a193838	85-promotion-contract	0
one-per-sha	2026-09-20T14:24:42Z	a193838	90-sidecar-verifier-wrapper	0
one-per-sha	2026-09-20T14:24:43Z	a193838	95-numerals-ratchet	0
one-per-sha	2026-09-20T14:24:43Z	a193838	96-verdict-status-agreement	0
one-per-sha	2026-09-20T14:24:43Z	a193838	97-readme-counts	0
one-per-sha	2026-09-19T21:15:24Z	a2e2035	10-fixture-integrity	0
one-per-sha	2026-09-19T21:15:24Z	a2e2035	20-receipt-freshness	0
one-per-sha	2026-09-19T21:15:24Z	a2e2035	30-no-secrets	0
one-per-sha	2026-09-19T21:15:25Z	a2e2035	40-omp-compact-replay	0
one-per-sha	2026-09-19T21:15:25Z	a2e2035	50-house-gates	0
one-per-sha	2026-09-19T21:15:28Z	a2e2035	60-staged-deletion-lane	0
one-per-sha	2026-09-19T21:15:29Z	a2e2035	70-tests-registry-sync	0
one-per-sha	2026-09-19T21:15:44Z	a2e2035	80-lane-instrument-selftests	0
one-per-sha	2026-09-19T21:15:44Z	a2e2035	90-sidecar-verifier-wrapper	0
one-per-sha	2026-09-19T21:15:44Z	a2e2035	95-numerals-ratchet	0
one-per-sha	2026-09-19T21:15:44Z	a2e2035	96-verdict-status-agreement	0
one-per-sha	2026-09-19T21:15:44Z	a2e2035	97-readme-counts	0
one-per-sha	2026-09-20T12:01:13Z	a75c7a5	10-fixture-integrity	0
one-per-sha	2026-09-20T12:01:13Z	a75c7a5	20-receipt-freshness	0
one-per-sha	2026-09-20T12:01:13Z	a75c7a5	30-no-secrets	0
one-per-sha	2026-09-20T12:01:14Z	a75c7a5	40-omp-compact-replay	0
one-per-sha	2026-09-20T12:01:14Z	a75c7a5	50-house-gates	0
one-per-sha	2026-09-20T12:01:17Z	a75c7a5	60-staged-deletion-lane	0
one-per-sha	2026-09-20T12:01:17Z	a75c7a5	70-tests-registry-sync	0
one-per-sha	2026-09-20T12:01:35Z	a75c7a5	80-lane-instrument-selftests	0
one-per-sha	2026-09-20T12:01:35Z	a75c7a5	85-promotion-contract	0
one-per-sha	2026-09-20T12:01:35Z	a75c7a5	90-sidecar-verifier-wrapper	0
one-per-sha	2026-09-20T12:01:35Z	a75c7a5	95-numerals-ratchet	0
one-per-sha	2026-09-20T12:01:35Z	a75c7a5	96-verdict-status-agreement	0
one-per-sha	2026-09-20T12:01:35Z	a75c7a5	97-readme-counts	0
one-per-sha	2026-09-20T14:31:32Z	a785ed0	10-fixture-integrity	0
one-per-sha	2026-09-20T14:31:32Z	a785ed0	20-receipt-freshness	0
one-per-sha	2026-09-20T14:31:33Z	a785ed0	30-no-secrets	0
one-per-sha	2026-09-20T14:31:33Z	a785ed0	40-omp-compact-replay	0
one-per-sha	2026-09-20T14:31:34Z	a785ed0	50-house-gates	0
one-per-sha	2026-09-20T14:31:37Z	a785ed0	60-staged-deletion-lane	0
one-per-sha	2026-09-20T14:31:37Z	a785ed0	70-tests-registry-sync	0
one-per-sha	2026-09-20T14:31:56Z	a785ed0	80-lane-instrument-selftests	0
one-per-sha	2026-09-20T14:31:56Z	a785ed0	85-promotion-contract	0
one-per-sha	2026-09-20T14:31:56Z	a785ed0	90-sidecar-verifier-wrapper	0
one-per-sha	2026-09-20T14:31:56Z	a785ed0	95-numerals-ratchet	0
one-per-sha	2026-09-20T14:31:56Z	a785ed0	96-verdict-status-agreement	0
one-per-sha	2026-09-20T14:31:56Z	a785ed0	97-readme-counts	0
one-per-sha	2026-09-19T08:41:32Z	a7d6053	10-fixture-integrity	0
one-per-sha	2026-09-19T08:41:32Z	a7d6053	20-receipt-freshness	0
one-per-sha	2026-09-19T08:41:32Z	a7d6053	30-no-secrets	0
one-per-sha	2026-09-19T08:41:33Z	a7d6053	40-omp-compact-replay	0
one-per-sha	2026-09-19T08:41:34Z	a7d6053	50-house-gates	0
one-per-sha	2026-09-19T08:41:37Z	a7d6053	60-staged-deletion-lane	0
one-per-sha	2026-09-19T08:41:37Z	a7d6053	70-tests-registry-sync	0
one-per-sha	2026-09-19T08:41:53Z	a7d6053	80-lane-instrument-selftests	0
one-per-sha	2026-09-19T08:41:53Z	a7d6053	90-sidecar-verifier-wrapper	0
one-per-sha	2026-09-19T08:41:54Z	a7d6053	95-numerals-ratchet	0
one-per-sha	2026-09-19T08:41:54Z	a7d6053	96-verdict-status-agreement	0
one-per-sha	2026-09-19T08:41:54Z	a7d6053	97-readme-counts	0
one-per-sha	2026-09-20T16:53:47Z	a89e38a	10-fixture-integrity	0
one-per-sha	2026-09-20T16:53:47Z	a89e38a	20-receipt-freshness	0
one-per-sha	2026-09-20T16:53:47Z	a89e38a	30-no-secrets	0
one-per-sha	2026-09-20T16:53:48Z	a89e38a	40-omp-compact-replay	0
one-per-sha	2026-09-20T16:53:49Z	a89e38a	50-house-gates	0
one-per-sha	2026-09-20T16:53:51Z	a89e38a	60-staged-deletion-lane	0
one-per-sha	2026-09-20T16:53:51Z	a89e38a	70-tests-registry-sync	0
one-per-sha	2026-09-20T16:54:13Z	a89e38a	80-lane-instrument-selftests	0
one-per-sha	2026-09-20T16:54:13Z	a89e38a	85-promotion-contract	0
one-per-sha	2026-09-20T16:54:13Z	a89e38a	90-sidecar-verifier-wrapper	0
one-per-sha	2026-09-20T16:54:13Z	a89e38a	95-numerals-ratchet	0
one-per-sha	2026-09-20T16:54:13Z	a89e38a	96-verdict-status-agreement	0
one-per-sha	2026-09-20T16:54:13Z	a89e38a	97-readme-counts	0
one-per-sha	2026-09-20T06:24:41Z	aa00d99	10-fixture-integrity	0
one-per-sha	2026-09-20T06:24:41Z	aa00d99	20-receipt-freshness	0
one-per-sha	2026-09-20T06:24:41Z	aa00d99	30-no-secrets	0
one-per-sha	2026-09-20T06:24:42Z	aa00d99	40-omp-compact-replay	0
one-per-sha	2026-09-20T06:24:42Z	aa00d99	50-house-gates	0
one-per-sha	2026-09-20T06:24:45Z	aa00d99	60-staged-deletion-lane	0
one-per-sha	2026-09-20T06:24:45Z	aa00d99	70-tests-registry-sync	0
one-per-sha	2026-09-20T06:25:02Z	aa00d99	80-lane-instrument-selftests	0
one-per-sha	2026-09-20T06:25:02Z	aa00d99	90-sidecar-verifier-wrapper	0
one-per-sha	2026-09-20T06:25:02Z	aa00d99	95-numerals-ratchet	0
one-per-sha	2026-09-20T06:25:02Z	aa00d99	96-verdict-status-agreement	0
one-per-sha	2026-09-20T06:25:02Z	aa00d99	97-readme-counts	0
one-per-sha	2026-09-20T19:17:20Z	aa41b61	10-fixture-integrity	0
one-per-sha	2026-09-20T19:17:20Z	aa41b61	20-receipt-freshness	0
one-per-sha	2026-09-20T19:17:20Z	aa41b61	30-no-secrets	0
one-per-sha	2026-09-20T19:17:21Z	aa41b61	40-omp-compact-replay	0
one-per-sha	2026-09-20T19:17:21Z	aa41b61	50-house-gates	0
one-per-sha	2026-09-20T19:17:24Z	aa41b61	60-staged-deletion-lane	0
one-per-sha	2026-09-20T19:17:24Z	aa41b61	70-tests-registry-sync	0
one-per-sha	2026-09-20T19:17:49Z	aa41b61	80-lane-instrument-selftests	0
one-per-sha	2026-09-20T19:17:50Z	aa41b61	85-promotion-contract	0
one-per-sha	2026-09-20T19:17:50Z	aa41b61	90-sidecar-verifier-wrapper	0
one-per-sha	2026-09-20T19:17:50Z	aa41b61	95-numerals-ratchet	0
one-per-sha	2026-09-20T19:17:50Z	aa41b61	96-verdict-status-agreement	0
one-per-sha	2026-09-20T19:17:50Z	aa41b61	97-readme-counts	0
one-per-sha	2026-09-19T03:47:58Z	aac5d5a	10-fixture-integrity	0
one-per-sha	2026-09-19T03:47:58Z	aac5d5a	20-receipt-freshness	0
one-per-sha	2026-09-19T03:47:58Z	aac5d5a	30-no-secrets	0
one-per-sha	2026-09-19T03:47:59Z	aac5d5a	40-omp-compact-replay	0
one-per-sha	2026-09-19T03:48:00Z	aac5d5a	50-house-gates	0
one-per-sha	2026-09-19T03:48:03Z	aac5d5a	60-staged-deletion-lane	0
one-per-sha	2026-09-19T03:48:03Z	aac5d5a	70-tests-registry-sync	0
one-per-sha	2026-09-19T03:48:18Z	aac5d5a	80-lane-instrument-selftests	0
one-per-sha	2026-09-19T03:48:18Z	aac5d5a	90-sidecar-verifier-wrapper	0
one-per-sha	2026-09-19T03:48:18Z	aac5d5a	95-numerals-ratchet	0
one-per-sha	2026-09-19T03:48:18Z	aac5d5a	96-verdict-status-agreement	0
one-per-sha	2026-09-19T03:48:18Z	aac5d5a	97-readme-counts	0
one-per-sha	2026-09-20T18:01:08Z	ab8c6cd	10-fixture-integrity	0
one-per-sha	2026-09-20T18:01:08Z	ab8c6cd	20-receipt-freshness	0
one-per-sha	2026-09-20T18:01:08Z	ab8c6cd	30-no-secrets	0
one-per-sha	2026-09-20T18:01:09Z	ab8c6cd	40-omp-compact-replay	0
one-per-sha	2026-09-20T18:01:10Z	ab8c6cd	50-house-gates	0
one-per-sha	2026-09-20T18:01:13Z	ab8c6cd	60-staged-deletion-lane	0
one-per-sha	2026-09-20T18:01:13Z	ab8c6cd	70-tests-registry-sync	0
one-per-sha	2026-09-20T18:01:36Z	ab8c6cd	80-lane-instrument-selftests	0
one-per-sha	2026-09-20T18:01:37Z	ab8c6cd	85-promotion-contract	0
one-per-sha	2026-09-20T18:01:37Z	ab8c6cd	90-sidecar-verifier-wrapper	0
one-per-sha	2026-09-20T18:01:37Z	ab8c6cd	95-numerals-ratchet	0
one-per-sha	2026-09-20T18:01:37Z	ab8c6cd	96-verdict-status-agreement	0
one-per-sha	2026-09-20T18:01:37Z	ab8c6cd	97-readme-counts	0
one-per-sha	2026-09-20T10:17:20Z	abc23aa	10-fixture-integrity	0
one-per-sha	2026-09-20T10:17:20Z	abc23aa	20-receipt-freshness	0
one-per-sha	2026-09-20T10:17:20Z	abc23aa	30-no-secrets	0
one-per-sha	2026-09-20T10:17:21Z	abc23aa	40-omp-compact-replay	0
one-per-sha	2026-09-20T10:17:22Z	abc23aa	50-house-gates	0
one-per-sha	2026-09-20T10:17:25Z	abc23aa	60-staged-deletion-lane	0
one-per-sha	2026-09-20T10:17:25Z	abc23aa	70-tests-registry-sync	0
one-per-sha	2026-09-20T10:17:42Z	abc23aa	80-lane-instrument-selftests	0
one-per-sha	2026-09-20T10:17:43Z	abc23aa	85-promotion-contract	0
one-per-sha	2026-09-20T10:17:43Z	abc23aa	90-sidecar-verifier-wrapper	0
one-per-sha	2026-09-20T10:17:43Z	abc23aa	95-numerals-ratchet	0
one-per-sha	2026-09-20T10:17:43Z	abc23aa	96-verdict-status-agreement	0
one-per-sha	2026-09-20T10:17:43Z	abc23aa	97-readme-counts	0
one-per-sha	2026-09-19T16:32:28Z	ac22266	10-fixture-integrity	0
one-per-sha	2026-09-19T16:32:28Z	ac22266	20-receipt-freshness	0
one-per-sha	2026-09-19T16:32:28Z	ac22266	30-no-secrets	0
one-per-sha	2026-09-19T16:32:29Z	ac22266	40-omp-compact-replay	0
one-per-sha	2026-09-19T16:32:30Z	ac22266	50-house-gates	0
one-per-sha	2026-09-19T16:32:33Z	ac22266	60-staged-deletion-lane	0
one-per-sha	2026-09-19T16:32:33Z	ac22266	70-tests-registry-sync	0
one-per-sha	2026-09-19T16:32:49Z	ac22266	80-lane-instrument-selftests	0
one-per-sha	2026-09-19T16:32:49Z	ac22266	90-sidecar-verifier-wrapper	0
one-per-sha	2026-09-19T16:32:50Z	ac22266	95-numerals-ratchet	0
one-per-sha	2026-09-19T16:32:50Z	ac22266	96-verdict-status-agreement	0
one-per-sha	2026-09-19T16:32:50Z	ac22266	97-readme-counts	0
one-per-sha	2026-09-20T05:49:50Z	ad1f8b9	10-fixture-integrity	0
one-per-sha	2026-09-20T05:49:50Z	ad1f8b9	20-receipt-freshness	0
one-per-sha	2026-09-20T05:49:50Z	ad1f8b9	30-no-secrets	0
one-per-sha	2026-09-20T05:49:51Z	ad1f8b9	40-omp-compact-replay	0
one-per-sha	2026-09-20T05:49:52Z	ad1f8b9	50-house-gates	0
one-per-sha	2026-09-20T05:49:55Z	ad1f8b9	60-staged-deletion-lane	0
one-per-sha	2026-09-20T05:49:55Z	ad1f8b9	70-tests-registry-sync	0
one-per-sha	2026-09-20T05:50:11Z	ad1f8b9	80-lane-instrument-selftests	0
one-per-sha	2026-09-20T05:50:11Z	ad1f8b9	90-sidecar-verifier-wrapper	0
one-per-sha	2026-09-20T05:50:12Z	ad1f8b9	95-numerals-ratchet	0
one-per-sha	2026-09-20T05:50:12Z	ad1f8b9	96-verdict-status-agreement	0
one-per-sha	2026-09-20T05:50:12Z	ad1f8b9	97-readme-counts	0
one-per-sha	2026-09-19T23:59:06Z	ad765b0	10-fixture-integrity	0
one-per-sha	2026-09-19T23:59:06Z	ad765b0	20-receipt-freshness	0
one-per-sha	2026-09-19T23:59:06Z	ad765b0	30-no-secrets	0
one-per-sha	2026-09-19T23:59:08Z	ad765b0	40-omp-compact-replay	0
one-per-sha	2026-09-19T23:59:09Z	ad765b0	50-house-gates	0
one-per-sha	2026-09-19T23:59:12Z	ad765b0	60-staged-deletion-lane	0
one-per-sha	2026-09-19T23:59:12Z	ad765b0	70-tests-registry-sync	0
one-per-sha	2026-09-19T23:59:29Z	ad765b0	80-lane-instrument-selftests	0
one-per-sha	2026-09-19T23:59:29Z	ad765b0	90-sidecar-verifier-wrapper	0
one-per-sha	2026-09-19T23:59:29Z	ad765b0	95-numerals-ratchet	0
one-per-sha	2026-09-19T23:59:30Z	ad765b0	96-verdict-status-agreement	0
one-per-sha	2026-09-19T23:59:30Z	ad765b0	97-readme-counts	0
one-per-sha	2026-09-19T20:49:47Z	ad9da04	10-fixture-integrity	0
one-per-sha	2026-09-19T20:49:47Z	ad9da04	20-receipt-freshness	0
one-per-sha	2026-09-19T20:49:47Z	ad9da04	30-no-secrets	0
one-per-sha	2026-09-19T20:49:48Z	ad9da04	40-omp-compact-replay	0
one-per-sha	2026-09-19T20:49:49Z	ad9da04	50-house-gates	0
one-per-sha	2026-09-19T20:49:52Z	ad9da04	60-staged-deletion-lane	0
one-per-sha	2026-09-19T20:49:52Z	ad9da04	70-tests-registry-sync	0
one-per-sha	2026-09-19T20:50:10Z	ad9da04	80-lane-instrument-selftests	0
one-per-sha	2026-09-19T20:50:10Z	ad9da04	90-sidecar-verifier-wrapper	0
one-per-sha	2026-09-19T20:50:10Z	ad9da04	95-numerals-ratchet	0
one-per-sha	2026-09-19T20:50:10Z	ad9da04	96-verdict-status-agreement	0
one-per-sha	2026-09-19T20:50:10Z	ad9da04	97-readme-counts	0
one-per-sha	2026-09-20T18:21:02Z	aee107d	10-fixture-integrity	0
one-per-sha	2026-09-20T18:21:02Z	aee107d	20-receipt-freshness	0
one-per-sha	2026-09-20T18:21:02Z	aee107d	30-no-secrets	0
one-per-sha	2026-09-20T18:21:03Z	aee107d	40-omp-compact-replay	0
one-per-sha	2026-09-20T18:21:04Z	aee107d	50-house-gates	0
one-per-sha	2026-09-20T18:21:07Z	aee107d	60-staged-deletion-lane	0
one-per-sha	2026-09-20T18:21:07Z	aee107d	70-tests-registry-sync	0
one-per-sha	2026-09-20T18:21:30Z	aee107d	80-lane-instrument-selftests	0
one-per-sha	2026-09-20T18:21:30Z	aee107d	85-promotion-contract	0
one-per-sha	2026-09-20T18:21:30Z	aee107d	90-sidecar-verifier-wrapper	0
one-per-sha	2026-09-20T18:21:30Z	aee107d	95-numerals-ratchet	0
one-per-sha	2026-09-20T18:21:30Z	aee107d	96-verdict-status-agreement	0
one-per-sha	2026-09-20T18:21:30Z	aee107d	97-readme-counts	0
one-per-sha	2026-09-20T18:55:53Z	af6d50e	10-fixture-integrity	0
one-per-sha	2026-09-20T18:55:53Z	af6d50e	20-receipt-freshness	0
one-per-sha	2026-09-20T18:55:53Z	af6d50e	30-no-secrets	0
one-per-sha	2026-09-20T18:55:55Z	af6d50e	40-omp-compact-replay	0
one-per-sha	2026-09-20T18:55:55Z	af6d50e	50-house-gates	0
one-per-sha	2026-09-20T18:55:58Z	af6d50e	60-staged-deletion-lane	0
one-per-sha	2026-09-20T18:55:59Z	af6d50e	70-tests-registry-sync	0
one-per-sha	2026-09-20T18:56:23Z	af6d50e	80-lane-instrument-selftests	0
one-per-sha	2026-09-20T18:56:23Z	af6d50e	85-promotion-contract	0
one-per-sha	2026-09-20T18:56:23Z	af6d50e	90-sidecar-verifier-wrapper	0
one-per-sha	2026-09-20T18:56:24Z	af6d50e	95-numerals-ratchet	0
one-per-sha	2026-09-20T18:56:24Z	af6d50e	96-verdict-status-agreement	0
one-per-sha	2026-09-20T18:56:24Z	af6d50e	97-readme-counts	0
one-per-sha	2026-09-20T16:19:16Z	b104a87	10-fixture-integrity	0
one-per-sha	2026-09-20T16:19:16Z	b104a87	20-receipt-freshness	0
one-per-sha	2026-09-20T16:19:16Z	b104a87	30-no-secrets	0
one-per-sha	2026-09-20T16:19:17Z	b104a87	40-omp-compact-replay	0
one-per-sha	2026-09-20T16:19:18Z	b104a87	50-house-gates	0
one-per-sha	2026-09-20T16:19:21Z	b104a87	60-staged-deletion-lane	0
one-per-sha	2026-09-20T16:19:21Z	b104a87	70-tests-registry-sync	0
one-per-sha	2026-09-20T16:19:43Z	b104a87	80-lane-instrument-selftests	0
one-per-sha	2026-09-20T16:19:43Z	b104a87	85-promotion-contract	0
one-per-sha	2026-09-20T16:19:43Z	b104a87	90-sidecar-verifier-wrapper	0
one-per-sha	2026-09-20T16:19:44Z	b104a87	95-numerals-ratchet	0
one-per-sha	2026-09-20T16:19:44Z	b104a87	96-verdict-status-agreement	0
one-per-sha	2026-09-20T16:19:44Z	b104a87	97-readme-counts	0
one-per-sha	2026-09-20T16:39:06Z	b1cd105	10-fixture-integrity	0
one-per-sha	2026-09-20T16:39:06Z	b1cd105	20-receipt-freshness	0
one-per-sha	2026-09-20T16:39:06Z	b1cd105	30-no-secrets	0
one-per-sha	2026-09-20T16:39:07Z	b1cd105	40-omp-compact-replay	0
one-per-sha	2026-09-20T16:39:08Z	b1cd105	50-house-gates	0
one-per-sha	2026-09-20T16:39:11Z	b1cd105	60-staged-deletion-lane	0
one-per-sha	2026-09-20T16:39:11Z	b1cd105	70-tests-registry-sync	0
one-per-sha	2026-09-20T16:39:32Z	b1cd105	80-lane-instrument-selftests	0
one-per-sha	2026-09-20T16:39:33Z	b1cd105	85-promotion-contract	0
one-per-sha	2026-09-20T16:39:33Z	b1cd105	90-sidecar-verifier-wrapper	0
one-per-sha	2026-09-20T16:39:33Z	b1cd105	95-numerals-ratchet	0
one-per-sha	2026-09-20T16:39:33Z	b1cd105	96-verdict-status-agreement	0
one-per-sha	2026-09-20T16:39:33Z	b1cd105	97-readme-counts	0
one-per-sha	2026-09-19T07:20:37Z	b234b2d	10-fixture-integrity	0
one-per-sha	2026-09-19T07:20:37Z	b234b2d	20-receipt-freshness	0
one-per-sha	2026-09-19T07:20:37Z	b234b2d	30-no-secrets	0
one-per-sha	2026-09-19T07:20:38Z	b234b2d	40-omp-compact-replay	0
one-per-sha	2026-09-19T07:20:39Z	b234b2d	50-house-gates	0
one-per-sha	2026-09-19T07:20:41Z	b234b2d	60-staged-deletion-lane	0
one-per-sha	2026-09-19T07:20:42Z	b234b2d	70-tests-registry-sync	0
one-per-sha	2026-09-19T07:20:57Z	b234b2d	80-lane-instrument-selftests	0
one-per-sha	2026-09-19T07:20:57Z	b234b2d	90-sidecar-verifier-wrapper	0
one-per-sha	2026-09-19T07:20:58Z	b234b2d	95-numerals-ratchet	0
one-per-sha	2026-09-19T07:20:58Z	b234b2d	96-verdict-status-agreement	0
one-per-sha	2026-09-19T07:20:58Z	b234b2d	97-readme-counts	0
one-per-sha	2026-09-20T17:03:41Z	b28db65	10-fixture-integrity	0
one-per-sha	2026-09-20T17:03:41Z	b28db65	20-receipt-freshness	0
one-per-sha	2026-09-20T17:03:41Z	b28db65	30-no-secrets	0
one-per-sha	2026-09-20T17:03:42Z	b28db65	40-omp-compact-replay	0
one-per-sha	2026-09-20T17:03:42Z	b28db65	50-house-gates	0
one-per-sha	2026-09-20T17:03:46Z	b28db65	60-staged-deletion-lane	0
one-per-sha	2026-09-20T17:03:46Z	b28db65	70-tests-registry-sync	0
one-per-sha	2026-09-20T17:04:10Z	b28db65	80-lane-instrument-selftests	0
one-per-sha	2026-09-20T17:04:10Z	b28db65	85-promotion-contract	0
one-per-sha	2026-09-20T17:04:11Z	b28db65	90-sidecar-verifier-wrapper	0
one-per-sha	2026-09-20T17:04:11Z	b28db65	95-numerals-ratchet	0
one-per-sha	2026-09-20T17:04:11Z	b28db65	96-verdict-status-agreement	0
one-per-sha	2026-09-20T17:04:11Z	b28db65	97-readme-counts	0
one-per-sha	2026-09-20T07:16:40Z	b2d8b1f	10-fixture-integrity	0
one-per-sha	2026-09-20T07:16:40Z	b2d8b1f	20-receipt-freshness	0
one-per-sha	2026-09-20T07:16:40Z	b2d8b1f	30-no-secrets	0
one-per-sha	2026-09-20T07:16:41Z	b2d8b1f	40-omp-compact-replay	0
one-per-sha	2026-09-20T07:16:42Z	b2d8b1f	50-house-gates	0
one-per-sha	2026-09-20T07:16:45Z	b2d8b1f	60-staged-deletion-lane	0
one-per-sha	2026-09-20T07:16:45Z	b2d8b1f	70-tests-registry-sync	0
one-per-sha	2026-09-20T07:17:02Z	b2d8b1f	80-lane-instrument-selftests	0
one-per-sha	2026-09-20T07:17:03Z	b2d8b1f	85-promotion-contract	0
one-per-sha	2026-09-20T07:17:03Z	b2d8b1f	90-sidecar-verifier-wrapper	0
one-per-sha	2026-09-20T07:17:03Z	b2d8b1f	95-numerals-ratchet	0
one-per-sha	2026-09-20T07:17:03Z	b2d8b1f	96-verdict-status-agreement	0
one-per-sha	2026-09-20T07:17:03Z	b2d8b1f	97-readme-counts	0
one-per-sha	2026-09-19T14:20:45Z	b307ba6	10-fixture-integrity	0
one-per-sha	2026-09-19T14:20:45Z	b307ba6	20-receipt-freshness	0
one-per-sha	2026-09-19T14:20:45Z	b307ba6	30-no-secrets	0
one-per-sha	2026-09-19T14:20:46Z	b307ba6	40-omp-compact-replay	0
one-per-sha	2026-09-19T14:20:46Z	b307ba6	50-house-gates	0
one-per-sha	2026-09-19T14:20:49Z	b307ba6	60-staged-deletion-lane	0
one-per-sha	2026-09-19T14:20:49Z	b307ba6	70-tests-registry-sync	0
one-per-sha	2026-09-19T14:21:05Z	b307ba6	80-lane-instrument-selftests	0
one-per-sha	2026-09-19T14:21:05Z	b307ba6	90-sidecar-verifier-wrapper	0
one-per-sha	2026-09-19T14:21:06Z	b307ba6	95-numerals-ratchet	0
one-per-sha	2026-09-19T14:21:06Z	b307ba6	96-verdict-status-agreement	0
one-per-sha	2026-09-19T14:21:06Z	b307ba6	97-readme-counts	0
one-per-sha	2026-09-20T03:07:56Z	b3551a9	10-fixture-integrity	0
one-per-sha	2026-09-20T03:07:56Z	b3551a9	20-receipt-freshness	0
one-per-sha	2026-09-20T03:07:56Z	b3551a9	30-no-secrets	0
one-per-sha	2026-09-20T03:07:57Z	b3551a9	40-omp-compact-replay	0
one-per-sha	2026-09-20T03:07:57Z	b3551a9	50-house-gates	0
one-per-sha	2026-09-20T03:08:01Z	b3551a9	60-staged-deletion-lane	0
one-per-sha	2026-09-20T03:08:01Z	b3551a9	70-tests-registry-sync	0
one-per-sha	2026-09-20T03:08:18Z	b3551a9	80-lane-instrument-selftests	0
one-per-sha	2026-09-20T03:08:18Z	b3551a9	90-sidecar-verifier-wrapper	0
one-per-sha	2026-09-20T03:08:18Z	b3551a9	95-numerals-ratchet	0
one-per-sha	2026-09-20T03:08:18Z	b3551a9	96-verdict-status-agreement	0
one-per-sha	2026-09-20T03:08:18Z	b3551a9	97-readme-counts	0
one-per-sha	2026-09-19T12:40:52Z	b378d37	10-fixture-integrity	0
one-per-sha	2026-09-19T12:40:52Z	b378d37	20-receipt-freshness	0
one-per-sha	2026-09-19T12:40:52Z	b378d37	30-no-secrets	0
one-per-sha	2026-09-19T12:40:53Z	b378d37	40-omp-compact-replay	0
one-per-sha	2026-09-19T12:40:53Z	b378d37	50-house-gates	0
one-per-sha	2026-09-19T12:40:56Z	b378d37	60-staged-deletion-lane	0
one-per-sha	2026-09-19T12:40:56Z	b378d37	70-tests-registry-sync	0
one-per-sha	2026-09-19T12:41:12Z	b378d37	80-lane-instrument-selftests	0
one-per-sha	2026-09-19T12:41:12Z	b378d37	90-sidecar-verifier-wrapper	0
one-per-sha	2026-09-19T12:41:12Z	b378d37	95-numerals-ratchet	0
one-per-sha	2026-09-19T12:41:12Z	b378d37	96-verdict-status-agreement	0
one-per-sha	2026-09-19T12:41:12Z	b378d37	97-readme-counts	0
one-per-sha	2026-09-20T16:35:47Z	b395a35	10-fixture-integrity	0
one-per-sha	2026-09-20T16:35:47Z	b395a35	20-receipt-freshness	0
one-per-sha	2026-09-20T16:35:47Z	b395a35	30-no-secrets	0
one-per-sha	2026-09-20T16:35:48Z	b395a35	40-omp-compact-replay	0
one-per-sha	2026-09-20T16:35:48Z	b395a35	50-house-gates	0
one-per-sha	2026-09-20T16:35:51Z	b395a35	60-staged-deletion-lane	0
one-per-sha	2026-09-20T16:35:52Z	b395a35	70-tests-registry-sync	0
one-per-sha	2026-09-20T16:36:13Z	b395a35	80-lane-instrument-selftests	0
one-per-sha	2026-09-20T16:36:13Z	b395a35	85-promotion-contract	0
one-per-sha	2026-09-20T16:36:13Z	b395a35	90-sidecar-verifier-wrapper	0
one-per-sha	2026-09-20T16:36:14Z	b395a35	95-numerals-ratchet	0
one-per-sha	2026-09-20T16:36:14Z	b395a35	96-verdict-status-agreement	0
one-per-sha	2026-09-20T16:36:14Z	b395a35	97-readme-counts	0
one-per-sha	2026-09-19T02:25:36Z	b4375e7	10-fixture-integrity	0
one-per-sha	2026-09-19T02:25:36Z	b4375e7	20-receipt-freshness	0
one-per-sha	2026-09-19T02:25:36Z	b4375e7	30-no-secrets	0
one-per-sha	2026-09-19T02:25:37Z	b4375e7	40-omp-compact-replay	0
one-per-sha	2026-09-19T02:25:38Z	b4375e7	50-house-gates	0
one-per-sha	2026-09-19T02:25:41Z	b4375e7	60-staged-deletion-lane	0
one-per-sha	2026-09-19T02:25:41Z	b4375e7	70-tests-registry-sync	0
one-per-sha	2026-09-19T02:25:57Z	b4375e7	80-lane-instrument-selftests	0
one-per-sha	2026-09-19T02:25:57Z	b4375e7	90-sidecar-verifier-wrapper	0
one-per-sha	2026-09-19T02:25:58Z	b4375e7	95-numerals-ratchet	0
one-per-sha	2026-09-19T02:25:58Z	b4375e7	96-verdict-status-agreement	0
one-per-sha	2026-09-19T02:25:58Z	b4375e7	97-readme-counts	0
one-per-sha	2026-09-20T06:13:48Z	b52dc0a	10-fixture-integrity	0
one-per-sha	2026-09-20T06:13:48Z	b52dc0a	20-receipt-freshness	0
one-per-sha	2026-09-20T06:13:48Z	b52dc0a	30-no-secrets	0
one-per-sha	2026-09-20T06:13:49Z	b52dc0a	40-omp-compact-replay	0
one-per-sha	2026-09-20T06:13:49Z	b52dc0a	50-house-gates	0
one-per-sha	2026-09-20T06:13:52Z	b52dc0a	60-staged-deletion-lane	0
one-per-sha	2026-09-20T06:13:52Z	b52dc0a	70-tests-registry-sync	0
one-per-sha	2026-09-20T06:14:09Z	b52dc0a	80-lane-instrument-selftests	0
one-per-sha	2026-09-20T06:14:09Z	b52dc0a	90-sidecar-verifier-wrapper	0
one-per-sha	2026-09-20T06:14:09Z	b52dc0a	95-numerals-ratchet	0
one-per-sha	2026-09-20T06:14:09Z	b52dc0a	96-verdict-status-agreement	0
one-per-sha	2026-09-20T06:14:09Z	b52dc0a	97-readme-counts	0
one-per-sha	2026-09-20T17:17:56Z	b84a226	10-fixture-integrity	0
one-per-sha	2026-09-20T17:17:56Z	b84a226	20-receipt-freshness	0
one-per-sha	2026-09-20T17:17:56Z	b84a226	30-no-secrets	0
one-per-sha	2026-09-20T17:17:57Z	b84a226	40-omp-compact-replay	0
one-per-sha	2026-09-20T17:17:58Z	b84a226	50-house-gates	0
one-per-sha	2026-09-20T17:18:01Z	b84a226	60-staged-deletion-lane	0
one-per-sha	2026-09-20T17:18:01Z	b84a226	70-tests-registry-sync	0
one-per-sha	2026-09-20T09:38:17Z	bc241fd	10-fixture-integrity	0
one-per-sha	2026-09-20T09:38:17Z	bc241fd	20-receipt-freshness	0
one-per-sha	2026-09-20T09:38:17Z	bc241fd	30-no-secrets	0
one-per-sha	2026-09-20T09:38:18Z	bc241fd	40-omp-compact-replay	0
one-per-sha	2026-09-20T09:38:18Z	bc241fd	50-house-gates	0
one-per-sha	2026-09-20T09:38:23Z	bc241fd	60-staged-deletion-lane	0
one-per-sha	2026-09-20T09:38:23Z	bc241fd	70-tests-registry-sync	0
one-per-sha	2026-09-20T09:38:39Z	bc241fd	80-lane-instrument-selftests	0
one-per-sha	2026-09-20T09:38:40Z	bc241fd	85-promotion-contract	0
one-per-sha	2026-09-20T09:38:40Z	bc241fd	90-sidecar-verifier-wrapper	0
one-per-sha	2026-09-20T09:38:40Z	bc241fd	95-numerals-ratchet	0
one-per-sha	2026-09-20T09:38:40Z	bc241fd	96-verdict-status-agreement	0
one-per-sha	2026-09-20T09:38:40Z	bc241fd	97-readme-counts	0
one-per-sha	2026-09-23T04:36:04Z	bcdd1cb	10-fixture-integrity	0
one-per-sha	2026-09-23T04:36:04Z	bcdd1cb	15-kit-claim	0
one-per-sha	2026-09-23T04:36:04Z	bcdd1cb	16-kit-readiness	0
one-per-sha	2026-09-23T04:36:05Z	bcdd1cb	17-kit-demotion	0
one-per-sha	2026-09-23T04:36:05Z	bcdd1cb	20-receipt-freshness	0
one-per-sha	2026-09-23T04:36:05Z	bcdd1cb	30-no-secrets	0
one-per-sha	2026-09-23T04:36:06Z	bcdd1cb	40-omp-compact-replay	0
one-per-sha	2026-09-23T04:36:06Z	bcdd1cb	44-native-surface	0
one-per-sha	2026-09-23T04:36:06Z	bcdd1cb	50-house-gates	0
one-per-sha	2026-09-23T04:36:09Z	bcdd1cb	60-staged-deletion-lane	0
one-per-sha	2026-09-23T04:36:09Z	bcdd1cb	70-tests-registry-sync	0
one-per-sha	2026-09-23T04:37:54Z	bcdd1cb	80-lane-instrument-selftests	0
one-per-sha	2026-09-23T04:37:55Z	bcdd1cb	85-promotion-contract	0
one-per-sha	2026-09-23T04:37:55Z	bcdd1cb	90-sidecar-verifier-wrapper	0
one-per-sha	2026-09-23T04:37:55Z	bcdd1cb	95-numerals-ratchet	0
one-per-sha	2026-09-23T04:37:55Z	bcdd1cb	96-verdict-status-agreement	0
one-per-sha	2026-09-23T04:37:55Z	bcdd1cb	97-readme-counts	0
one-per-sha	2026-09-20T05:10:04Z	bd641d1	10-fixture-integrity	0
one-per-sha	2026-09-20T05:10:04Z	bd641d1	20-receipt-freshness	0
one-per-sha	2026-09-20T05:10:04Z	bd641d1	30-no-secrets	0
one-per-sha	2026-09-20T05:10:05Z	bd641d1	40-omp-compact-replay	0
one-per-sha	2026-09-20T05:10:05Z	bd641d1	50-house-gates	0
one-per-sha	2026-09-20T05:10:09Z	bd641d1	60-staged-deletion-lane	0
one-per-sha	2026-09-20T05:10:09Z	bd641d1	70-tests-registry-sync	0
one-per-sha	2026-09-20T05:10:26Z	bd641d1	80-lane-instrument-selftests	0
one-per-sha	2026-09-20T05:10:26Z	bd641d1	85-promotion-contract	0
one-per-sha	2026-09-20T05:10:26Z	bd641d1	90-sidecar-verifier-wrapper	0
one-per-sha	2026-09-20T05:10:26Z	bd641d1	95-numerals-ratchet	0
one-per-sha	2026-09-20T05:10:26Z	bd641d1	96-verdict-status-agreement	0
one-per-sha	2026-09-20T05:10:26Z	bd641d1	97-readme-counts	0
one-per-sha	2026-09-19T09:20:59Z	bdbd11f	10-fixture-integrity	0
one-per-sha	2026-09-19T09:20:59Z	bdbd11f	20-receipt-freshness	0
one-per-sha	2026-09-19T09:20:59Z	bdbd11f	30-no-secrets	0
one-per-sha	2026-09-19T09:21:00Z	bdbd11f	40-omp-compact-replay	0
one-per-sha	2026-09-19T09:21:01Z	bdbd11f	50-house-gates	0
one-per-sha	2026-09-19T09:21:04Z	bdbd11f	60-staged-deletion-lane	0
one-per-sha	2026-09-19T09:21:04Z	bdbd11f	70-tests-registry-sync	0
one-per-sha	2026-09-19T09:21:20Z	bdbd11f	80-lane-instrument-selftests	0
one-per-sha	2026-09-19T09:21:20Z	bdbd11f	90-sidecar-verifier-wrapper	0
one-per-sha	2026-09-19T09:21:20Z	bdbd11f	95-numerals-ratchet	0
one-per-sha	2026-09-19T09:21:20Z	bdbd11f	96-verdict-status-agreement	0
one-per-sha	2026-09-19T09:21:20Z	bdbd11f	97-readme-counts	0
one-per-sha	2026-09-20T14:08:51Z	bdc7d36	10-fixture-integrity	0
one-per-sha	2026-09-20T14:08:51Z	bdc7d36	20-receipt-freshness	0
one-per-sha	2026-09-20T14:08:51Z	bdc7d36	30-no-secrets	0
one-per-sha	2026-09-20T14:08:52Z	bdc7d36	40-omp-compact-replay	0
one-per-sha	2026-09-20T14:08:53Z	bdc7d36	50-house-gates	0
one-per-sha	2026-09-20T14:08:57Z	bdc7d36	60-staged-deletion-lane	0
one-per-sha	2026-09-20T14:08:57Z	bdc7d36	70-tests-registry-sync	0
one-per-sha	2026-09-20T14:09:14Z	bdc7d36	80-lane-instrument-selftests	0
one-per-sha	2026-09-20T14:09:14Z	bdc7d36	85-promotion-contract	0
one-per-sha	2026-09-20T14:09:14Z	bdc7d36	90-sidecar-verifier-wrapper	0
one-per-sha	2026-09-20T14:09:14Z	bdc7d36	95-numerals-ratchet	0
one-per-sha	2026-09-20T14:09:14Z	bdc7d36	96-verdict-status-agreement	0
one-per-sha	2026-09-20T14:09:14Z	bdc7d36	97-readme-counts	0
one-per-sha	2026-09-20T03:40:26Z	bdd1c9a	10-fixture-integrity	0
one-per-sha	2026-09-20T03:40:26Z	bdd1c9a	20-receipt-freshness	0
one-per-sha	2026-09-20T03:40:26Z	bdd1c9a	30-no-secrets	0
one-per-sha	2026-09-20T03:40:27Z	bdd1c9a	40-omp-compact-replay	0
one-per-sha	2026-09-20T03:40:27Z	bdd1c9a	50-house-gates	0
one-per-sha	2026-09-20T03:40:31Z	bdd1c9a	60-staged-deletion-lane	0
one-per-sha	2026-09-20T03:40:31Z	bdd1c9a	70-tests-registry-sync	0
one-per-sha	2026-09-20T03:40:48Z	bdd1c9a	80-lane-instrument-selftests	0
one-per-sha	2026-09-20T03:40:48Z	bdd1c9a	90-sidecar-verifier-wrapper	0
one-per-sha	2026-09-20T03:40:48Z	bdd1c9a	95-numerals-ratchet	0
one-per-sha	2026-09-20T03:40:48Z	bdd1c9a	96-verdict-status-agreement	0
one-per-sha	2026-09-20T03:40:48Z	bdd1c9a	97-readme-counts	0
one-per-sha	2026-09-20T05:38:11Z	beb45d5	10-fixture-integrity	0
one-per-sha	2026-09-20T05:38:11Z	beb45d5	20-receipt-freshness	0
one-per-sha	2026-09-20T05:38:11Z	beb45d5	30-no-secrets	0
one-per-sha	2026-09-20T05:38:12Z	beb45d5	40-omp-compact-replay	0
one-per-sha	2026-09-20T05:38:13Z	beb45d5	50-house-gates	0
one-per-sha	2026-09-20T05:38:16Z	beb45d5	60-staged-deletion-lane	0
one-per-sha	2026-09-20T05:38:17Z	beb45d5	70-tests-registry-sync	0
one-per-sha	2026-09-20T05:38:32Z	beb45d5	80-lane-instrument-selftests	0
one-per-sha	2026-09-20T05:38:32Z	beb45d5	90-sidecar-verifier-wrapper	0
one-per-sha	2026-09-20T05:38:33Z	beb45d5	95-numerals-ratchet	0
one-per-sha	2026-09-20T05:38:33Z	beb45d5	96-verdict-status-agreement	0
one-per-sha	2026-09-20T05:38:33Z	beb45d5	97-readme-counts	0
one-per-sha	2026-09-20T04:34:08Z	bf12406	10-fixture-integrity	0
one-per-sha	2026-09-20T04:34:08Z	bf12406	20-receipt-freshness	0
one-per-sha	2026-09-20T04:34:08Z	bf12406	30-no-secrets	0
one-per-sha	2026-09-20T04:34:09Z	bf12406	40-omp-compact-replay	0
one-per-sha	2026-09-20T04:34:10Z	bf12406	50-house-gates	0
one-per-sha	2026-09-20T04:34:13Z	bf12406	60-staged-deletion-lane	0
one-per-sha	2026-09-20T04:34:14Z	bf12406	70-tests-registry-sync	0
one-per-sha	2026-09-20T04:34:30Z	bf12406	80-lane-instrument-selftests	0
one-per-sha	2026-09-20T04:34:30Z	bf12406	90-sidecar-verifier-wrapper	0
one-per-sha	2026-09-20T04:34:31Z	bf12406	95-numerals-ratchet	0
one-per-sha	2026-09-20T04:34:31Z	bf12406	96-verdict-status-agreement	0
one-per-sha	2026-09-20T04:34:31Z	bf12406	97-readme-counts	0
one-per-sha	2026-09-20T16:06:08Z	c164161	10-fixture-integrity	0
one-per-sha	2026-09-20T16:06:08Z	c164161	20-receipt-freshness	0
one-per-sha	2026-09-20T16:06:08Z	c164161	30-no-secrets	0
one-per-sha	2026-09-20T16:06:09Z	c164161	40-omp-compact-replay	0
one-per-sha	2026-09-20T16:06:10Z	c164161	50-house-gates	0
one-per-sha	2026-09-20T16:06:13Z	c164161	60-staged-deletion-lane	0
one-per-sha	2026-09-20T16:06:14Z	c164161	70-tests-registry-sync	0
one-per-sha	2026-09-20T16:06:34Z	c164161	80-lane-instrument-selftests	0
one-per-sha	2026-09-20T16:06:35Z	c164161	85-promotion-contract	0
one-per-sha	2026-09-20T16:06:35Z	c164161	90-sidecar-verifier-wrapper	0
one-per-sha	2026-09-20T16:06:35Z	c164161	95-numerals-ratchet	0
one-per-sha	2026-09-20T16:06:35Z	c164161	96-verdict-status-agreement	0
one-per-sha	2026-09-20T16:06:35Z	c164161	97-readme-counts	0
one-per-sha	2026-09-20T06:23:53Z	c20da52	10-fixture-integrity	0
one-per-sha	2026-09-20T06:23:53Z	c20da52	20-receipt-freshness	0
one-per-sha	2026-09-20T06:23:53Z	c20da52	30-no-secrets	0
one-per-sha	2026-09-20T06:23:55Z	c20da52	40-omp-compact-replay	0
one-per-sha	2026-09-20T06:23:55Z	c20da52	50-house-gates	0
one-per-sha	2026-09-20T06:23:58Z	c20da52	60-staged-deletion-lane	0
one-per-sha	2026-09-20T06:23:58Z	c20da52	70-tests-registry-sync	0
one-per-sha	2026-09-20T06:24:14Z	c20da52	80-lane-instrument-selftests	0
one-per-sha	2026-09-20T06:24:15Z	c20da52	90-sidecar-verifier-wrapper	0
one-per-sha	2026-09-20T06:24:15Z	c20da52	95-numerals-ratchet	0
one-per-sha	2026-09-20T06:24:15Z	c20da52	96-verdict-status-agreement	0
one-per-sha	2026-09-20T06:24:15Z	c20da52	97-readme-counts	0
one-per-sha	2026-09-20T18:54:03Z	c2a7f1f	10-fixture-integrity	0
one-per-sha	2026-09-20T18:54:10Z	c2a7f1f	20-receipt-freshness	0
one-per-sha	2026-09-20T18:54:15Z	c2a7f1f	30-no-secrets	0
one-per-sha	2026-09-20T18:54:17Z	c2a7f1f	40-omp-compact-replay	0
one-per-sha	2026-09-20T18:54:18Z	c2a7f1f	50-house-gates	0
one-per-sha	2026-09-20T18:54:23Z	c2a7f1f	60-staged-deletion-lane	0
one-per-sha	2026-09-20T18:54:23Z	c2a7f1f	70-tests-registry-sync	0
one-per-sha	2026-09-20T18:54:53Z	c2a7f1f	80-lane-instrument-selftests	0
one-per-sha	2026-09-20T18:54:53Z	c2a7f1f	85-promotion-contract	0
one-per-sha	2026-09-20T18:54:53Z	c2a7f1f	90-sidecar-verifier-wrapper	0
one-per-sha	2026-09-20T18:54:54Z	c2a7f1f	95-numerals-ratchet	0
one-per-sha	2026-09-20T18:54:54Z	c2a7f1f	96-verdict-status-agreement	0
one-per-sha	2026-09-20T18:54:54Z	c2a7f1f	97-readme-counts	0
one-per-sha	2026-09-20T18:47:01Z	c3b80f4	10-fixture-integrity	0
one-per-sha	2026-09-20T18:47:01Z	c3b80f4	20-receipt-freshness	0
one-per-sha	2026-09-20T18:47:01Z	c3b80f4	30-no-secrets	0
one-per-sha	2026-09-20T18:47:03Z	c3b80f4	40-omp-compact-replay	0
one-per-sha	2026-09-20T18:47:03Z	c3b80f4	50-house-gates	0
one-per-sha	2026-09-20T18:47:06Z	c3b80f4	60-staged-deletion-lane	0
one-per-sha	2026-09-20T18:47:07Z	c3b80f4	70-tests-registry-sync	0
one-per-sha	2026-09-20T18:47:30Z	c3b80f4	80-lane-instrument-selftests	0
one-per-sha	2026-09-20T18:47:31Z	c3b80f4	85-promotion-contract	0
one-per-sha	2026-09-20T18:47:31Z	c3b80f4	90-sidecar-verifier-wrapper	0
one-per-sha	2026-09-20T18:47:31Z	c3b80f4	95-numerals-ratchet	0
one-per-sha	2026-09-20T18:47:31Z	c3b80f4	96-verdict-status-agreement	0
one-per-sha	2026-09-20T18:47:31Z	c3b80f4	97-readme-counts	0
one-per-sha	2026-09-19T13:21:30Z	c412339	10-fixture-integrity	0
one-per-sha	2026-09-19T13:21:30Z	c412339	20-receipt-freshness	0
one-per-sha	2026-09-19T13:21:30Z	c412339	30-no-secrets	0
one-per-sha	2026-09-19T13:21:31Z	c412339	40-omp-compact-replay	0
one-per-sha	2026-09-19T13:21:31Z	c412339	50-house-gates	0
one-per-sha	2026-09-19T13:21:35Z	c412339	60-staged-deletion-lane	0
one-per-sha	2026-09-19T13:21:35Z	c412339	70-tests-registry-sync	0
one-per-sha	2026-09-19T13:21:51Z	c412339	80-lane-instrument-selftests	0
one-per-sha	2026-09-19T13:21:51Z	c412339	90-sidecar-verifier-wrapper	0
one-per-sha	2026-09-19T13:21:51Z	c412339	95-numerals-ratchet	0
one-per-sha	2026-09-19T13:21:51Z	c412339	96-verdict-status-agreement	0
one-per-sha	2026-09-19T13:21:51Z	c412339	97-readme-counts	0
one-per-sha	2026-09-19T05:21:23Z	c447ccc	10-fixture-integrity	0
one-per-sha	2026-09-19T05:21:23Z	c447ccc	20-receipt-freshness	0
one-per-sha	2026-09-19T05:21:23Z	c447ccc	30-no-secrets	0
one-per-sha	2026-09-19T05:21:24Z	c447ccc	40-omp-compact-replay	0
one-per-sha	2026-09-19T05:21:25Z	c447ccc	50-house-gates	0
one-per-sha	2026-09-19T05:21:28Z	c447ccc	60-staged-deletion-lane	0
one-per-sha	2026-09-19T05:21:28Z	c447ccc	70-tests-registry-sync	0
one-per-sha	2026-09-19T05:21:45Z	c447ccc	80-lane-instrument-selftests	0
one-per-sha	2026-09-19T05:21:45Z	c447ccc	90-sidecar-verifier-wrapper	0
one-per-sha	2026-09-19T05:21:45Z	c447ccc	95-numerals-ratchet	0
one-per-sha	2026-09-19T05:21:45Z	c447ccc	96-verdict-status-agreement	0
one-per-sha	2026-09-19T05:21:45Z	c447ccc	97-readme-counts	0
one-per-sha	2026-09-20T02:23:09Z	c4b4352	10-fixture-integrity	0
one-per-sha	2026-09-20T02:23:09Z	c4b4352	20-receipt-freshness	0
one-per-sha	2026-09-20T02:23:09Z	c4b4352	30-no-secrets	0
one-per-sha	2026-09-20T02:23:10Z	c4b4352	40-omp-compact-replay	0
one-per-sha	2026-09-20T02:23:10Z	c4b4352	50-house-gates	0
one-per-sha	2026-09-20T02:23:13Z	c4b4352	60-staged-deletion-lane	0
one-per-sha	2026-09-20T02:23:13Z	c4b4352	70-tests-registry-sync	0
one-per-sha	2026-09-20T02:23:29Z	c4b4352	80-lane-instrument-selftests	0
one-per-sha	2026-09-20T02:23:29Z	c4b4352	90-sidecar-verifier-wrapper	0
one-per-sha	2026-09-20T02:23:29Z	c4b4352	95-numerals-ratchet	0
one-per-sha	2026-09-20T02:23:30Z	c4b4352	96-verdict-status-agreement	0
one-per-sha	2026-09-20T02:23:30Z	c4b4352	97-readme-counts	0
one-per-sha	2026-09-19T18:21:47Z	c5966a5	10-fixture-integrity	0
one-per-sha	2026-09-19T18:21:47Z	c5966a5	20-receipt-freshness	0
one-per-sha	2026-09-19T18:21:47Z	c5966a5	30-no-secrets	0
one-per-sha	2026-09-19T18:21:49Z	c5966a5	40-omp-compact-replay	0
one-per-sha	2026-09-19T18:21:49Z	c5966a5	50-house-gates	0
one-per-sha	2026-09-19T18:21:52Z	c5966a5	60-staged-deletion-lane	0
one-per-sha	2026-09-19T18:21:52Z	c5966a5	70-tests-registry-sync	0
one-per-sha	2026-09-19T18:22:10Z	c5966a5	80-lane-instrument-selftests	0
one-per-sha	2026-09-19T18:22:10Z	c5966a5	90-sidecar-verifier-wrapper	0
one-per-sha	2026-09-19T18:22:10Z	c5966a5	95-numerals-ratchet	0
one-per-sha	2026-09-19T18:22:10Z	c5966a5	96-verdict-status-agreement	0
one-per-sha	2026-09-19T18:22:11Z	c5966a5	97-readme-counts	0
one-per-sha	2026-09-20T05:33:18Z	c611c9c	10-fixture-integrity	0
one-per-sha	2026-09-20T05:33:19Z	c611c9c	20-receipt-freshness	0
one-per-sha	2026-09-20T05:33:19Z	c611c9c	30-no-secrets	0
one-per-sha	2026-09-20T05:33:20Z	c611c9c	40-omp-compact-replay	0
one-per-sha	2026-09-20T05:33:20Z	c611c9c	50-house-gates	0
one-per-sha	2026-09-20T05:33:24Z	c611c9c	60-staged-deletion-lane	0
one-per-sha	2026-09-20T05:33:24Z	c611c9c	70-tests-registry-sync	0
one-per-sha	2026-09-20T05:33:40Z	c611c9c	80-lane-instrument-selftests	0
one-per-sha	2026-09-20T05:33:40Z	c611c9c	90-sidecar-verifier-wrapper	0
one-per-sha	2026-09-20T05:33:40Z	c611c9c	95-numerals-ratchet	0
one-per-sha	2026-09-20T05:33:40Z	c611c9c	96-verdict-status-agreement	0
one-per-sha	2026-09-20T05:33:40Z	c611c9c	97-readme-counts	0
one-per-sha	2026-09-20T00:36:59Z	c6b77b8	10-fixture-integrity	0
one-per-sha	2026-09-20T00:36:59Z	c6b77b8	20-receipt-freshness	0
one-per-sha	2026-09-20T00:36:59Z	c6b77b8	30-no-secrets	0
one-per-sha	2026-09-20T00:37:00Z	c6b77b8	40-omp-compact-replay	0
one-per-sha	2026-09-20T00:37:01Z	c6b77b8	50-house-gates	0
one-per-sha	2026-09-20T00:37:03Z	c6b77b8	60-staged-deletion-lane	0
one-per-sha	2026-09-20T00:37:04Z	c6b77b8	70-tests-registry-sync	0
one-per-sha	2026-09-20T00:37:20Z	c6b77b8	80-lane-instrument-selftests	0
one-per-sha	2026-09-20T00:37:20Z	c6b77b8	90-sidecar-verifier-wrapper	0
one-per-sha	2026-09-20T00:37:20Z	c6b77b8	95-numerals-ratchet	0
one-per-sha	2026-09-20T00:37:20Z	c6b77b8	96-verdict-status-agreement	0
one-per-sha	2026-09-20T00:37:20Z	c6b77b8	97-readme-counts	0
one-per-sha	2026-09-20T05:26:59Z	c824304	10-fixture-integrity	0
one-per-sha	2026-09-20T05:26:59Z	c824304	20-receipt-freshness	0
one-per-sha	2026-09-20T05:26:59Z	c824304	30-no-secrets	0
one-per-sha	2026-09-20T05:27:01Z	c824304	40-omp-compact-replay	0
one-per-sha	2026-09-20T05:27:01Z	c824304	50-house-gates	0
one-per-sha	2026-09-20T05:27:04Z	c824304	60-staged-deletion-lane	0
one-per-sha	2026-09-20T05:27:04Z	c824304	70-tests-registry-sync	0
one-per-sha	2026-09-20T05:27:27Z	c824304	80-lane-instrument-selftests	0
one-per-sha	2026-09-20T05:27:27Z	c824304	90-sidecar-verifier-wrapper	0
one-per-sha	2026-09-20T05:27:27Z	c824304	95-numerals-ratchet	0
one-per-sha	2026-09-20T05:27:27Z	c824304	96-verdict-status-agreement	0
one-per-sha	2026-09-20T05:27:27Z	c824304	97-readme-counts	0
one-per-sha	2026-09-19T16:03:33Z	c83e761	10-fixture-integrity	0
one-per-sha	2026-09-19T16:03:33Z	c83e761	20-receipt-freshness	0
one-per-sha	2026-09-19T16:03:33Z	c83e761	30-no-secrets	0
one-per-sha	2026-09-19T16:03:35Z	c83e761	40-omp-compact-replay	0
one-per-sha	2026-09-19T16:03:35Z	c83e761	50-house-gates	0
one-per-sha	2026-09-19T16:03:38Z	c83e761	60-staged-deletion-lane	0
one-per-sha	2026-09-19T16:03:38Z	c83e761	70-tests-registry-sync	0
one-per-sha	2026-09-19T16:03:54Z	c83e761	80-lane-instrument-selftests	0
one-per-sha	2026-09-19T16:03:54Z	c83e761	90-sidecar-verifier-wrapper	0
one-per-sha	2026-09-19T16:03:55Z	c83e761	95-numerals-ratchet	0
one-per-sha	2026-09-19T16:03:55Z	c83e761	96-verdict-status-agreement	0
one-per-sha	2026-09-19T16:03:55Z	c83e761	97-readme-counts	0
one-per-sha	2026-09-19T23:02:40Z	c9a3e89	10-fixture-integrity	0
one-per-sha	2026-09-19T23:02:40Z	c9a3e89	20-receipt-freshness	0
one-per-sha	2026-09-19T23:02:40Z	c9a3e89	30-no-secrets	0
one-per-sha	2026-09-19T23:02:41Z	c9a3e89	40-omp-compact-replay	0
one-per-sha	2026-09-19T23:02:42Z	c9a3e89	50-house-gates	0
one-per-sha	2026-09-19T23:02:44Z	c9a3e89	60-staged-deletion-lane	0
one-per-sha	2026-09-19T23:02:44Z	c9a3e89	70-tests-registry-sync	0
one-per-sha	2026-09-19T23:03:04Z	c9a3e89	80-lane-instrument-selftests	0
one-per-sha	2026-09-19T23:03:04Z	c9a3e89	90-sidecar-verifier-wrapper	0
one-per-sha	2026-09-19T23:03:04Z	c9a3e89	95-numerals-ratchet	0
one-per-sha	2026-09-19T23:03:04Z	c9a3e89	96-verdict-status-agreement	0
one-per-sha	2026-09-19T23:03:04Z	c9a3e89	97-readme-counts	0
one-per-sha	2026-09-19T21:13:25Z	caf324d	10-fixture-integrity	0
one-per-sha	2026-09-19T21:13:25Z	caf324d	20-receipt-freshness	0
one-per-sha	2026-09-19T21:13:25Z	caf324d	30-no-secrets	0
one-per-sha	2026-09-19T21:13:26Z	caf324d	40-omp-compact-replay	0
one-per-sha	2026-09-19T21:13:26Z	caf324d	50-house-gates	0
one-per-sha	2026-09-19T21:13:31Z	caf324d	60-staged-deletion-lane	0
one-per-sha	2026-09-19T21:13:31Z	caf324d	70-tests-registry-sync	0
one-per-sha	2026-09-19T21:13:48Z	caf324d	80-lane-instrument-selftests	0
one-per-sha	2026-09-19T21:13:48Z	caf324d	90-sidecar-verifier-wrapper	0
one-per-sha	2026-09-19T21:13:48Z	caf324d	95-numerals-ratchet	0
one-per-sha	2026-09-19T21:13:48Z	caf324d	96-verdict-status-agreement	0
one-per-sha	2026-09-19T21:13:48Z	caf324d	97-readme-counts	0
one-per-sha	2026-09-20T15:01:24Z	cb854e0	10-fixture-integrity	0
one-per-sha	2026-09-20T15:01:24Z	cb854e0	20-receipt-freshness	0
one-per-sha	2026-09-20T15:01:24Z	cb854e0	30-no-secrets	0
one-per-sha	2026-09-20T15:01:25Z	cb854e0	40-omp-compact-replay	0
one-per-sha	2026-09-20T15:01:25Z	cb854e0	50-house-gates	0
one-per-sha	2026-09-20T15:01:29Z	cb854e0	60-staged-deletion-lane	0
one-per-sha	2026-09-20T15:01:29Z	cb854e0	70-tests-registry-sync	0
one-per-sha	2026-09-20T15:01:47Z	cb854e0	80-lane-instrument-selftests	0
one-per-sha	2026-09-20T15:01:48Z	cb854e0	85-promotion-contract	0
one-per-sha	2026-09-20T15:01:48Z	cb854e0	90-sidecar-verifier-wrapper	0
one-per-sha	2026-09-20T15:01:48Z	cb854e0	95-numerals-ratchet	0
one-per-sha	2026-09-20T15:01:48Z	cb854e0	96-verdict-status-agreement	0
one-per-sha	2026-09-20T15:01:48Z	cb854e0	97-readme-counts	0
one-per-sha	2026-09-20T00:49:32Z	cbd1d60	10-fixture-integrity	0
one-per-sha	2026-09-20T00:49:32Z	cbd1d60	20-receipt-freshness	0
one-per-sha	2026-09-20T00:49:32Z	cbd1d60	30-no-secrets	0
one-per-sha	2026-09-20T00:49:33Z	cbd1d60	40-omp-compact-replay	0
one-per-sha	2026-09-20T00:49:34Z	cbd1d60	50-house-gates	0
one-per-sha	2026-09-20T00:49:37Z	cbd1d60	60-staged-deletion-lane	0
one-per-sha	2026-09-20T00:49:37Z	cbd1d60	70-tests-registry-sync	0
one-per-sha	2026-09-20T00:49:54Z	cbd1d60	80-lane-instrument-selftests	0
one-per-sha	2026-09-20T00:49:54Z	cbd1d60	90-sidecar-verifier-wrapper	0
one-per-sha	2026-09-20T00:49:54Z	cbd1d60	95-numerals-ratchet	0
one-per-sha	2026-09-20T00:49:54Z	cbd1d60	96-verdict-status-agreement	0
one-per-sha	2026-09-20T00:49:54Z	cbd1d60	97-readme-counts	0
one-per-sha	2026-09-20T20:15:36Z	cc2ae69	10-fixture-integrity	0
one-per-sha	2026-09-20T20:15:36Z	cc2ae69	20-receipt-freshness	0
one-per-sha	2026-09-20T20:15:36Z	cc2ae69	30-no-secrets	0
one-per-sha	2026-09-20T20:15:37Z	cc2ae69	40-omp-compact-replay	0
one-per-sha	2026-09-20T20:15:38Z	cc2ae69	50-house-gates	0
one-per-sha	2026-09-20T20:15:42Z	cc2ae69	60-staged-deletion-lane	0
one-per-sha	2026-09-20T20:15:43Z	cc2ae69	70-tests-registry-sync	0
one-per-sha	2026-09-20T20:16:18Z	cc2ae69	80-lane-instrument-selftests	0
one-per-sha	2026-09-20T20:16:18Z	cc2ae69	85-promotion-contract	0
one-per-sha	2026-09-20T20:16:19Z	cc2ae69	90-sidecar-verifier-wrapper	0
one-per-sha	2026-09-20T20:16:19Z	cc2ae69	95-numerals-ratchet	0
one-per-sha	2026-09-20T20:16:19Z	cc2ae69	96-verdict-status-agreement	0
one-per-sha	2026-09-20T20:16:19Z	cc2ae69	97-readme-counts	0
one-per-sha	2026-09-20T04:42:55Z	cde6172	10-fixture-integrity	0
one-per-sha	2026-09-20T04:42:55Z	cde6172	20-receipt-freshness	0
one-per-sha	2026-09-20T04:42:55Z	cde6172	30-no-secrets	0
one-per-sha	2026-09-20T04:42:56Z	cde6172	40-omp-compact-replay	0
one-per-sha	2026-09-20T04:42:56Z	cde6172	50-house-gates	0
one-per-sha	2026-09-20T04:42:59Z	cde6172	60-staged-deletion-lane	0
one-per-sha	2026-09-20T04:42:59Z	cde6172	70-tests-registry-sync	0
one-per-sha	2026-09-20T04:43:16Z	cde6172	80-lane-instrument-selftests	0
one-per-sha	2026-09-20T04:43:17Z	cde6172	90-sidecar-verifier-wrapper	0
one-per-sha	2026-09-20T04:43:17Z	cde6172	95-numerals-ratchet	0
one-per-sha	2026-09-20T04:43:17Z	cde6172	96-verdict-status-agreement	0
one-per-sha	2026-09-20T04:43:17Z	cde6172	97-readme-counts	0
one-per-sha	2026-09-19T06:21:06Z	ce33df4	10-fixture-integrity	0
one-per-sha	2026-09-19T06:21:06Z	ce33df4	20-receipt-freshness	0
one-per-sha	2026-09-19T06:21:06Z	ce33df4	30-no-secrets	0
one-per-sha	2026-09-19T06:21:07Z	ce33df4	40-omp-compact-replay	0
one-per-sha	2026-09-19T06:21:07Z	ce33df4	50-house-gates	0
one-per-sha	2026-09-19T06:21:10Z	ce33df4	60-staged-deletion-lane	0
one-per-sha	2026-09-19T06:21:11Z	ce33df4	70-tests-registry-sync	0
one-per-sha	2026-09-19T06:21:26Z	ce33df4	80-lane-instrument-selftests	0
one-per-sha	2026-09-19T06:21:26Z	ce33df4	90-sidecar-verifier-wrapper	0
one-per-sha	2026-09-19T06:21:27Z	ce33df4	95-numerals-ratchet	0
one-per-sha	2026-09-19T06:21:27Z	ce33df4	96-verdict-status-agreement	0
one-per-sha	2026-09-19T06:21:27Z	ce33df4	97-readme-counts	0
one-per-sha	2026-09-19T15:11:41Z	ceb8c57	10-fixture-integrity	0
one-per-sha	2026-09-19T15:11:41Z	ceb8c57	20-receipt-freshness	0
one-per-sha	2026-09-19T15:11:41Z	ceb8c57	30-no-secrets	0
one-per-sha	2026-09-19T15:11:42Z	ceb8c57	40-omp-compact-replay	0
one-per-sha	2026-09-19T15:11:42Z	ceb8c57	50-house-gates	0
one-per-sha	2026-09-19T15:11:45Z	ceb8c57	60-staged-deletion-lane	0
one-per-sha	2026-09-19T15:11:45Z	ceb8c57	70-tests-registry-sync	0
one-per-sha	2026-09-19T15:12:01Z	ceb8c57	80-lane-instrument-selftests	0
one-per-sha	2026-09-19T15:12:01Z	ceb8c57	90-sidecar-verifier-wrapper	0
one-per-sha	2026-09-19T15:12:01Z	ceb8c57	95-numerals-ratchet	0
one-per-sha	2026-09-19T15:12:01Z	ceb8c57	96-verdict-status-agreement	0
one-per-sha	2026-09-19T15:12:01Z	ceb8c57	97-readme-counts	0
one-per-sha	2026-09-20T13:25:15Z	cf48df9	10-fixture-integrity	0
one-per-sha	2026-09-20T13:25:15Z	cf48df9	20-receipt-freshness	0
one-per-sha	2026-09-20T13:25:15Z	cf48df9	30-no-secrets	0
one-per-sha	2026-09-20T13:25:16Z	cf48df9	40-omp-compact-replay	0
one-per-sha	2026-09-20T13:25:17Z	cf48df9	50-house-gates	0
one-per-sha	2026-09-20T13:25:20Z	cf48df9	60-staged-deletion-lane	0
one-per-sha	2026-09-20T13:25:21Z	cf48df9	70-tests-registry-sync	0
one-per-sha	2026-09-20T13:25:37Z	cf48df9	80-lane-instrument-selftests	0
one-per-sha	2026-09-20T13:25:37Z	cf48df9	85-promotion-contract	0
one-per-sha	2026-09-20T13:25:37Z	cf48df9	90-sidecar-verifier-wrapper	0
one-per-sha	2026-09-20T13:25:38Z	cf48df9	95-numerals-ratchet	0
one-per-sha	2026-09-20T13:25:38Z	cf48df9	96-verdict-status-agreement	0
one-per-sha	2026-09-20T13:25:38Z	cf48df9	97-readme-counts	0
one-per-sha	2026-09-19T02:54:08Z	d185fdf	10-fixture-integrity	0
one-per-sha	2026-09-19T02:54:08Z	d185fdf	20-receipt-freshness	0
one-per-sha	2026-09-19T02:54:08Z	d185fdf	30-no-secrets	0
one-per-sha	2026-09-19T02:54:09Z	d185fdf	40-omp-compact-replay	0
one-per-sha	2026-09-19T02:54:10Z	d185fdf	50-house-gates	0
one-per-sha	2026-09-19T02:54:12Z	d185fdf	60-staged-deletion-lane	0
one-per-sha	2026-09-19T02:54:12Z	d185fdf	70-tests-registry-sync	0
one-per-sha	2026-09-19T02:54:27Z	d185fdf	80-lane-instrument-selftests	0
one-per-sha	2026-09-19T02:54:27Z	d185fdf	90-sidecar-verifier-wrapper	0
one-per-sha	2026-09-19T02:54:28Z	d185fdf	95-numerals-ratchet	0
one-per-sha	2026-09-19T02:54:28Z	d185fdf	96-verdict-status-agreement	0
one-per-sha	2026-09-19T02:54:28Z	d185fdf	97-readme-counts	0
one-per-sha	2026-09-19T20:07:20Z	d1ec069	10-fixture-integrity	0
one-per-sha	2026-09-19T20:07:20Z	d1ec069	20-receipt-freshness	0
one-per-sha	2026-09-19T20:07:20Z	d1ec069	30-no-secrets	0
one-per-sha	2026-09-19T20:07:21Z	d1ec069	40-omp-compact-replay	0
one-per-sha	2026-09-19T20:07:22Z	d1ec069	50-house-gates	0
one-per-sha	2026-09-19T20:07:25Z	d1ec069	60-staged-deletion-lane	0
one-per-sha	2026-09-19T20:07:25Z	d1ec069	70-tests-registry-sync	0
one-per-sha	2026-09-19T20:07:41Z	d1ec069	80-lane-instrument-selftests	0
one-per-sha	2026-09-19T20:07:41Z	d1ec069	90-sidecar-verifier-wrapper	0
one-per-sha	2026-09-19T20:07:41Z	d1ec069	95-numerals-ratchet	0
one-per-sha	2026-09-19T20:07:42Z	d1ec069	96-verdict-status-agreement	0
one-per-sha	2026-09-19T20:07:42Z	d1ec069	97-readme-counts	0
one-per-sha	2026-09-20T03:18:38Z	d1f251c	10-fixture-integrity	0
one-per-sha	2026-09-20T03:18:38Z	d1f251c	20-receipt-freshness	0
one-per-sha	2026-09-20T03:18:38Z	d1f251c	30-no-secrets	0
one-per-sha	2026-09-20T03:18:39Z	d1f251c	40-omp-compact-replay	0
one-per-sha	2026-09-20T03:18:40Z	d1f251c	50-house-gates	0
one-per-sha	2026-09-20T03:18:43Z	d1f251c	60-staged-deletion-lane	0
one-per-sha	2026-09-20T03:18:43Z	d1f251c	70-tests-registry-sync	0
one-per-sha	2026-09-20T03:18:59Z	d1f251c	80-lane-instrument-selftests	0
one-per-sha	2026-09-20T03:19:00Z	d1f251c	90-sidecar-verifier-wrapper	0
one-per-sha	2026-09-20T03:19:00Z	d1f251c	95-numerals-ratchet	0
one-per-sha	2026-09-20T03:19:00Z	d1f251c	96-verdict-status-agreement	0
one-per-sha	2026-09-20T03:19:00Z	d1f251c	97-readme-counts	0
one-per-sha	2026-09-19T16:41:22Z	d24790b	10-fixture-integrity	0
one-per-sha	2026-09-19T16:41:22Z	d24790b	20-receipt-freshness	0
one-per-sha	2026-09-19T16:41:22Z	d24790b	30-no-secrets	0
one-per-sha	2026-09-19T16:41:23Z	d24790b	40-omp-compact-replay	0
one-per-sha	2026-09-19T16:41:24Z	d24790b	50-house-gates	0
one-per-sha	2026-09-19T16:41:28Z	d24790b	60-staged-deletion-lane	0
one-per-sha	2026-09-19T16:41:28Z	d24790b	70-tests-registry-sync	0
one-per-sha	2026-09-19T16:41:47Z	d24790b	80-lane-instrument-selftests	0
one-per-sha	2026-09-19T16:41:47Z	d24790b	90-sidecar-verifier-wrapper	0
one-per-sha	2026-09-19T16:41:47Z	d24790b	95-numerals-ratchet	0
one-per-sha	2026-09-19T16:41:47Z	d24790b	96-verdict-status-agreement	0
one-per-sha	2026-09-19T16:41:48Z	d24790b	97-readme-counts	0
one-per-sha	2026-09-20T00:07:45Z	d24a9fa	10-fixture-integrity	0
one-per-sha	2026-09-20T00:07:46Z	d24a9fa	20-receipt-freshness	0
one-per-sha	2026-09-20T00:07:46Z	d24a9fa	30-no-secrets	0
one-per-sha	2026-09-20T00:07:47Z	d24a9fa	40-omp-compact-replay	0
one-per-sha	2026-09-20T00:07:47Z	d24a9fa	50-house-gates	0
one-per-sha	2026-09-20T00:07:50Z	d24a9fa	60-staged-deletion-lane	0
one-per-sha	2026-09-20T00:07:50Z	d24a9fa	70-tests-registry-sync	0
one-per-sha	2026-09-20T00:08:08Z	d24a9fa	80-lane-instrument-selftests	0
one-per-sha	2026-09-20T00:08:09Z	d24a9fa	90-sidecar-verifier-wrapper	0
one-per-sha	2026-09-20T00:08:09Z	d24a9fa	95-numerals-ratchet	0
one-per-sha	2026-09-20T00:08:09Z	d24a9fa	96-verdict-status-agreement	0
one-per-sha	2026-09-20T00:08:09Z	d24a9fa	97-readme-counts	0
one-per-sha	2026-09-20T00:42:19Z	d2e815c	10-fixture-integrity	0
one-per-sha	2026-09-20T00:42:19Z	d2e815c	20-receipt-freshness	0
one-per-sha	2026-09-20T00:42:19Z	d2e815c	30-no-secrets	0
one-per-sha	2026-09-20T00:42:20Z	d2e815c	40-omp-compact-replay	0
one-per-sha	2026-09-20T00:42:21Z	d2e815c	50-house-gates	0
one-per-sha	2026-09-20T00:42:23Z	d2e815c	60-staged-deletion-lane	0
one-per-sha	2026-09-20T00:42:24Z	d2e815c	70-tests-registry-sync	0
one-per-sha	2026-09-20T00:42:41Z	d2e815c	80-lane-instrument-selftests	0
one-per-sha	2026-09-20T00:42:41Z	d2e815c	90-sidecar-verifier-wrapper	0
one-per-sha	2026-09-20T00:42:42Z	d2e815c	95-numerals-ratchet	0
one-per-sha	2026-09-20T00:42:42Z	d2e815c	96-verdict-status-agreement	0
one-per-sha	2026-09-20T00:42:42Z	d2e815c	97-readme-counts	0
one-per-sha	2026-09-20T12:40:52Z	d379d9a	10-fixture-integrity	0
one-per-sha	2026-09-20T12:40:52Z	d379d9a	20-receipt-freshness	0
one-per-sha	2026-09-20T12:40:52Z	d379d9a	30-no-secrets	0
one-per-sha	2026-09-20T12:40:53Z	d379d9a	40-omp-compact-replay	0
one-per-sha	2026-09-20T12:40:53Z	d379d9a	50-house-gates	0
one-per-sha	2026-09-20T12:40:57Z	d379d9a	60-staged-deletion-lane	0
one-per-sha	2026-09-20T12:40:57Z	d379d9a	70-tests-registry-sync	0
one-per-sha	2026-09-20T12:41:15Z	d379d9a	80-lane-instrument-selftests	0
one-per-sha	2026-09-20T12:41:15Z	d379d9a	85-promotion-contract	0
one-per-sha	2026-09-20T12:41:15Z	d379d9a	90-sidecar-verifier-wrapper	0
one-per-sha	2026-09-20T12:41:15Z	d379d9a	95-numerals-ratchet	0
one-per-sha	2026-09-20T12:41:16Z	d379d9a	96-verdict-status-agreement	0
one-per-sha	2026-09-20T12:41:16Z	d379d9a	97-readme-counts	0
one-per-sha	2026-09-20T16:33:39Z	d47dc9c	10-fixture-integrity	0
one-per-sha	2026-09-20T16:33:39Z	d47dc9c	20-receipt-freshness	0
one-per-sha	2026-09-20T16:33:39Z	d47dc9c	30-no-secrets	0
one-per-sha	2026-09-20T16:33:40Z	d47dc9c	40-omp-compact-replay	0
one-per-sha	2026-09-20T16:33:40Z	d47dc9c	50-house-gates	0
one-per-sha	2026-09-20T16:33:48Z	d47dc9c	60-staged-deletion-lane	0
one-per-sha	2026-09-20T16:33:49Z	d47dc9c	70-tests-registry-sync	0
one-per-sha	2026-09-20T16:34:11Z	d47dc9c	80-lane-instrument-selftests	0
one-per-sha	2026-09-20T16:34:11Z	d47dc9c	85-promotion-contract	0
one-per-sha	2026-09-20T16:34:11Z	d47dc9c	90-sidecar-verifier-wrapper	0
one-per-sha	2026-09-20T16:34:11Z	d47dc9c	95-numerals-ratchet	0
one-per-sha	2026-09-20T16:34:11Z	d47dc9c	96-verdict-status-agreement	0
one-per-sha	2026-09-20T16:34:11Z	d47dc9c	97-readme-counts	0
one-per-sha	2026-09-19T18:08:10Z	d6b52ea	10-fixture-integrity	0
one-per-sha	2026-09-19T18:08:11Z	d6b52ea	20-receipt-freshness	0
one-per-sha	2026-09-19T18:08:11Z	d6b52ea	30-no-secrets	0
one-per-sha	2026-09-19T18:08:12Z	d6b52ea	40-omp-compact-replay	0
one-per-sha	2026-09-19T18:08:12Z	d6b52ea	50-house-gates	0
one-per-sha	2026-09-19T18:08:15Z	d6b52ea	60-staged-deletion-lane	0
one-per-sha	2026-09-19T18:08:15Z	d6b52ea	70-tests-registry-sync	0
one-per-sha	2026-09-19T18:08:32Z	d6b52ea	80-lane-instrument-selftests	0
one-per-sha	2026-09-19T18:08:32Z	d6b52ea	90-sidecar-verifier-wrapper	0
one-per-sha	2026-09-19T18:08:32Z	d6b52ea	95-numerals-ratchet	0
one-per-sha	2026-09-19T18:08:32Z	d6b52ea	96-verdict-status-agreement	0
one-per-sha	2026-09-19T18:08:32Z	d6b52ea	97-readme-counts	0
one-per-sha	2026-09-19T03:01:17Z	d6c65cd	10-fixture-integrity	0
one-per-sha	2026-09-19T03:01:17Z	d6c65cd	20-receipt-freshness	0
one-per-sha	2026-09-19T03:01:17Z	d6c65cd	30-no-secrets	0
one-per-sha	2026-09-19T03:01:18Z	d6c65cd	40-omp-compact-replay	0
one-per-sha	2026-09-19T03:01:19Z	d6c65cd	50-house-gates	0
one-per-sha	2026-09-19T03:01:22Z	d6c65cd	60-staged-deletion-lane	0
one-per-sha	2026-09-19T03:01:22Z	d6c65cd	70-tests-registry-sync	0
one-per-sha	2026-09-19T03:01:37Z	d6c65cd	80-lane-instrument-selftests	0
one-per-sha	2026-09-19T03:01:38Z	d6c65cd	90-sidecar-verifier-wrapper	0
one-per-sha	2026-09-19T03:01:38Z	d6c65cd	95-numerals-ratchet	0
one-per-sha	2026-09-19T03:01:38Z	d6c65cd	96-verdict-status-agreement	0
one-per-sha	2026-09-19T03:01:38Z	d6c65cd	97-readme-counts	0
one-per-sha	2026-09-20T16:25:28Z	d836a98	10-fixture-integrity	0
one-per-sha	2026-09-20T16:25:28Z	d836a98	20-receipt-freshness	0
one-per-sha	2026-09-20T16:25:28Z	d836a98	30-no-secrets	0
one-per-sha	2026-09-20T16:25:29Z	d836a98	40-omp-compact-replay	0
one-per-sha	2026-09-20T16:25:29Z	d836a98	50-house-gates	0
one-per-sha	2026-09-20T16:25:32Z	d836a98	60-staged-deletion-lane	0
one-per-sha	2026-09-20T16:25:33Z	d836a98	70-tests-registry-sync	0
one-per-sha	2026-09-20T16:25:54Z	d836a98	80-lane-instrument-selftests	0
one-per-sha	2026-09-20T16:25:54Z	d836a98	85-promotion-contract	0
one-per-sha	2026-09-20T16:25:54Z	d836a98	90-sidecar-verifier-wrapper	0
one-per-sha	2026-09-20T16:25:54Z	d836a98	95-numerals-ratchet	0
one-per-sha	2026-09-20T16:25:54Z	d836a98	96-verdict-status-agreement	0
one-per-sha	2026-09-20T16:25:55Z	d836a98	97-readme-counts	0
one-per-sha	2026-09-19T16:35:04Z	d8455fd	10-fixture-integrity	0
one-per-sha	2026-09-19T16:35:04Z	d8455fd	20-receipt-freshness	0
one-per-sha	2026-09-19T16:35:04Z	d8455fd	30-no-secrets	0
one-per-sha	2026-09-19T16:35:05Z	d8455fd	40-omp-compact-replay	0
one-per-sha	2026-09-19T16:35:05Z	d8455fd	50-house-gates	0
one-per-sha	2026-09-19T16:35:08Z	d8455fd	60-staged-deletion-lane	0
one-per-sha	2026-09-19T16:35:08Z	d8455fd	70-tests-registry-sync	0
one-per-sha	2026-09-19T16:35:25Z	d8455fd	80-lane-instrument-selftests	0
one-per-sha	2026-09-19T16:35:25Z	d8455fd	90-sidecar-verifier-wrapper	0
one-per-sha	2026-09-19T16:35:25Z	d8455fd	95-numerals-ratchet	0
one-per-sha	2026-09-19T16:35:25Z	d8455fd	96-verdict-status-agreement	0
one-per-sha	2026-09-19T16:35:25Z	d8455fd	97-readme-counts	0
one-per-sha	2026-09-19T22:17:45Z	d8472cc	10-fixture-integrity	0
one-per-sha	2026-09-19T22:17:46Z	d8472cc	20-receipt-freshness	0
one-per-sha	2026-09-19T22:17:46Z	d8472cc	30-no-secrets	0
one-per-sha	2026-09-19T22:17:47Z	d8472cc	40-omp-compact-replay	0
one-per-sha	2026-09-19T22:17:47Z	d8472cc	50-house-gates	0
one-per-sha	2026-09-19T22:17:50Z	d8472cc	60-staged-deletion-lane	0
one-per-sha	2026-09-19T22:17:50Z	d8472cc	70-tests-registry-sync	0
one-per-sha	2026-09-19T22:18:07Z	d8472cc	80-lane-instrument-selftests	0
one-per-sha	2026-09-19T22:18:07Z	d8472cc	90-sidecar-verifier-wrapper	0
one-per-sha	2026-09-19T22:18:07Z	d8472cc	95-numerals-ratchet	0
one-per-sha	2026-09-19T22:18:07Z	d8472cc	96-verdict-status-agreement	0
one-per-sha	2026-09-19T22:18:07Z	d8472cc	97-readme-counts	0
one-per-sha	2026-09-19T07:01:23Z	d8c38df	10-fixture-integrity	0
one-per-sha	2026-09-19T07:01:23Z	d8c38df	20-receipt-freshness	0
one-per-sha	2026-09-19T07:01:23Z	d8c38df	30-no-secrets	0
one-per-sha	2026-09-19T07:01:24Z	d8c38df	40-omp-compact-replay	0
one-per-sha	2026-09-19T07:01:25Z	d8c38df	50-house-gates	0
one-per-sha	2026-09-19T07:01:27Z	d8c38df	60-staged-deletion-lane	0
one-per-sha	2026-09-19T07:01:27Z	d8c38df	70-tests-registry-sync	0
one-per-sha	2026-09-19T07:01:43Z	d8c38df	80-lane-instrument-selftests	0
one-per-sha	2026-09-19T07:01:43Z	d8c38df	90-sidecar-verifier-wrapper	0
one-per-sha	2026-09-19T07:01:43Z	d8c38df	95-numerals-ratchet	0
one-per-sha	2026-09-19T07:01:43Z	d8c38df	96-verdict-status-agreement	0
one-per-sha	2026-09-19T07:01:43Z	d8c38df	97-readme-counts	0
one-per-sha	2026-09-20T16:14:02Z	d916152	10-fixture-integrity	0
one-per-sha	2026-09-20T16:14:02Z	d916152	20-receipt-freshness	0
one-per-sha	2026-09-20T16:14:02Z	d916152	30-no-secrets	0
one-per-sha	2026-09-20T16:14:03Z	d916152	40-omp-compact-replay	0
one-per-sha	2026-09-20T16:14:04Z	d916152	50-house-gates	0
one-per-sha	2026-09-20T16:14:06Z	d916152	60-staged-deletion-lane	0
one-per-sha	2026-09-20T16:14:07Z	d916152	70-tests-registry-sync	0
one-per-sha	2026-09-20T16:14:26Z	d916152	80-lane-instrument-selftests	0
one-per-sha	2026-09-20T16:14:26Z	d916152	85-promotion-contract	0
one-per-sha	2026-09-20T16:14:27Z	d916152	90-sidecar-verifier-wrapper	0
one-per-sha	2026-09-20T16:14:27Z	d916152	95-numerals-ratchet	0
one-per-sha	2026-09-20T16:14:27Z	d916152	96-verdict-status-agreement	0
one-per-sha	2026-09-20T16:14:27Z	d916152	97-readme-counts	0
one-per-sha	2026-09-20T10:26:13Z	da209da	10-fixture-integrity	0
one-per-sha	2026-09-20T10:26:13Z	da209da	20-receipt-freshness	0
one-per-sha	2026-09-20T10:26:14Z	da209da	30-no-secrets	0
one-per-sha	2026-09-20T10:26:15Z	da209da	40-omp-compact-replay	0
one-per-sha	2026-09-20T10:26:15Z	da209da	50-house-gates	0
one-per-sha	2026-09-20T10:26:19Z	da209da	60-staged-deletion-lane	0
one-per-sha	2026-09-20T10:26:19Z	da209da	70-tests-registry-sync	0
one-per-sha	2026-09-20T10:26:36Z	da209da	80-lane-instrument-selftests	0
one-per-sha	2026-09-20T10:26:36Z	da209da	85-promotion-contract	0
one-per-sha	2026-09-20T10:26:36Z	da209da	90-sidecar-verifier-wrapper	0
one-per-sha	2026-09-20T10:26:36Z	da209da	95-numerals-ratchet	0
one-per-sha	2026-09-20T10:26:36Z	da209da	96-verdict-status-agreement	0
one-per-sha	2026-09-20T10:26:36Z	da209da	97-readme-counts	0
one-per-sha	2026-09-20T06:15:55Z	daeabe8	10-fixture-integrity	0
one-per-sha	2026-09-20T06:15:55Z	daeabe8	20-receipt-freshness	0
one-per-sha	2026-09-20T06:15:55Z	daeabe8	30-no-secrets	0
one-per-sha	2026-09-20T06:15:56Z	daeabe8	40-omp-compact-replay	0
one-per-sha	2026-09-20T06:15:57Z	daeabe8	50-house-gates	0
one-per-sha	2026-09-20T06:16:00Z	daeabe8	60-staged-deletion-lane	0
one-per-sha	2026-09-20T06:16:00Z	daeabe8	70-tests-registry-sync	0
one-per-sha	2026-09-20T06:16:18Z	daeabe8	80-lane-instrument-selftests	0
one-per-sha	2026-09-20T06:16:18Z	daeabe8	90-sidecar-verifier-wrapper	0
one-per-sha	2026-09-20T06:16:18Z	daeabe8	95-numerals-ratchet	0
one-per-sha	2026-09-20T06:16:18Z	daeabe8	96-verdict-status-agreement	0
one-per-sha	2026-09-20T06:16:18Z	daeabe8	97-readme-counts	0
one-per-sha	2026-09-19T05:41:10Z	db37dac	10-fixture-integrity	0
one-per-sha	2026-09-19T05:41:10Z	db37dac	20-receipt-freshness	0
one-per-sha	2026-09-19T05:41:10Z	db37dac	30-no-secrets	0
one-per-sha	2026-09-19T05:41:11Z	db37dac	40-omp-compact-replay	0
one-per-sha	2026-09-19T05:41:12Z	db37dac	50-house-gates	0
one-per-sha	2026-09-19T05:41:16Z	db37dac	60-staged-deletion-lane	0
one-per-sha	2026-09-19T05:41:16Z	db37dac	70-tests-registry-sync	0
one-per-sha	2026-09-19T05:41:32Z	db37dac	80-lane-instrument-selftests	0
one-per-sha	2026-09-19T05:41:32Z	db37dac	90-sidecar-verifier-wrapper	0
one-per-sha	2026-09-19T05:41:32Z	db37dac	95-numerals-ratchet	0
one-per-sha	2026-09-19T05:41:32Z	db37dac	96-verdict-status-agreement	0
one-per-sha	2026-09-19T05:41:32Z	db37dac	97-readme-counts	0
one-per-sha	2026-09-19T23:20:28Z	dbdc84b	10-fixture-integrity	0
one-per-sha	2026-09-19T23:20:28Z	dbdc84b	20-receipt-freshness	0
one-per-sha	2026-09-19T23:20:28Z	dbdc84b	30-no-secrets	0
one-per-sha	2026-09-19T23:20:29Z	dbdc84b	40-omp-compact-replay	0
one-per-sha	2026-09-19T23:20:29Z	dbdc84b	50-house-gates	0
one-per-sha	2026-09-19T23:20:32Z	dbdc84b	60-staged-deletion-lane	0
one-per-sha	2026-09-19T23:20:32Z	dbdc84b	70-tests-registry-sync	0
one-per-sha	2026-09-19T23:20:48Z	dbdc84b	80-lane-instrument-selftests	0
one-per-sha	2026-09-19T23:20:48Z	dbdc84b	90-sidecar-verifier-wrapper	0
one-per-sha	2026-09-19T23:20:48Z	dbdc84b	95-numerals-ratchet	0
one-per-sha	2026-09-19T23:20:48Z	dbdc84b	96-verdict-status-agreement	0
one-per-sha	2026-09-19T23:20:48Z	dbdc84b	97-readme-counts	0
one-per-sha	2026-09-20T03:46:09Z	dc2016c	10-fixture-integrity	0
one-per-sha	2026-09-20T03:46:09Z	dc2016c	20-receipt-freshness	0
one-per-sha	2026-09-20T03:46:09Z	dc2016c	30-no-secrets	0
one-per-sha	2026-09-20T03:46:10Z	dc2016c	40-omp-compact-replay	0
one-per-sha	2026-09-20T03:46:11Z	dc2016c	50-house-gates	0
one-per-sha	2026-09-20T03:46:14Z	dc2016c	60-staged-deletion-lane	0
one-per-sha	2026-09-20T03:46:14Z	dc2016c	70-tests-registry-sync	0
one-per-sha	2026-09-20T03:46:31Z	dc2016c	80-lane-instrument-selftests	0
one-per-sha	2026-09-20T03:46:31Z	dc2016c	90-sidecar-verifier-wrapper	0
one-per-sha	2026-09-20T03:46:31Z	dc2016c	95-numerals-ratchet	0
one-per-sha	2026-09-20T03:46:31Z	dc2016c	96-verdict-status-agreement	0
one-per-sha	2026-09-20T03:46:31Z	dc2016c	97-readme-counts	0
one-per-sha	2026-09-20T07:14:41Z	df05971	10-fixture-integrity	0
one-per-sha	2026-09-20T07:14:41Z	df05971	20-receipt-freshness	0
one-per-sha	2026-09-20T07:14:41Z	df05971	30-no-secrets	0
one-per-sha	2026-09-20T07:14:43Z	df05971	40-omp-compact-replay	0
one-per-sha	2026-09-20T07:14:43Z	df05971	50-house-gates	0
one-per-sha	2026-09-20T07:14:46Z	df05971	60-staged-deletion-lane	0
one-per-sha	2026-09-20T07:14:46Z	df05971	70-tests-registry-sync	0
one-per-sha	2026-09-20T07:15:03Z	df05971	80-lane-instrument-selftests	0
one-per-sha	2026-09-20T07:15:03Z	df05971	85-promotion-contract	0
one-per-sha	2026-09-20T07:15:03Z	df05971	90-sidecar-verifier-wrapper	0
one-per-sha	2026-09-20T07:15:03Z	df05971	95-numerals-ratchet	0
one-per-sha	2026-09-20T07:15:03Z	df05971	96-verdict-status-agreement	0
one-per-sha	2026-09-20T07:15:03Z	df05971	97-readme-counts	0
one-per-sha	2026-09-19T03:53:15Z	df19add	10-fixture-integrity	0
one-per-sha	2026-09-19T03:53:15Z	df19add	20-receipt-freshness	0
one-per-sha	2026-09-19T03:53:16Z	df19add	30-no-secrets	0
one-per-sha	2026-09-19T03:53:16Z	df19add	40-omp-compact-replay	0
one-per-sha	2026-09-19T03:53:17Z	df19add	50-house-gates	0
one-per-sha	2026-09-19T03:53:19Z	df19add	60-staged-deletion-lane	0
one-per-sha	2026-09-19T03:53:19Z	df19add	70-tests-registry-sync	0
one-per-sha	2026-09-19T03:53:34Z	df19add	80-lane-instrument-selftests	0
one-per-sha	2026-09-19T03:53:35Z	df19add	90-sidecar-verifier-wrapper	0
one-per-sha	2026-09-19T03:53:35Z	df19add	95-numerals-ratchet	0
one-per-sha	2026-09-19T03:53:35Z	df19add	96-verdict-status-agreement	0
one-per-sha	2026-09-19T03:53:35Z	df19add	97-readme-counts	0
one-per-sha	2026-09-19T02:46:33Z	dfba8c1	10-fixture-integrity	0
one-per-sha	2026-09-19T02:46:33Z	dfba8c1	20-receipt-freshness	0
one-per-sha	2026-09-19T02:46:33Z	dfba8c1	30-no-secrets	0
one-per-sha	2026-09-19T02:46:34Z	dfba8c1	40-omp-compact-replay	0
one-per-sha	2026-09-19T02:46:34Z	dfba8c1	50-house-gates	0
one-per-sha	2026-09-19T02:46:37Z	dfba8c1	60-staged-deletion-lane	0
one-per-sha	2026-09-19T02:46:37Z	dfba8c1	70-tests-registry-sync	0
one-per-sha	2026-09-19T02:46:53Z	dfba8c1	80-lane-instrument-selftests	0
one-per-sha	2026-09-19T02:46:53Z	dfba8c1	90-sidecar-verifier-wrapper	0
one-per-sha	2026-09-19T02:46:53Z	dfba8c1	95-numerals-ratchet	0
one-per-sha	2026-09-19T02:46:53Z	dfba8c1	96-verdict-status-agreement	0
one-per-sha	2026-09-19T02:46:53Z	dfba8c1	97-readme-counts	0
one-per-sha	2026-09-19T18:41:19Z	e11fc36	10-fixture-integrity	0
one-per-sha	2026-09-19T18:41:19Z	e11fc36	20-receipt-freshness	0
one-per-sha	2026-09-19T18:41:19Z	e11fc36	30-no-secrets	0
one-per-sha	2026-09-19T18:41:20Z	e11fc36	40-omp-compact-replay	0
one-per-sha	2026-09-19T18:41:21Z	e11fc36	50-house-gates	0
one-per-sha	2026-09-19T18:41:24Z	e11fc36	60-staged-deletion-lane	0
one-per-sha	2026-09-19T18:41:24Z	e11fc36	70-tests-registry-sync	0
one-per-sha	2026-09-19T18:41:41Z	e11fc36	80-lane-instrument-selftests	0
one-per-sha	2026-09-19T18:41:41Z	e11fc36	90-sidecar-verifier-wrapper	0
one-per-sha	2026-09-19T18:41:41Z	e11fc36	95-numerals-ratchet	0
one-per-sha	2026-09-19T18:41:41Z	e11fc36	96-verdict-status-agreement	0
one-per-sha	2026-09-19T18:41:42Z	e11fc36	97-readme-counts	0
one-per-sha	2026-09-20T10:01:55Z	e17bdb5	10-fixture-integrity	0
one-per-sha	2026-09-20T10:01:55Z	e17bdb5	20-receipt-freshness	0
one-per-sha	2026-09-20T10:01:55Z	e17bdb5	30-no-secrets	0
one-per-sha	2026-09-20T10:01:56Z	e17bdb5	40-omp-compact-replay	0
one-per-sha	2026-09-20T10:01:56Z	e17bdb5	50-house-gates	0
one-per-sha	2026-09-20T10:01:59Z	e17bdb5	60-staged-deletion-lane	0
one-per-sha	2026-09-20T10:01:59Z	e17bdb5	70-tests-registry-sync	0
one-per-sha	2026-09-20T10:02:17Z	e17bdb5	80-lane-instrument-selftests	0
one-per-sha	2026-09-20T10:02:17Z	e17bdb5	85-promotion-contract	0
one-per-sha	2026-09-20T10:02:17Z	e17bdb5	90-sidecar-verifier-wrapper	0
one-per-sha	2026-09-20T10:02:17Z	e17bdb5	95-numerals-ratchet	0
one-per-sha	2026-09-20T10:02:17Z	e17bdb5	96-verdict-status-agreement	0
one-per-sha	2026-09-20T10:02:17Z	e17bdb5	97-readme-counts	0
one-per-sha	2026-09-20T17:42:46Z	e2479f1	10-fixture-integrity	0
one-per-sha	2026-09-20T17:42:46Z	e2479f1	20-receipt-freshness	0
one-per-sha	2026-09-20T17:42:46Z	e2479f1	30-no-secrets	0
one-per-sha	2026-09-20T17:42:48Z	e2479f1	40-omp-compact-replay	0
one-per-sha	2026-09-20T17:42:48Z	e2479f1	50-house-gates	0
one-per-sha	2026-09-20T17:42:52Z	e2479f1	60-staged-deletion-lane	0
one-per-sha	2026-09-20T17:42:52Z	e2479f1	70-tests-registry-sync	0
one-per-sha	2026-09-20T17:43:15Z	e2479f1	80-lane-instrument-selftests	0
one-per-sha	2026-09-20T17:43:15Z	e2479f1	85-promotion-contract	0
one-per-sha	2026-09-20T17:43:15Z	e2479f1	90-sidecar-verifier-wrapper	0
one-per-sha	2026-09-20T17:43:15Z	e2479f1	95-numerals-ratchet	0
one-per-sha	2026-09-20T17:43:15Z	e2479f1	96-verdict-status-agreement	0
one-per-sha	2026-09-20T17:43:15Z	e2479f1	97-readme-counts	0
one-per-sha	2026-09-19T19:49:08Z	e27b536	10-fixture-integrity	0
one-per-sha	2026-09-19T19:49:08Z	e27b536	20-receipt-freshness	0
one-per-sha	2026-09-19T19:49:08Z	e27b536	30-no-secrets	0
one-per-sha	2026-09-19T19:49:09Z	e27b536	40-omp-compact-replay	0
one-per-sha	2026-09-19T19:49:10Z	e27b536	50-house-gates	0
one-per-sha	2026-09-19T19:49:13Z	e27b536	60-staged-deletion-lane	0
one-per-sha	2026-09-19T19:49:13Z	e27b536	70-tests-registry-sync	0
one-per-sha	2026-09-19T19:49:29Z	e27b536	80-lane-instrument-selftests	0
one-per-sha	2026-09-19T19:49:29Z	e27b536	90-sidecar-verifier-wrapper	0
one-per-sha	2026-09-19T19:49:29Z	e27b536	95-numerals-ratchet	0
one-per-sha	2026-09-19T19:49:29Z	e27b536	96-verdict-status-agreement	0
one-per-sha	2026-09-19T19:49:29Z	e27b536	97-readme-counts	0
one-per-sha	2026-09-19T19:45:00Z	e2c1bd0	10-fixture-integrity	0
one-per-sha	2026-09-19T19:45:00Z	e2c1bd0	20-receipt-freshness	0
one-per-sha	2026-09-19T19:45:00Z	e2c1bd0	30-no-secrets	0
one-per-sha	2026-09-19T19:45:01Z	e2c1bd0	40-omp-compact-replay	0
one-per-sha	2026-09-19T19:45:02Z	e2c1bd0	50-house-gates	0
one-per-sha	2026-09-19T19:45:06Z	e2c1bd0	60-staged-deletion-lane	0
one-per-sha	2026-09-19T19:45:06Z	e2c1bd0	70-tests-registry-sync	0
one-per-sha	2026-09-19T19:45:22Z	e2c1bd0	80-lane-instrument-selftests	0
one-per-sha	2026-09-19T19:45:22Z	e2c1bd0	90-sidecar-verifier-wrapper	0
one-per-sha	2026-09-19T19:45:22Z	e2c1bd0	95-numerals-ratchet	0
one-per-sha	2026-09-19T19:45:22Z	e2c1bd0	96-verdict-status-agreement	0
one-per-sha	2026-09-19T19:45:22Z	e2c1bd0	97-readme-counts	0
one-per-sha	2026-09-20T15:02:44Z	e2e8b9a	10-fixture-integrity	0
one-per-sha	2026-09-20T15:02:44Z	e2e8b9a	20-receipt-freshness	0
one-per-sha	2026-09-20T15:02:44Z	e2e8b9a	30-no-secrets	0
one-per-sha	2026-09-20T15:02:45Z	e2e8b9a	40-omp-compact-replay	0
one-per-sha	2026-09-20T15:02:46Z	e2e8b9a	50-house-gates	0
one-per-sha	2026-09-20T15:02:49Z	e2e8b9a	60-staged-deletion-lane	0
one-per-sha	2026-09-20T15:02:49Z	e2e8b9a	70-tests-registry-sync	0
one-per-sha	2026-09-20T15:03:06Z	e2e8b9a	80-lane-instrument-selftests	0
one-per-sha	2026-09-20T15:03:06Z	e2e8b9a	85-promotion-contract	0
one-per-sha	2026-09-20T15:03:06Z	e2e8b9a	90-sidecar-verifier-wrapper	0
one-per-sha	2026-09-20T15:03:06Z	e2e8b9a	95-numerals-ratchet	0
one-per-sha	2026-09-20T15:03:07Z	e2e8b9a	96-verdict-status-agreement	0
one-per-sha	2026-09-20T15:03:07Z	e2e8b9a	97-readme-counts	0
one-per-sha	2026-09-20T07:26:53Z	e33bd5d	10-fixture-integrity	0
one-per-sha	2026-09-20T07:26:53Z	e33bd5d	20-receipt-freshness	0
one-per-sha	2026-09-20T07:26:54Z	e33bd5d	30-no-secrets	0
one-per-sha	2026-09-20T07:26:55Z	e33bd5d	40-omp-compact-replay	0
one-per-sha	2026-09-20T07:26:55Z	e33bd5d	50-house-gates	0
one-per-sha	2026-09-20T07:26:59Z	e33bd5d	60-staged-deletion-lane	0
one-per-sha	2026-09-20T07:26:59Z	e33bd5d	70-tests-registry-sync	0
one-per-sha	2026-09-20T07:27:15Z	e33bd5d	80-lane-instrument-selftests	0
one-per-sha	2026-09-20T07:27:15Z	e33bd5d	85-promotion-contract	0
one-per-sha	2026-09-20T07:27:15Z	e33bd5d	90-sidecar-verifier-wrapper	0
one-per-sha	2026-09-20T07:27:16Z	e33bd5d	95-numerals-ratchet	0
one-per-sha	2026-09-20T07:27:16Z	e33bd5d	96-verdict-status-agreement	0
one-per-sha	2026-09-20T07:27:16Z	e33bd5d	97-readme-counts	0
one-per-sha	2026-09-23T03:21:17Z	e3dd0c4	10-fixture-integrity	0
one-per-sha	2026-09-23T03:21:17Z	e3dd0c4	15-kit-claim	0
one-per-sha	2026-09-23T03:21:19Z	e3dd0c4	16-kit-readiness	0
one-per-sha	2026-09-23T03:21:19Z	e3dd0c4	17-kit-demotion	0
one-per-sha	2026-09-23T03:21:20Z	e3dd0c4	20-receipt-freshness	0
one-per-sha	2026-09-23T03:21:20Z	e3dd0c4	30-no-secrets	0
one-per-sha	2026-09-23T03:21:42Z	e3dd0c4	40-omp-compact-replay	0
one-per-sha	2026-09-23T03:21:43Z	e3dd0c4	44-native-surface	0
one-per-sha	2026-09-23T03:21:45Z	e3dd0c4	50-house-gates	0
one-per-sha	2026-09-23T03:21:53Z	e3dd0c4	60-staged-deletion-lane	0
one-per-sha	2026-09-23T03:21:53Z	e3dd0c4	70-tests-registry-sync	0
one-per-sha	2026-09-23T03:25:15Z	e3dd0c4	80-lane-instrument-selftests	0
one-per-sha	2026-09-23T03:25:15Z	e3dd0c4	85-promotion-contract	0
one-per-sha	2026-09-23T03:25:16Z	e3dd0c4	90-sidecar-verifier-wrapper	0
one-per-sha	2026-09-23T03:25:16Z	e3dd0c4	95-numerals-ratchet	0
one-per-sha	2026-09-23T03:25:16Z	e3dd0c4	96-verdict-status-agreement	0
one-per-sha	2026-09-23T03:25:16Z	e3dd0c4	97-readme-counts	0
one-per-sha	2026-09-20T12:48:51Z	e44c338	10-fixture-integrity	0
one-per-sha	2026-09-20T12:48:51Z	e44c338	20-receipt-freshness	0
one-per-sha	2026-09-20T12:48:51Z	e44c338	30-no-secrets	0
one-per-sha	2026-09-20T12:48:52Z	e44c338	40-omp-compact-replay	0
one-per-sha	2026-09-20T12:48:52Z	e44c338	50-house-gates	0
one-per-sha	2026-09-20T12:48:57Z	e44c338	60-staged-deletion-lane	0
one-per-sha	2026-09-20T12:48:57Z	e44c338	70-tests-registry-sync	0
one-per-sha	2026-09-20T12:49:14Z	e44c338	80-lane-instrument-selftests	0
one-per-sha	2026-09-20T12:49:15Z	e44c338	85-promotion-contract	0
one-per-sha	2026-09-20T12:49:15Z	e44c338	90-sidecar-verifier-wrapper	0
one-per-sha	2026-09-20T12:49:15Z	e44c338	95-numerals-ratchet	0
one-per-sha	2026-09-20T12:49:15Z	e44c338	96-verdict-status-agreement	0
one-per-sha	2026-09-20T12:49:15Z	e44c338	97-readme-counts	0
one-per-sha	2026-09-19T22:47:27Z	e678550	10-fixture-integrity	0
one-per-sha	2026-09-19T22:47:27Z	e678550	20-receipt-freshness	0
one-per-sha	2026-09-19T22:47:27Z	e678550	30-no-secrets	0
one-per-sha	2026-09-19T22:47:28Z	e678550	40-omp-compact-replay	0
one-per-sha	2026-09-19T22:47:28Z	e678550	50-house-gates	0
one-per-sha	2026-09-19T22:47:32Z	e678550	60-staged-deletion-lane	0
one-per-sha	2026-09-19T22:47:32Z	e678550	70-tests-registry-sync	0
one-per-sha	2026-09-19T22:47:48Z	e678550	80-lane-instrument-selftests	0
one-per-sha	2026-09-19T22:47:48Z	e678550	90-sidecar-verifier-wrapper	0
one-per-sha	2026-09-19T22:47:48Z	e678550	95-numerals-ratchet	0
one-per-sha	2026-09-19T22:47:48Z	e678550	96-verdict-status-agreement	0
one-per-sha	2026-09-19T22:47:48Z	e678550	97-readme-counts	0
one-per-sha	2026-09-20T06:01:49Z	e6cb244	10-fixture-integrity	0
one-per-sha	2026-09-20T06:01:49Z	e6cb244	20-receipt-freshness	0
one-per-sha	2026-09-20T06:01:49Z	e6cb244	30-no-secrets	0
one-per-sha	2026-09-20T06:01:50Z	e6cb244	40-omp-compact-replay	0
one-per-sha	2026-09-20T06:01:51Z	e6cb244	50-house-gates	0
one-per-sha	2026-09-20T06:01:54Z	e6cb244	60-staged-deletion-lane	0
one-per-sha	2026-09-20T06:01:55Z	e6cb244	70-tests-registry-sync	0
one-per-sha	2026-09-20T06:02:11Z	e6cb244	80-lane-instrument-selftests	0
one-per-sha	2026-09-20T06:02:11Z	e6cb244	90-sidecar-verifier-wrapper	0
one-per-sha	2026-09-20T06:02:11Z	e6cb244	95-numerals-ratchet	0
one-per-sha	2026-09-20T06:02:11Z	e6cb244	96-verdict-status-agreement	0
one-per-sha	2026-09-20T06:02:11Z	e6cb244	97-readme-counts	0
one-per-sha	2026-09-24T02:14:34Z	eb4efd2	10-fixture-integrity	0
one-per-sha	2026-09-24T02:14:35Z	eb4efd2	15-kit-claim	0
one-per-sha	2026-09-24T02:14:38Z	eb4efd2	16-kit-readiness	0
one-per-sha	2026-09-24T02:14:38Z	eb4efd2	17-kit-demotion	0
one-per-sha	2026-09-24T02:14:38Z	eb4efd2	20-receipt-freshness	0
one-per-sha	2026-09-24T02:14:39Z	eb4efd2	30-no-secrets	0
one-per-sha	2026-09-24T02:14:50Z	eb4efd2	40-omp-compact-replay	0
one-per-sha	2026-09-24T02:14:51Z	eb4efd2	44-native-surface	0
one-per-sha	2026-09-24T02:14:53Z	eb4efd2	50-house-gates	0
one-per-sha	2026-09-24T02:15:05Z	eb4efd2	60-staged-deletion-lane	0
one-per-sha	2026-09-24T02:15:06Z	eb4efd2	70-tests-registry-sync	0
one-per-sha	2026-09-19T15:03:04Z	eb99a33	10-fixture-integrity	0
one-per-sha	2026-09-19T15:03:04Z	eb99a33	20-receipt-freshness	0
one-per-sha	2026-09-19T15:03:04Z	eb99a33	30-no-secrets	0
one-per-sha	2026-09-19T15:03:05Z	eb99a33	40-omp-compact-replay	0
one-per-sha	2026-09-19T15:03:06Z	eb99a33	50-house-gates	0
one-per-sha	2026-09-19T15:03:08Z	eb99a33	60-staged-deletion-lane	0
one-per-sha	2026-09-19T15:03:08Z	eb99a33	70-tests-registry-sync	0
one-per-sha	2026-09-19T15:03:23Z	eb99a33	80-lane-instrument-selftests	0
one-per-sha	2026-09-19T15:03:24Z	eb99a33	90-sidecar-verifier-wrapper	0
one-per-sha	2026-09-19T15:03:24Z	eb99a33	95-numerals-ratchet	0
one-per-sha	2026-09-19T15:03:24Z	eb99a33	96-verdict-status-agreement	0
one-per-sha	2026-09-19T15:03:24Z	eb99a33	97-readme-counts	0
one-per-sha	2026-09-20T05:05:40Z	ec032e9	10-fixture-integrity	0
one-per-sha	2026-09-20T05:05:40Z	ec032e9	20-receipt-freshness	0
one-per-sha	2026-09-20T05:05:40Z	ec032e9	30-no-secrets	0
one-per-sha	2026-09-20T05:05:41Z	ec032e9	40-omp-compact-replay	0
one-per-sha	2026-09-20T05:05:42Z	ec032e9	50-house-gates	0
one-per-sha	2026-09-20T05:05:44Z	ec032e9	60-staged-deletion-lane	0
one-per-sha	2026-09-20T05:05:45Z	ec032e9	70-tests-registry-sync	0
one-per-sha	2026-09-20T05:06:01Z	ec032e9	80-lane-instrument-selftests	0
one-per-sha	2026-09-20T05:06:02Z	ec032e9	90-sidecar-verifier-wrapper	0
one-per-sha	2026-09-20T05:06:02Z	ec032e9	95-numerals-ratchet	0
one-per-sha	2026-09-20T05:06:02Z	ec032e9	96-verdict-status-agreement	0
one-per-sha	2026-09-20T05:06:02Z	ec032e9	97-readme-counts	0
one-per-sha	2026-09-20T08:05:47Z	ed0b2b4	10-fixture-integrity	0
one-per-sha	2026-09-20T08:05:47Z	ed0b2b4	20-receipt-freshness	0
one-per-sha	2026-09-20T08:05:47Z	ed0b2b4	30-no-secrets	0
one-per-sha	2026-09-20T08:05:48Z	ed0b2b4	40-omp-compact-replay	0
one-per-sha	2026-09-20T08:05:48Z	ed0b2b4	50-house-gates	0
one-per-sha	2026-09-20T08:05:52Z	ed0b2b4	60-staged-deletion-lane	0
one-per-sha	2026-09-20T08:05:52Z	ed0b2b4	70-tests-registry-sync	0
one-per-sha	2026-09-20T08:06:08Z	ed0b2b4	80-lane-instrument-selftests	0
one-per-sha	2026-09-20T08:06:08Z	ed0b2b4	85-promotion-contract	0
one-per-sha	2026-09-20T08:06:08Z	ed0b2b4	90-sidecar-verifier-wrapper	0
one-per-sha	2026-09-20T08:06:08Z	ed0b2b4	95-numerals-ratchet	0
one-per-sha	2026-09-20T08:06:09Z	ed0b2b4	96-verdict-status-agreement	0
one-per-sha	2026-09-20T08:06:09Z	ed0b2b4	97-readme-counts	0
one-per-sha	2026-09-19T16:27:09Z	eebc4da	10-fixture-integrity	0
one-per-sha	2026-09-19T16:27:09Z	eebc4da	20-receipt-freshness	0
one-per-sha	2026-09-19T16:27:09Z	eebc4da	30-no-secrets	0
one-per-sha	2026-09-19T16:27:10Z	eebc4da	40-omp-compact-replay	0
one-per-sha	2026-09-19T16:27:11Z	eebc4da	50-house-gates	0
one-per-sha	2026-09-19T16:27:14Z	eebc4da	60-staged-deletion-lane	0
one-per-sha	2026-09-19T16:27:14Z	eebc4da	70-tests-registry-sync	0
one-per-sha	2026-09-19T16:27:30Z	eebc4da	80-lane-instrument-selftests	0
one-per-sha	2026-09-19T16:27:31Z	eebc4da	90-sidecar-verifier-wrapper	0
one-per-sha	2026-09-19T16:27:31Z	eebc4da	95-numerals-ratchet	0
one-per-sha	2026-09-19T16:27:31Z	eebc4da	96-verdict-status-agreement	0
one-per-sha	2026-09-19T16:27:31Z	eebc4da	97-readme-counts	0
one-per-sha	2026-09-23T02:37:35Z	efff421	10-fixture-integrity	0
one-per-sha	2026-09-23T02:37:35Z	efff421	15-kit-claim	0
one-per-sha	2026-09-23T02:37:36Z	efff421	16-kit-readiness	0
one-per-sha	2026-09-23T02:37:36Z	efff421	17-kit-demotion	0
one-per-sha	2026-09-23T02:37:36Z	efff421	20-receipt-freshness	0
one-per-sha	2026-09-23T02:37:36Z	efff421	30-no-secrets	0
one-per-sha	2026-09-23T02:37:37Z	efff421	40-omp-compact-replay	0
one-per-sha	2026-09-23T02:37:37Z	efff421	44-native-surface	0
one-per-sha	2026-09-23T02:37:37Z	efff421	50-house-gates	0
one-per-sha	2026-09-23T02:37:40Z	efff421	60-staged-deletion-lane	0
one-per-sha	2026-09-23T02:37:41Z	efff421	70-tests-registry-sync	0
one-per-sha	2026-09-23T02:39:02Z	efff421	80-lane-instrument-selftests	1
one-per-sha	2026-09-23T02:39:02Z	efff421	85-promotion-contract	0
one-per-sha	2026-09-23T02:39:02Z	efff421	90-sidecar-verifier-wrapper	0
one-per-sha	2026-09-23T02:39:02Z	efff421	95-numerals-ratchet	0
one-per-sha	2026-09-23T02:39:02Z	efff421	96-verdict-status-agreement	0
one-per-sha	2026-09-23T02:39:02Z	efff421	97-readme-counts	0
one-per-sha	2026-09-24T08:21:13Z	f0f7fe2	10-fixture-integrity	0
one-per-sha	2026-09-24T08:21:14Z	f0f7fe2	15-kit-claim	0
one-per-sha	2026-09-24T08:21:14Z	f0f7fe2	16-kit-readiness	0
one-per-sha	2026-09-24T08:21:15Z	f0f7fe2	17-kit-demotion	0
one-per-sha	2026-09-24T08:21:15Z	f0f7fe2	20-receipt-freshness	0
one-per-sha	2026-09-24T08:21:15Z	f0f7fe2	30-no-secrets	0
one-per-sha	2026-09-24T08:21:16Z	f0f7fe2	40-omp-compact-replay	0
one-per-sha	2026-09-24T08:21:16Z	f0f7fe2	44-native-surface	1
one-per-sha	2026-09-24T08:21:16Z	f0f7fe2	50-house-gates	0
one-per-sha	2026-09-24T08:21:18Z	f0f7fe2	60-staged-deletion-lane	0
one-per-sha	2026-09-24T08:21:19Z	f0f7fe2	70-tests-registry-sync	0
one-per-sha	2026-09-24T08:22:20Z	f0f7fe2	80-lane-instrument-selftests	0
one-per-sha	2026-09-24T08:22:20Z	f0f7fe2	85-promotion-contract	0
one-per-sha	2026-09-24T08:22:20Z	f0f7fe2	90-sidecar-verifier-wrapper	0
one-per-sha	2026-09-24T08:22:21Z	f0f7fe2	95-numerals-ratchet	0
one-per-sha	2026-09-24T08:22:21Z	f0f7fe2	96-verdict-status-agreement	0
one-per-sha	2026-09-24T08:22:21Z	f0f7fe2	97-readme-counts	0
one-per-sha	2026-09-19T17:03:12Z	f0fcf32	10-fixture-integrity	0
one-per-sha	2026-09-19T17:03:12Z	f0fcf32	20-receipt-freshness	0
one-per-sha	2026-09-19T17:03:12Z	f0fcf32	30-no-secrets	0
one-per-sha	2026-09-19T17:03:13Z	f0fcf32	40-omp-compact-replay	0
one-per-sha	2026-09-19T17:03:14Z	f0fcf32	50-house-gates	0
one-per-sha	2026-09-19T17:03:17Z	f0fcf32	60-staged-deletion-lane	0
one-per-sha	2026-09-19T17:03:17Z	f0fcf32	70-tests-registry-sync	0
one-per-sha	2026-09-19T17:03:34Z	f0fcf32	80-lane-instrument-selftests	0
one-per-sha	2026-09-19T17:03:35Z	f0fcf32	90-sidecar-verifier-wrapper	0
one-per-sha	2026-09-19T17:03:35Z	f0fcf32	95-numerals-ratchet	0
one-per-sha	2026-09-19T17:03:35Z	f0fcf32	96-verdict-status-agreement	0
one-per-sha	2026-09-19T17:03:35Z	f0fcf32	97-readme-counts	0
one-per-sha	2026-09-20T08:41:37Z	f128ce3	10-fixture-integrity	0
one-per-sha	2026-09-20T08:41:37Z	f128ce3	20-receipt-freshness	0
one-per-sha	2026-09-20T08:41:37Z	f128ce3	30-no-secrets	0
one-per-sha	2026-09-20T08:41:38Z	f128ce3	40-omp-compact-replay	0
one-per-sha	2026-09-20T08:41:39Z	f128ce3	50-house-gates	0
one-per-sha	2026-09-20T08:41:42Z	f128ce3	60-staged-deletion-lane	0
one-per-sha	2026-09-20T08:41:42Z	f128ce3	70-tests-registry-sync	0
one-per-sha	2026-09-20T08:42:00Z	f128ce3	80-lane-instrument-selftests	0
one-per-sha	2026-09-20T08:42:01Z	f128ce3	85-promotion-contract	0
one-per-sha	2026-09-20T08:42:01Z	f128ce3	90-sidecar-verifier-wrapper	0
one-per-sha	2026-09-20T08:42:01Z	f128ce3	95-numerals-ratchet	0
one-per-sha	2026-09-20T08:42:01Z	f128ce3	96-verdict-status-agreement	0
one-per-sha	2026-09-20T08:42:01Z	f128ce3	97-readme-counts	0
one-per-sha	2026-09-24T01:29:52Z	f132b96	10-fixture-integrity	0
one-per-sha	2026-09-24T01:29:52Z	f132b96	15-kit-claim	0
one-per-sha	2026-09-24T01:29:53Z	f132b96	16-kit-readiness	0
one-per-sha	2026-09-24T01:29:53Z	f132b96	17-kit-demotion	0
one-per-sha	2026-09-24T01:29:53Z	f132b96	20-receipt-freshness	0
one-per-sha	2026-09-24T01:29:53Z	f132b96	30-no-secrets	0
one-per-sha	2026-09-24T01:29:54Z	f132b96	40-omp-compact-replay	0
one-per-sha	2026-09-24T01:29:55Z	f132b96	44-native-surface	0
one-per-sha	2026-09-24T01:29:55Z	f132b96	50-house-gates	0
one-per-sha	2026-09-24T01:30:00Z	f132b96	60-staged-deletion-lane	0
one-per-sha	2026-09-24T01:30:00Z	f132b96	70-tests-registry-sync	0
one-per-sha	2026-09-24T01:34:11Z	f132b96	80-lane-instrument-selftests	0
one-per-sha	2026-09-24T01:34:12Z	f132b96	85-promotion-contract	0
one-per-sha	2026-09-24T01:34:12Z	f132b96	90-sidecar-verifier-wrapper	0
one-per-sha	2026-09-24T01:34:13Z	f132b96	95-numerals-ratchet	0
one-per-sha	2026-09-24T01:34:13Z	f132b96	96-verdict-status-agreement	0
one-per-sha	2026-09-24T01:34:13Z	f132b96	97-readme-counts	0
one-per-sha	2026-09-20T20:06:04Z	f22f6f7	10-fixture-integrity	0
one-per-sha	2026-09-20T20:06:04Z	f22f6f7	20-receipt-freshness	0
one-per-sha	2026-09-20T20:06:04Z	f22f6f7	30-no-secrets	0
one-per-sha	2026-09-20T20:06:05Z	f22f6f7	40-omp-compact-replay	0
one-per-sha	2026-09-20T20:06:06Z	f22f6f7	50-house-gates	0
one-per-sha	2026-09-20T20:06:10Z	f22f6f7	60-staged-deletion-lane	0
one-per-sha	2026-09-20T20:06:10Z	f22f6f7	70-tests-registry-sync	0
one-per-sha	2026-09-20T20:06:45Z	f22f6f7	80-lane-instrument-selftests	0
one-per-sha	2026-09-20T20:06:45Z	f22f6f7	85-promotion-contract	0
one-per-sha	2026-09-20T20:06:45Z	f22f6f7	90-sidecar-verifier-wrapper	0
one-per-sha	2026-09-20T20:06:45Z	f22f6f7	95-numerals-ratchet	0
one-per-sha	2026-09-20T20:06:45Z	f22f6f7	96-verdict-status-agreement	0
one-per-sha	2026-09-20T20:06:46Z	f22f6f7	97-readme-counts	0
one-per-sha	2026-09-19T03:56:09Z	f43d590	10-fixture-integrity	0
one-per-sha	2026-09-19T03:56:09Z	f43d590	20-receipt-freshness	0
one-per-sha	2026-09-19T03:56:09Z	f43d590	30-no-secrets	0
one-per-sha	2026-09-19T03:56:10Z	f43d590	40-omp-compact-replay	0
one-per-sha	2026-09-19T03:56:11Z	f43d590	50-house-gates	0
one-per-sha	2026-09-19T03:56:13Z	f43d590	60-staged-deletion-lane	0
one-per-sha	2026-09-19T03:56:13Z	f43d590	70-tests-registry-sync	0
one-per-sha	2026-09-19T03:56:29Z	f43d590	80-lane-instrument-selftests	0
one-per-sha	2026-09-19T03:56:29Z	f43d590	90-sidecar-verifier-wrapper	0
one-per-sha	2026-09-19T03:56:29Z	f43d590	95-numerals-ratchet	0
one-per-sha	2026-09-19T03:56:29Z	f43d590	96-verdict-status-agreement	0
one-per-sha	2026-09-19T03:56:29Z	f43d590	97-readme-counts	0
one-per-sha	2026-09-20T06:17:33Z	f566479	10-fixture-integrity	0
one-per-sha	2026-09-20T06:17:33Z	f566479	20-receipt-freshness	0
one-per-sha	2026-09-20T06:17:33Z	f566479	30-no-secrets	0
one-per-sha	2026-09-20T06:17:34Z	f566479	40-omp-compact-replay	0
one-per-sha	2026-09-20T06:17:34Z	f566479	50-house-gates	0
one-per-sha	2026-09-20T06:17:37Z	f566479	60-staged-deletion-lane	0
one-per-sha	2026-09-20T06:17:37Z	f566479	70-tests-registry-sync	0
one-per-sha	2026-09-20T06:17:53Z	f566479	80-lane-instrument-selftests	0
one-per-sha	2026-09-20T06:17:53Z	f566479	90-sidecar-verifier-wrapper	0
one-per-sha	2026-09-20T06:17:54Z	f566479	95-numerals-ratchet	0
one-per-sha	2026-09-20T06:17:54Z	f566479	96-verdict-status-agreement	0
one-per-sha	2026-09-20T06:17:54Z	f566479	97-readme-counts	0
one-per-sha	2026-09-19T10:41:19Z	f627b7b	10-fixture-integrity	0
one-per-sha	2026-09-19T10:41:19Z	f627b7b	20-receipt-freshness	0
one-per-sha	2026-09-19T10:41:19Z	f627b7b	30-no-secrets	0
one-per-sha	2026-09-19T10:41:20Z	f627b7b	40-omp-compact-replay	0
one-per-sha	2026-09-19T10:41:20Z	f627b7b	50-house-gates	0
one-per-sha	2026-09-19T10:41:23Z	f627b7b	60-staged-deletion-lane	0
one-per-sha	2026-09-19T10:41:23Z	f627b7b	70-tests-registry-sync	0
one-per-sha	2026-09-19T10:41:39Z	f627b7b	80-lane-instrument-selftests	0
one-per-sha	2026-09-19T10:41:39Z	f627b7b	90-sidecar-verifier-wrapper	0
one-per-sha	2026-09-19T10:41:39Z	f627b7b	95-numerals-ratchet	0
one-per-sha	2026-09-19T10:41:39Z	f627b7b	96-verdict-status-agreement	0
one-per-sha	2026-09-19T10:41:39Z	f627b7b	97-readme-counts	0
one-per-sha	2026-09-20T15:55:47Z	f6d8a22	10-fixture-integrity	0
one-per-sha	2026-09-20T15:55:47Z	f6d8a22	20-receipt-freshness	0
one-per-sha	2026-09-20T15:55:47Z	f6d8a22	30-no-secrets	0
one-per-sha	2026-09-20T15:55:48Z	f6d8a22	40-omp-compact-replay	0
one-per-sha	2026-09-20T15:55:49Z	f6d8a22	50-house-gates	0
one-per-sha	2026-09-20T15:55:51Z	f6d8a22	60-staged-deletion-lane	0
one-per-sha	2026-09-20T15:55:52Z	f6d8a22	70-tests-registry-sync	0
one-per-sha	2026-09-20T15:56:09Z	f6d8a22	80-lane-instrument-selftests	0
one-per-sha	2026-09-20T15:56:09Z	f6d8a22	85-promotion-contract	0
one-per-sha	2026-09-20T15:56:09Z	f6d8a22	90-sidecar-verifier-wrapper	0
one-per-sha	2026-09-20T15:56:09Z	f6d8a22	95-numerals-ratchet	0
one-per-sha	2026-09-20T15:56:10Z	f6d8a22	96-verdict-status-agreement	0
one-per-sha	2026-09-20T15:56:10Z	f6d8a22	97-readme-counts	0
one-per-sha	2026-09-20T04:21:36Z	f717ba3	10-fixture-integrity	0
one-per-sha	2026-09-20T04:21:36Z	f717ba3	20-receipt-freshness	0
one-per-sha	2026-09-20T04:21:36Z	f717ba3	30-no-secrets	0
one-per-sha	2026-09-20T04:21:37Z	f717ba3	40-omp-compact-replay	0
one-per-sha	2026-09-20T04:21:38Z	f717ba3	50-house-gates	0
one-per-sha	2026-09-20T04:21:41Z	f717ba3	60-staged-deletion-lane	0
one-per-sha	2026-09-20T04:21:41Z	f717ba3	70-tests-registry-sync	0
one-per-sha	2026-09-20T04:21:58Z	f717ba3	80-lane-instrument-selftests	0
one-per-sha	2026-09-20T04:21:58Z	f717ba3	90-sidecar-verifier-wrapper	0
one-per-sha	2026-09-20T04:21:58Z	f717ba3	95-numerals-ratchet	0
one-per-sha	2026-09-20T04:21:58Z	f717ba3	96-verdict-status-agreement	0
one-per-sha	2026-09-20T04:21:58Z	f717ba3	97-readme-counts	0
one-per-sha	2026-09-19T18:40:54Z	f7bcd9d	10-fixture-integrity	0
one-per-sha	2026-09-19T18:40:54Z	f7bcd9d	20-receipt-freshness	0
one-per-sha	2026-09-19T18:40:54Z	f7bcd9d	30-no-secrets	0
one-per-sha	2026-09-19T18:40:55Z	f7bcd9d	40-omp-compact-replay	0
one-per-sha	2026-09-19T18:40:56Z	f7bcd9d	50-house-gates	0
one-per-sha	2026-09-19T18:40:58Z	f7bcd9d	60-staged-deletion-lane	0
one-per-sha	2026-09-19T18:40:58Z	f7bcd9d	70-tests-registry-sync	0
one-per-sha	2026-09-19T18:41:14Z	f7bcd9d	80-lane-instrument-selftests	0
one-per-sha	2026-09-19T18:41:14Z	f7bcd9d	90-sidecar-verifier-wrapper	0
one-per-sha	2026-09-19T18:41:15Z	f7bcd9d	95-numerals-ratchet	0
one-per-sha	2026-09-19T18:41:15Z	f7bcd9d	96-verdict-status-agreement	0
one-per-sha	2026-09-19T18:41:15Z	f7bcd9d	97-readme-counts	0
one-per-sha	2026-09-19T19:07:36Z	f8a4c86	10-fixture-integrity	0
one-per-sha	2026-09-19T19:07:36Z	f8a4c86	20-receipt-freshness	0
one-per-sha	2026-09-19T19:07:36Z	f8a4c86	30-no-secrets	0
one-per-sha	2026-09-19T19:07:38Z	f8a4c86	40-omp-compact-replay	0
one-per-sha	2026-09-19T19:07:39Z	f8a4c86	50-house-gates	0
one-per-sha	2026-09-19T19:07:43Z	f8a4c86	60-staged-deletion-lane	0
one-per-sha	2026-09-19T19:07:43Z	f8a4c86	70-tests-registry-sync	0
one-per-sha	2026-09-19T19:07:59Z	f8a4c86	80-lane-instrument-selftests	0
one-per-sha	2026-09-19T19:07:59Z	f8a4c86	90-sidecar-verifier-wrapper	0
one-per-sha	2026-09-19T19:08:00Z	f8a4c86	95-numerals-ratchet	0
one-per-sha	2026-09-19T19:08:00Z	f8a4c86	96-verdict-status-agreement	0
one-per-sha	2026-09-19T19:08:00Z	f8a4c86	97-readme-counts	0
one-per-sha	2026-09-19T23:48:36Z	f8a8dc9	10-fixture-integrity	0
one-per-sha	2026-09-19T23:48:36Z	f8a8dc9	20-receipt-freshness	0
one-per-sha	2026-09-19T23:48:36Z	f8a8dc9	30-no-secrets	0
one-per-sha	2026-09-19T23:48:37Z	f8a8dc9	40-omp-compact-replay	0
one-per-sha	2026-09-19T23:48:38Z	f8a8dc9	50-house-gates	0
one-per-sha	2026-09-19T23:48:41Z	f8a8dc9	60-staged-deletion-lane	0
one-per-sha	2026-09-19T23:48:41Z	f8a8dc9	70-tests-registry-sync	0
one-per-sha	2026-09-19T23:48:58Z	f8a8dc9	80-lane-instrument-selftests	0
one-per-sha	2026-09-19T23:48:58Z	f8a8dc9	90-sidecar-verifier-wrapper	0
one-per-sha	2026-09-19T23:48:59Z	f8a8dc9	95-numerals-ratchet	0
one-per-sha	2026-09-19T23:48:59Z	f8a8dc9	96-verdict-status-agreement	0
one-per-sha	2026-09-19T23:48:59Z	f8a8dc9	97-readme-counts	0
one-per-sha	2026-09-19T14:34:52Z	f950342	10-fixture-integrity	0
one-per-sha	2026-09-19T14:34:53Z	f950342	20-receipt-freshness	0
one-per-sha	2026-09-19T14:34:53Z	f950342	30-no-secrets	0
one-per-sha	2026-09-19T14:34:54Z	f950342	40-omp-compact-replay	0
one-per-sha	2026-09-19T14:34:54Z	f950342	50-house-gates	0
one-per-sha	2026-09-19T14:34:57Z	f950342	60-staged-deletion-lane	0
one-per-sha	2026-09-19T14:34:57Z	f950342	70-tests-registry-sync	0
one-per-sha	2026-09-19T14:35:14Z	f950342	80-lane-instrument-selftests	0
one-per-sha	2026-09-19T14:35:14Z	f950342	90-sidecar-verifier-wrapper	0
one-per-sha	2026-09-19T14:35:14Z	f950342	95-numerals-ratchet	0
one-per-sha	2026-09-19T14:35:14Z	f950342	96-verdict-status-agreement	0
one-per-sha	2026-09-19T14:35:14Z	f950342	97-readme-counts	0
one-per-sha	2026-09-20T06:04:51Z	fa78767	10-fixture-integrity	0
one-per-sha	2026-09-20T06:04:51Z	fa78767	20-receipt-freshness	0
one-per-sha	2026-09-20T06:04:51Z	fa78767	30-no-secrets	0
one-per-sha	2026-09-20T06:04:52Z	fa78767	40-omp-compact-replay	0
one-per-sha	2026-09-20T06:04:53Z	fa78767	50-house-gates	0
one-per-sha	2026-09-20T06:04:57Z	fa78767	60-staged-deletion-lane	0
one-per-sha	2026-09-20T06:04:57Z	fa78767	70-tests-registry-sync	0
one-per-sha	2026-09-20T06:05:13Z	fa78767	80-lane-instrument-selftests	0
one-per-sha	2026-09-20T06:05:13Z	fa78767	90-sidecar-verifier-wrapper	0
one-per-sha	2026-09-20T06:05:14Z	fa78767	95-numerals-ratchet	0
one-per-sha	2026-09-20T06:05:14Z	fa78767	96-verdict-status-agreement	0
one-per-sha	2026-09-20T06:05:14Z	fa78767	97-readme-counts	0
one-per-sha	2026-09-20T17:20:32Z	fb5480a	10-fixture-integrity	0
one-per-sha	2026-09-20T17:20:33Z	fb5480a	20-receipt-freshness	0
one-per-sha	2026-09-20T17:20:33Z	fb5480a	30-no-secrets	0
one-per-sha	2026-09-20T17:20:34Z	fb5480a	40-omp-compact-replay	0
one-per-sha	2026-09-20T17:20:34Z	fb5480a	50-house-gates	0
one-per-sha	2026-09-20T17:20:38Z	fb5480a	60-staged-deletion-lane	0
one-per-sha	2026-09-20T17:20:38Z	fb5480a	70-tests-registry-sync	0
one-per-sha	2026-09-20T17:21:01Z	fb5480a	80-lane-instrument-selftests	0
one-per-sha	2026-09-20T17:21:01Z	fb5480a	85-promotion-contract	0
one-per-sha	2026-09-20T17:21:01Z	fb5480a	90-sidecar-verifier-wrapper	0
one-per-sha	2026-09-20T17:21:01Z	fb5480a	95-numerals-ratchet	0
one-per-sha	2026-09-20T17:21:01Z	fb5480a	96-verdict-status-agreement	0
one-per-sha	2026-09-20T17:21:01Z	fb5480a	97-readme-counts	0
one-per-sha	2026-09-19T21:52:09Z	fc20657	10-fixture-integrity	0
one-per-sha	2026-09-19T21:52:09Z	fc20657	20-receipt-freshness	0
one-per-sha	2026-09-19T21:52:09Z	fc20657	30-no-secrets	0
one-per-sha	2026-09-19T21:52:10Z	fc20657	40-omp-compact-replay	0
one-per-sha	2026-09-19T21:52:10Z	fc20657	50-house-gates	0
one-per-sha	2026-09-19T21:52:13Z	fc20657	60-staged-deletion-lane	0
one-per-sha	2026-09-19T21:52:13Z	fc20657	70-tests-registry-sync	0
one-per-sha	2026-09-19T21:52:29Z	fc20657	80-lane-instrument-selftests	0
one-per-sha	2026-09-19T21:52:29Z	fc20657	90-sidecar-verifier-wrapper	0
one-per-sha	2026-09-19T21:52:29Z	fc20657	95-numerals-ratchet	0
one-per-sha	2026-09-19T21:52:29Z	fc20657	96-verdict-status-agreement	0
one-per-sha	2026-09-19T21:52:29Z	fc20657	97-readme-counts	0
one-per-sha	2026-09-19T17:58:29Z	fdd61ae	10-fixture-integrity	0
one-per-sha	2026-09-19T17:58:29Z	fdd61ae	20-receipt-freshness	0
one-per-sha	2026-09-19T17:58:29Z	fdd61ae	30-no-secrets	0
one-per-sha	2026-09-19T17:58:30Z	fdd61ae	40-omp-compact-replay	0
one-per-sha	2026-09-19T17:58:31Z	fdd61ae	50-house-gates	0
one-per-sha	2026-09-19T17:58:35Z	fdd61ae	60-staged-deletion-lane	0
one-per-sha	2026-09-19T17:58:35Z	fdd61ae	70-tests-registry-sync	0
one-per-sha	2026-09-19T17:58:52Z	fdd61ae	80-lane-instrument-selftests	0
one-per-sha	2026-09-19T17:58:52Z	fdd61ae	90-sidecar-verifier-wrapper	0
one-per-sha	2026-09-19T17:58:52Z	fdd61ae	95-numerals-ratchet	0
one-per-sha	2026-09-19T17:58:52Z	fdd61ae	96-verdict-status-agreement	0
one-per-sha	2026-09-19T17:58:52Z	fdd61ae	97-readme-counts	0
one-per-sha	2026-09-19T16:47:12Z	ff47347	10-fixture-integrity	0
one-per-sha	2026-09-19T16:47:12Z	ff47347	20-receipt-freshness	0
one-per-sha	2026-09-19T16:47:12Z	ff47347	30-no-secrets	0
one-per-sha	2026-09-19T16:47:13Z	ff47347	40-omp-compact-replay	0
one-per-sha	2026-09-19T16:47:14Z	ff47347	50-house-gates	0
one-per-sha	2026-09-19T16:47:18Z	ff47347	60-staged-deletion-lane	0
one-per-sha	2026-09-19T16:47:18Z	ff47347	70-tests-registry-sync	0
one-per-sha	2026-09-19T16:47:36Z	ff47347	80-lane-instrument-selftests	0
one-per-sha	2026-09-19T16:47:36Z	ff47347	90-sidecar-verifier-wrapper	0
one-per-sha	2026-09-19T16:47:36Z	ff47347	95-numerals-ratchet	0
one-per-sha	2026-09-19T16:47:36Z	ff47347	96-verdict-status-agreement	0
one-per-sha	2026-09-19T16:47:36Z	ff47347	97-readme-counts	0
