category	bytes	sha256	duplicate_target	path
S	4377	f257be9243dd1f870aa5cb0962c658954a92f054e6c0249213e004df65d6b7d5		.flywheel/jeff-issue-rubric/v1/receipts/d94ac90060e08948.json
S	679	0d3ede34c50776d1adab8af5ec246177772a5b956e82416059f0f57e7635fc6f		demos/guard/live-receipt-20260922T042203Z.json
S	8570	bce3654498086baeccaf59eb7fa934bde7b174856afb94fbdadffe7262e92859		docs/PLAN-APPLICATION-20260921.md
S	4477	647b73d9c2294397935aa7c2d480a80661c30413c218f7e7c5bff0de8e8ca670		docs/PLAN-NATIVE-SDK-CUTOVER.md
S	615	d7b9fbf67fe3bcaa16ad3f010595da6354d18392c65c33d680e5df96d249de95		docs/demos/upstream-repro/p4-callback-absence-n77-done-20260920.txt
S	360	4ef2f67419d1bc2f5bdd365ca3e54bf894aa845203fa1083c4bace79415462b5		docs/demos/upstream-repro/p4-callback-absence-n77-start-20260920.txt
S	175	cfcb96de42fc774a28e1e9266b1d29848d56304e9cc78665822ef1d7f060f556		docs/demos/upstream-repro/p4-callback-arc-ownership-20260920.txt
S	943	74c9152c770a5015d8c504770ce8e219e72481901230fdc9450e614fa263721c		docs/demos/upstream-repro/p4-callback-jev-seat-done-20260920.txt
S	208	dfa01dc3e4d5d44ed0447bef7b00bbbcc367c324548c5668874e12bd990d9482		docs/demos/upstream-repro/p4-callback-jev-seat-start-20260920.txt
S	1011	60bbe033c0433358e854ae7ef4b416ee4fddef43f04b7c07ce897e136b574e88		docs/demos/upstream-repro/p4-callback-pane1-20260920.txt
S	9175	4e72d17cefdeb120349656c6ad1a24c4fec4c16274294a908a03d27af85ed15c		docs/demos/upstream-repro/untracked-artifacts-20260925.md
S	3157	07d8c932e8e45e26778ce1d241a02c8e56547a096601d624fdd953462a6814c8		notes/.rc-p1-6u0-verified.txt
S	3053	bb03a6e3ef625b94dc8c7f1f2401d21efc6f7ce26588e2b364512877ca1dfc67		notes/.rc-p1-always-push.txt
S	3783	cb5a8144898be6d0b3a981abddb10593c610339f701d7854a82dc4028b733b95		notes/.rc-p1-branch.txt
S	1689	ce455942efbd35737a076a04be2d52bac8333e1ecc2cbe217aedac02df8fa396		notes/.rc-p1-bystander.txt
S	3893	c4e79a9cb58f14be31d5bed14ad7e8e1a2f2cc52520dcc6ee213cd09ec827683		notes/.rc-p1-callback.txt
S	1480	9acbddafa3cf60bc3eb715e36b2c1dc27a23f30fb63d26c429c39cd9bcdcc660		notes/.rc-p1-close.txt
S	1615	aba1c753b47d0c9dc23db1178b08310825b06b7bec103a82b3c2a48ed52aadb4		notes/.rc-p1-codexack.txt
S	3180	9ad8c42637ac4bd8d0424d3338e72420f593807d9e695dfe3e312cc3f3b72de7		notes/.rc-p1-commit-go.txt
S	2975	0ca24c33deef13fc7d65bce64b1dc6dc812abaaa82de19e70f72154eeed1e748		notes/.rc-p1-delta.txt
S	3441	e9f2745ca37f683e5faab504ff1ccf3edd7702ebd2f916d68c542e4105711112		notes/.rc-p1-delta2.txt
S	2324	d27ec378f650bf64c2f6ac7a8cda7b95025eced79ed7b7e2345c3eb4f9c3279c		notes/.rc-p1-delta3.txt
S	3768	a3f4ce060f64b4f2254f12413dba25579917a50f8530851ac75d406f10d6deee		notes/.rc-p1-delta4.txt
S	2925	abdd5c890d2c49eee1d3b729ece652a79fde38150ba6b1a6bb6d1f8518bb74c0		notes/.rc-p1-delta5.txt
S	3507	64d2e74624e7a13b4593147918d0b9d92ee5ceec23c2eb5e565a7921f48e05e3		notes/.rc-p1-delta6.txt
S	3183	7587132a5d13a6dc842e2d1f4594a1c3e7219195d7665a37f8493071f1f1e030		notes/.rc-p1-delta7.txt
S	3370	a752b7fa6eff9207992c5f3680edddd2dff27156fcd997c03e583f48a95be61c		notes/.rc-p1-delta8.txt
S	3265	f2e912b4665a8d57acc9547fcc2aed5bb713a313a158894c66c564e67ae6fedd		notes/.rc-p1-digest-close.txt
S	3588	dca0d3a33cfee3e39b455c1ab69661a1212c5825c75cd13ee2a026e608d0243d		notes/.rc-p1-digest.txt
S	2779	76190f73efdfd24d7745876cda840c7ef02a4d566c1c14a561c1637792dbf89e		notes/.rc-p1-disp-6u0.txt
S	3020	1e703bd3ecaf37f97ee9dced2eeb318d3b2871cbc919804b5722edc417b3548d		notes/.rc-p1-disp-checkfix.txt
S	3068	22a4d1d267937c0c7fbf5f30d9e2594c8ca5f78a586716e947c73d63fb445025		notes/.rc-p1-disp-codex.txt
S	3162	77430d8e877fb1393bfb5e5fbca10191024e5c1723e724ae3552c8769fc505b1		notes/.rc-p1-disp-frontdoor.txt
S	3632	180765b096582e876d783fcce8857491c37f47dc91baccd2cdb6a6a05197378c		notes/.rc-p1-disp-gate.txt
S	3709	35da22c24685d81548cc08411e5114f6060dc6bbc28e160c518aafb9fe5c2d60		notes/.rc-p1-disp-harvest.txt
S	3461	6f235d34eb062768d22635647a8ab4b56c5edbea95f85a2c0583bddefe419b94		notes/.rc-p1-disp-install.txt
S	2967	d7c4f15c74f88adba741315ff10b4cdc56b9baf571827a5c7434bdd4892cd45d		notes/.rc-p1-disp-l3.txt
S	3038	fd8b1b6a4ac410cd9d72fe226377f9803200582e9666a432230187d9e8904f6a		notes/.rc-p1-disp-negev.txt
S	3138	cc23d92a4fc08fce62fc77f79af4f7e69ab9e00d78633adc62787909fd56ea90		notes/.rc-p1-disp-p2.txt
S	4001	5e145d96089f7c2c35f386479bff2587025ff827d24f09a4ec913e7a907d2597		notes/.rc-p1-disp-p3.txt
S	3574	1d4d3877b8f75a54c5dd943a10c8105da2c5ece8f68106f00cf79e0b94ba322b		notes/.rc-p1-disp-p3b.txt
S	2264	33995dbe65588e06899adb08da0712fe291239a1fe4b1ae0c7d77cf8abb5e3f6		notes/.rc-p1-disp-p3c.txt
S	3308	1b80e1fe58ba119302ef1d7452c22834fc32053623e06f389b27ea4b2b493c62		notes/.rc-p1-disp-p4b.txt
S	3003	6cf4c9b90755de494e373470e38bbef93ab260e5ed1b0b569be8f67ee5983c6a		notes/.rc-p1-disp-p4c.txt
S	3229	95e3c93be75809ed968c0cc30cff1ae253115fff8323cf4be693f1729ffdf20b		notes/.rc-p1-disp-publish.txt
S	3125	45ab185ac4c45e60afc1b9496582452a0aa2a7c93bd64e8b86a8e7e3d65c74f8		notes/.rc-p1-disp-r75.txt
S	3112	50188ce29053748f4957c2492ed2686e0a990efd98905ea6f415a38d3117afca		notes/.rc-p1-disp-ubs.txt
S	2780	deec31324d96f3dd87c9167bb0dd7ed488759eddd90d22872aae8466909bd401		notes/.rc-p1-disp-ubsfix.txt
S	3459	e668db282a79fb5d993c54c353d720be3d50207bbdb65370aeb2c72636c4fbc2		notes/.rc-p1-disp-upstream.txt
S	3262	3410129699767b209615991362bd01e835bb516425d48667edc1f858b3149d62		notes/.rc-p1-dispatch-p4.txt
S	2663	a3eec7cd285ebd0983721202baabcf0e7b2caf9b59e86962f766d3054055a048		notes/.rc-p1-grade-go.txt
S	2332	1ce3db269bfa4412d039879ffe94ad9ab41f3d9b94b3b83b2cec1883b53e33b5		notes/.rc-p1-gradeinstall.txt
S	3017	f2b2bbc6730b988744db2d91b72deca1aca3607d39792a315d64ce3dd214e26f		notes/.rc-p1-installpass.txt
S	3959	f4c76c9f87fbfb7574ff60185ec581f2a6fab3eb5ecb896054f9944b12aefaf0		notes/.rc-p1-jevify.txt
S	3435	e3278e0f801892b5969bb7daa373d5a50f592241305fc82de7636974f83ab336		notes/.rc-p1-k9z3-retry.txt
S	3538	612a879efdaa4e70257fc68bd204488a819ded1eb6762818b22b31c1ac606fa5		notes/.rc-p1-l2.txt
S	1730	17cab873ea6cb052cd6fb4e1f9985d33c527faab7270e32bce9fa4637eda7eaa		notes/.rc-p1-landed.txt
S	2090	cd353a0d8d8bbabf0fb48f7b8163e58a4a4c2b94bdae73a7233e456811b171a9		notes/.rc-p1-limitdoc.txt
S	4396	2cd417e3c102bd70a815c5bd4a1a1292ef497573dfade7c4e2990a428302c65d		notes/.rc-p1-live.txt
S	3642	f3196b21a182fb3d63a5ed59df2327aaaafc1083aec35cfb97039c2bf020d0bb		notes/.rc-p1-live2.txt
S	2657	96d083c9eae4cfdc6cbde5afc88c25af3ee109b0dcd38a8a7f582f3b063dbd30		notes/.rc-p1-loop.txt
S	3242	19c4f590bfb70ca35160f0bf22baa9aa6a1a70697f69c156bedd35603d1e8916		notes/.rc-p1-macos-blocked.txt
S	2780	d555b604a0214cc30febaeb898ebc2db5e1f0aeac3012c291b972b6e8185f2c6		notes/.rc-p1-miscount.txt
S	862	a450f13cc391a4733eb6cc8653ed5ab599b78cd3ed79100a1a922935a3f5631a		notes/.rc-p1-nativerule.txt
S	2633	38daf153ca05afd1789769d58c6a4a52794d9967a24ff6e54aa39daf7ffbd4b6		notes/.rc-p1-negevhold.txt
S	2424	47cabc62c7ec090586238b5cce5cdf1951b46af1327dfaa5729665a56644b3a6		notes/.rc-p1-nospend.txt
S	2476	fcb6540af17dd054ef3f90e1c85fae79dfa56388947f77d3440e60b5d0993a3f		notes/.rc-p1-onmain.txt
S	3127	293316cef64dbb86dccd73a29be661045fe22fa0cf4f0f264e8928c70a9ee367		notes/.rc-p1-ood.txt
S	2086	748ac7d518883306240b3319ad405bd2998eb9fc9e14f9ae5479ca4143507519		notes/.rc-p1-prov.txt
S	180	4fa97715d8fe23250cd7e753b6d95c67a02662abdb670792477a69acbc70562c		notes/.rc-p1-r74res.txt
S	3153	4095e779c598a6a138de787f509de1a96dd072a946b10c243b51586fab2a5a4f		notes/.rc-p1-refuse-upheld.txt
S	2119	ea6c787de082c98460a083e0f0df1c6265d888e8e83ab4edad19701b02e8c376		notes/.rc-p1-regrade.txt
S	3543	c861a0e8b65754317df16c0a094f32fbfaabfe1f141fb87acf9b01af239967f9		notes/.rc-p1-reject-seatlive.txt
S	2160	d400818d8e3a1947bf4f49af32dc723f55ea241c3c95afe00441ef65bd913185		notes/.rc-p1-release.txt
S	1496	64a9a842c08c73f52fe98d0653cfcc51708dde41145a52b3a1fd386c2b81f3d0		notes/.rc-p1-remap.txt
S	3406	305f667d6ada2e3a79f73ed057ca6c42f6d45c3ecad389a9e480ef4e6ad37444		notes/.rc-p1-retract-digest.txt
S	4432	52ca5f2f9303a3ee65e7b3d1bad7760afbc0ac6bd752978dcf246d3717b78d00		notes/.rc-p1-retract-l2.txt
S	1475	7ab322597c295ab806e089bb2712df3b3a0703390c173ed0ee05f233062d6c7b		notes/.rc-p1-selfflag.txt
S	2125	f0cc9c57909eb927570a113c5495ece4468abdb6e9537851f61a658c6a67e00c		notes/.rc-p1-standdown.txt
S	3953	4b55e8ca9769ab1e4e40783d571257aa3e6ec30121c861290bdbee6be559d751		notes/.rc-p1-tick2.txt
S	4303	bb6c98f31039ebc581d970ad8332f20ad19b0365f217ca58724f8b2165c5bd63		notes/.rc-p1-tick4.txt
S	3111	22aaa847aa20833370969fc1add2c7928d6121b6deb7588c7f696977ad29d682		notes/.rc-p1-tick9.txt
S	1838	256d5f5417a06763adf09dcf49369d2d7e87468848f9fd0f180281e9d164a10c		notes/.rc-p1-trigger.txt
S	3373	05a7a01413a8c35ddc5718d48098b2079d324cf71c5a4dfcd6355deb6dbfcf30		notes/.rc-p1-unblock.txt
S	2263	67ab15960f3aaff2012eedf5681e87b718caf9af582e63884a226b7209766c23		notes/.rc-p1-untracked.txt
S	2387	000b7158f4277e7b2a470856ef8724f17612c32025a8ef5bdf1ce16b133043bc		notes/.rc-p1-verify-u2.txt
S	5030	b1a7dc2249a6df4480aff6b1f3a6a00e33e403b3165d523a23426d12d70c8dac		notes/claim-coverage-p5.tsv
S	996	38b14a8e55b97b2912de3ccb6a88ca3023778d98f0eabd0ea6564cff56d047ba		notes/deep/dispatch/p2-wave1-callback.txt
S	1922	959999ab3122efa7ec6debb380f0765a995860d2e441730353cb41d7ba6350c1		notes/deep/sr4-arms.sh
S	7331	e0acf2db91a365b0dbb90bcba0afb69989727193fd3e0d3f91b542560ba6f00a		notes/foundation-packet-p5.md
S	4002	c6d833e4f2e29ac650224b0dc2796a0215b150bd4144ba903907c9467d674d6c		notes/kit-gap-p4.tsv
S	622	e07951a291a29fe70eced8f32ff97c765093c6fc7ca36008f0d69e8e6ab5ed50		notes/p5-callback-coverage.txt
S	856	9c3e57290c0280866afc48c543429b62df24296cad99f02b3df24b6e2e3c7c37		notes/p5-callback-m0e4.txt
S	259	17b4b994037404e5bfa6415c70003f45fb1043a08bc3052bbf1a7413a8f9a89a		notes/packet-truth-p4.tsv
S	7696	d73af89be1239bfc53c39c4a63f4c570b9646b7df59e6c73bf2d9ce5a8d26adf		notes/rc-pane3-wins.md
S	18	d06b1e8a0d42a9e3cf967b53d7fdaf05f733fdbe3a60f63976d2fbf965d562d6		work/bicameral-gate/_probe2.txt
B	641118	784592bfb21439aa36c4fb6a09cfa460847acc2638a6be7d7220ac9749c2b80c		work/bicameral-gate/real-sample-b.json
B	2173	2770352b29957f2140807bc250364e72ef491dbfa34a5703fdedd0d3790a9e7d		work/citation-check/fixture.mjs
B	5490	8bd53b3a4a9adbd7d0db2b32c8e1a019f92d5a93f7d87a858e922885c08e8b51		work/citation-check/src/check.ts
B	738	ede5a9835fda8abb0ecf4def4d7d1bff35c3c481b98a0320fa41f0710ba28f32		work/citation-check/src/live.ts
B	2983	5194abc003df5df186fc0cf6434d20027ffc1bf5d9a832fc77379dc07086c6ee		work/citation-check/test/check.test.mjs
A	326277	7357f60b3353944131f92dba3501d10f202833cc812587ce8fce1b101c466573	work/gate-observe-dogfood/flags-4.jsonl	work/gate-observe-dogfood/flags-4.partial.jsonl
B	6542	ee98d8067a1bd01ccaffc8dbd2b22e5bcc095efcb8ba295a2d70fd5ceeb39b07		work/jev-triage/runs/2026-09-20T221149741Z.json
B	6495	ff68c360fb2d1ac7b65e67df0ab78c40aa04708c146cbc0a9352829cb8642511		work/jev-triage/runs/2026-09-20T221837415Z.json
S	4708	aa293499ccd832d35e7a808c9fcff914810385b815fcf6d1e1a963cbb8cc0d29		work/jev-triage/runs/hybrid-2026-09-20T222525023Z.json
B	4806	6075e771dacf3b1fd0b4179aed7548840632ab26d4c2e888b7c84680ef1c8c59		work/jev-triage/runs/hybrid-2026-09-20T222532529Z.json
I	0	e3b0c44298fc1c149afbf4c8996fb92427ae41e4649b934ca495991b7852b855		work/loss-depth/pokejev-components/battle/stage-b/mix-v1-stop.json
I	24119	01b4258817b7b07a25e83ba598c368053fa613eab3b5a2c385067865ead2bcc2		work/loss-depth/pokejev-components/battle/stage-b/replays-abyssal-mix-v1-control/pokejevaby50 - battle-gen9ouclock-1138.html
I	16026	bd97815ec3b4585cf2407c489ad4d07e018aa6e22fe29b79769ae431625a6e77		work/loss-depth/pokejev-components/battle/stage-b/replays-abyssal-mix-v1-control/pokejevaby50 - battle-gen9ouclock-1150.html
I	17811	0b1da7605ccc401bdf197f849d9c5c57bf5c6673c9aad4fd4587a0cd6d63523f		work/loss-depth/pokejev-components/battle/stage-b/replays-abyssal-mix-v1-control/pokejevaby50 - battle-gen9ouclock-1159.html
I	18899	96c6c5573306d1b95e6d4d1dd39f6cbb761207874bfa1bd428409df270843df5		work/loss-depth/pokejev-components/battle/stage-b/replays-abyssal-mix-v1-control/pokejevaby50 - battle-gen9ouclock-1168.html
I	15458	439c86c2ba9826a9321e96109da9214ce97feb283c959b15c6c44712c848d84b		work/loss-depth/pokejev-components/battle/stage-b/replays-abyssal-mix-v1-control/pokejevaby50 - battle-gen9ouclock-1177.html
I	23744	01e599a85cf3eab5078621092b06d6cf20075778fb5f1ae31aa496cd09918887		work/loss-depth/pokejev-components/battle/stage-b/replays-abyssal-mix-v1-control/pokejevaby50 - battle-gen9ouclock-1182.html
I	14756	e8dd5a07174f16881bb087ddc07df6784c4baafe5a8e3bb72dd725fdf4587d33		work/loss-depth/pokejev-components/battle/stage-b/replays-abyssal-mix-v1-control/pokejevaby50 - battle-gen9ouclock-1191.html
I	13986	5cef5f462ef7916bc98af512562b75449580b0d60e001db4ed0dd50f6c586040		work/loss-depth/pokejev-components/battle/stage-b/replays-abyssal-mix-v1-control/pokejevaby50 - battle-gen9ouclock-1199.html
I	13333	51e16eff8a51ded9167cd9da6348c8391b58c992b977607634516ae1892514af		work/loss-depth/pokejev-components/battle/stage-b/replays-abyssal-mix-v1-control/pokejevaby50 - battle-gen9ouclock-1207.html
I	13668	603fc92a593df69e574e9eaeaeaa16436a371f125f5bd092f6d411e02bb55186		work/loss-depth/pokejev-components/battle/stage-b/replays-abyssal-mix-v1-control/pokejevaby50 - battle-gen9ouclock-1213.html
I	16864	5dd3eaad5f5cde1905acae245e9171530aa371df48f3288f8367f523daa94b85		work/loss-depth/pokejev-components/battle/stage-b/replays-abyssal-mix-v1-control/pokejevaby50 - battle-gen9ouclock-1221.html
I	19420	3fe3cab28f8eb04f46a79f14eec61d820e85f1e09e17c0e8ff5c6da0dc31bea9		work/loss-depth/pokejev-components/battle/stage-b/replays-abyssal-mix-v1-control/pokejevaby50 - battle-gen9ouclock-1230.html
I	15443	a87f7d4e1865be4f06b933f54eb60bd62a714d5e9328a79c30c5571b4bafd1c8		work/loss-depth/pokejev-components/battle/stage-b/replays-abyssal-mix-v1-control/pokejevaby50 - battle-gen9ouclock-1240.html
I	13467	412206161eda5506866cd5b3f6c1f9712faa709ad82b0b13ef55b78ad2988bb9		work/loss-depth/pokejev-components/battle/stage-b/replays-abyssal-mix-v1-control/pokejevaby50 - battle-gen9ouclock-1248.html
I	17183	ea2b22e8143704dcaee5c4957c7feb6a393b6340d5c3e95033a975e62f90b900		work/loss-depth/pokejev-components/battle/stage-b/replays-abyssal-mix-v1-control/pokejevaby50 - battle-gen9ouclock-1256.html
I	22908	9fc96691cbf66149f829d6d87902ca51528a3b46c7fe5854f397d8db0c4f8efe		work/loss-depth/pokejev-components/battle/stage-b/replays-abyssal-mix-v1-control/pokejevaby50 - battle-gen9ouclock-1263.html
I	18041	280ba5a08e3902543c741289dae48aff3838c127bc3b17f04086fe3c8d5fa3db		work/loss-depth/pokejev-components/battle/stage-b/replays-abyssal-mix-v1-control/pokejevaby50 - battle-gen9ouclock-1275.html
I	18712	511aa48fbccba9415679dd3a73aee4ce4878dded2bc7b76855f52eeb5c22370a		work/loss-depth/pokejev-components/battle/stage-b/replays-abyssal-mix-v1-control/pokejevaby50 - battle-gen9ouclock-1284.html
I	14580	f125cd970e38d7e993d3e55b3fef4130969714711f7c56fbfbfd2a9be38ead58		work/loss-depth/pokejev-components/battle/stage-b/replays-abyssal-mix-v1-control/pokejevaby50 - battle-gen9ouclock-1292.html
I	13873	afaa84ed59d170281b02c77e8278dbb9b0a0e2bd46b1a92d3400aa725ce66fa7		work/loss-depth/pokejev-components/battle/stage-b/replays-abyssal-mix-v1-control/pokejevaby50 - battle-gen9ouclock-1300.html
I	15937	42e69bd17c57c6b6a5289076e0936547deab4fbaa0e8cf9757ba21075485acf5		work/loss-depth/pokejev-components/battle/stage-b/replays-abyssal-mix-v1-control/pokejevaby50 - battle-gen9ouclock-1308.html
I	16812	e8b07c357d8bb81e4074b0436262f87bbab5d761703d43127094ee87c3ccaa2c		work/loss-depth/pokejev-components/battle/stage-b/replays-abyssal-mix-v1-control/pokejevaby50 - battle-gen9ouclock-1317.html
I	17208	5467a3dfcb7a7b041e15cce1b17a32c232d99b1259aac1b2bfe9094e525ea70f		work/loss-depth/pokejev-components/battle/stage-b/replays-abyssal-mix-v1-control/pokejevaby50 - battle-gen9ouclock-1325.html
I	14365	3e6e6098639f254def1b05af35c2805637547a149cbacbffa953e53b25e14da0		work/loss-depth/pokejev-components/battle/stage-b/replays-abyssal-mix-v1-control/pokejevaby50 - battle-gen9ouclock-1332.html
I	19211	11ff24d0054022b4050d386dbdb78374e44330e1b31062dceefec61c91694163		work/loss-depth/pokejev-components/battle/stage-b/replays-abyssal-mix-v1-control/pokejevaby50 - battle-gen9ouclock-1334.html
I	14616	c3f43b22d0c7ef5042c931338cca9b7cff6e9a6a03efd20939df4d7a79b0922c		work/loss-depth/pokejev-components/battle/stage-b/replays-abyssal-mix-v1-control/pokejevaby51 - battle-gen9ouclock-1136.html
I	15842	84e71eecaeac9b0a463a471044e733333bef0f0bba7f5c8142aab8eef362637c		work/loss-depth/pokejev-components/battle/stage-b/replays-abyssal-mix-v1-control/pokejevaby51 - battle-gen9ouclock-1145.html
I	14171	30982c88776e1c46f6d16dac593ae518fcdc06a65e211e6817459b7d86499b3a		work/loss-depth/pokejev-components/battle/stage-b/replays-abyssal-mix-v1-control/pokejevaby51 - battle-gen9ouclock-1153.html
I	16813	e84e8ea86a313befa286accb310942ddf390fe5ae8a42d81cf13e45c2ac0d8b1		work/loss-depth/pokejev-components/battle/stage-b/replays-abyssal-mix-v1-control/pokejevaby51 - battle-gen9ouclock-1160.html
I	15244	730b15431b582ea16358d8d6e641172a39c662267471f5a30c5052a50e60154c		work/loss-depth/pokejev-components/battle/stage-b/replays-abyssal-mix-v1-control/pokejevaby51 - battle-gen9ouclock-1167.html
I	39005	82a0d590e37b2c928bedd2e1eaa103c1123e18ecb89c6cfe3fef6aeb787c4bdb		work/loss-depth/pokejev-components/battle/stage-b/replays-abyssal-mix-v1-control/pokejevaby51 - battle-gen9ouclock-1174.html
I	14590	0980e3e543b9ed6c773507128007222b8f3edb44a0bf75bd5108ba437a680b08		work/loss-depth/pokejev-components/battle/stage-b/replays-abyssal-mix-v1-control/pokejevaby51 - battle-gen9ouclock-1189.html
I	14636	2823a6ba35b5a80247eae37c6952e6fd6721fb32de6e0890aab96deb08625bc9		work/loss-depth/pokejev-components/battle/stage-b/replays-abyssal-mix-v1-control/pokejevaby51 - battle-gen9ouclock-1197.html
I	14420	f52831493030d2823a7a9b05698d78931bc699d2b2a93a8e1c599ce0c8fcdc14		work/loss-depth/pokejev-components/battle/stage-b/replays-abyssal-mix-v1-control/pokejevaby51 - battle-gen9ouclock-1206.html
I	16015	3aedf65598b6cc2449a5608daaeb1d90cb84a44b033d492a8cb3ff4065c8e9a9		work/loss-depth/pokejev-components/battle/stage-b/replays-abyssal-mix-v1-control/pokejevaby51 - battle-gen9ouclock-1214.html
I	16239	d3b1d6ae00a8b335ddc19fa080e4bc04c67119fd6442767ecc731552b1d323d4		work/loss-depth/pokejev-components/battle/stage-b/replays-abyssal-mix-v1-control/pokejevaby51 - battle-gen9ouclock-1226.html
I	24515	0ee4edad79f612542c074434d54e81ed8c5d0c57f4e816f953a034cf3bdd8ef4		work/loss-depth/pokejev-components/battle/stage-b/replays-abyssal-mix-v1-control/pokejevaby51 - battle-gen9ouclock-1234.html
I	12515	8a9ddfcce2ed5dedbf1ba73f8e61e8f9455a4725b420fe5954e1132479f32586		work/loss-depth/pokejev-components/battle/stage-b/replays-abyssal-mix-v1-control/pokejevaby51 - battle-gen9ouclock-1246.html
I	14255	15e3e6b07b0578d54a8185f96e2fb5c409bd7a89880b07808f0853b6c15cbd60		work/loss-depth/pokejev-components/battle/stage-b/replays-abyssal-mix-v1-control/pokejevaby51 - battle-gen9ouclock-1253.html
I	14794	8a6f609430c84832d54e57ff79c01ae4e28c559ce67487f2b7e5ac37512dc473		work/loss-depth/pokejev-components/battle/stage-b/replays-abyssal-mix-v1-control/pokejevaby51 - battle-gen9ouclock-1260.html
I	14616	5a339499ab86dc52921085299ef428d7e0be58eeda4fa2011ff207d0c91845ab		work/loss-depth/pokejev-components/battle/stage-b/replays-abyssal-mix-v1-control/pokejevaby51 - battle-gen9ouclock-1267.html
I	18528	b008962ff292c94bf0d9389b2c6361cbba9f7a0f7a8584947904601a699d11e0		work/loss-depth/pokejev-components/battle/stage-b/replays-abyssal-mix-v1-control/pokejevaby51 - battle-gen9ouclock-1274.html
I	13019	374c1e22f5866b0af0a17f66792464e75cb0bd4e5f7d2b3eddac594a50417888		work/loss-depth/pokejev-components/battle/stage-b/replays-abyssal-mix-v1-control/pokejevaby51 - battle-gen9ouclock-1283.html
I	13541	6de3d8bedb393c58a8d22a3fb04601f0c521c8da3a15e429db4c01400bacc5de		work/loss-depth/pokejev-components/battle/stage-b/replays-abyssal-mix-v1-control/pokejevaby51 - battle-gen9ouclock-1291.html
I	16159	8c1ac82d8f00b7d9809be0c5cc35ec3a115ce0b69a16b13cb95f8786132e8719		work/loss-depth/pokejev-components/battle/stage-b/replays-abyssal-mix-v1-control/pokejevaby51 - battle-gen9ouclock-1297.html
I	13826	5e5a8ef937fa89a33b7ef807a4741d20c96bf75bf4a51b63fae7086ccf4d6b97		work/loss-depth/pokejev-components/battle/stage-b/replays-abyssal-mix-v1-control/pokejevaby51 - battle-gen9ouclock-1304.html
I	12931	dc8ec9ef3412c4e8b797e6f59beb23ec8ce7966834607de98650ef0bfb5d21b1		work/loss-depth/pokejev-components/battle/stage-b/replays-abyssal-mix-v1-control/pokejevaby51 - battle-gen9ouclock-1311.html
I	16521	e16847a3a1531467abe03fff2721818517aecbb055b58f6fc393843faa758087		work/loss-depth/pokejev-components/battle/stage-b/replays-abyssal-mix-v1-control/pokejevaby51 - battle-gen9ouclock-1318.html
I	14285	7b127a9d04a088f1215ffba827ad2f1cd375ea592370ae8ffeb3ebce87d1e3d3		work/loss-depth/pokejev-components/battle/stage-b/replays-abyssal-mix-v1-control/pokejevaby51 - battle-gen9ouclock-1327.html
I	16653	e72537dec1b09e7535b12375a1b5938dc400cc309bbf57572506646e54b0ef45		work/loss-depth/pokejev-components/battle/stage-b/replays-abyssal-mix-v1-control/pokejevaby51 - battle-gen9ouclock-1331.html
I	13129	1077a0c98e00958914ed409d1610d0a96c0d9e49db5ed964c09ec2770d4e2f8d		work/loss-depth/pokejev-components/battle/stage-b/replays-abyssal-mix-v1-control/pokejevaby52 - battle-gen9ouclock-1135.html
I	15402	f95c54b919d30578ee1e206d55097429b6ac208b5e7f83299daf348777d45167		work/loss-depth/pokejev-components/battle/stage-b/replays-abyssal-mix-v1-control/pokejevaby52 - battle-gen9ouclock-1144.html
I	27434	29a033e8497e0eb3228d63a6896fec1ba7458aa241f2cadd57af903619ccbd43		work/loss-depth/pokejev-components/battle/stage-b/replays-abyssal-mix-v1-control/pokejevaby52 - battle-gen9ouclock-1152.html
I	15846	ea91131b16cdfb59d32cb04b0314a1122a4ee8809682b544db285d25a37a4958		work/loss-depth/pokejev-components/battle/stage-b/replays-abyssal-mix-v1-control/pokejevaby52 - battle-gen9ouclock-1165.html
I	17883	ce961f3028313f4e645bc3b04769ed1826964d35e0d944c771f52f29e4b409e2		work/loss-depth/pokejev-components/battle/stage-b/replays-abyssal-mix-v1-control/pokejevaby52 - battle-gen9ouclock-1173.html
I	18437	bc10c448ad1e96432479d957fb2da95f8d8ac4a42c257da01c5de52514faea5b		work/loss-depth/pokejev-components/battle/stage-b/replays-abyssal-mix-v1-control/pokejevaby52 - battle-gen9ouclock-1181.html
I	13941	141400756a6e4e61c65e37d22b22250339d3e01fa1399f7c66c768aa307f6487		work/loss-depth/pokejev-components/battle/stage-b/replays-abyssal-mix-v1-control/pokejevaby52 - battle-gen9ouclock-1188.html
I	15491	2196b1a5297d7425dd9c1cf953d9dd6c3f057346369ad9409369ea8883284dc9		work/loss-depth/pokejev-components/battle/stage-b/replays-abyssal-mix-v1-control/pokejevaby52 - battle-gen9ouclock-1195.html
I	14641	bddfd699da575a3d556c09f125f76b26bc097ddce41bb92fb0073620113ca6dd		work/loss-depth/pokejev-components/battle/stage-b/replays-abyssal-mix-v1-control/pokejevaby52 - battle-gen9ouclock-1203.html
I	12556	09cdb54b43cb97b9d272d7470fd319b52b94c684e52883043aa7a0611d5dcb1e		work/loss-depth/pokejev-components/battle/stage-b/replays-abyssal-mix-v1-control/pokejevaby52 - battle-gen9ouclock-1209.html
I	13925	e6a1f2bb144e412bf891a349660bb7a30b4f0b151e79ee6633be719abdf6c16b		work/loss-depth/pokejev-components/battle/stage-b/replays-abyssal-mix-v1-control/pokejevaby52 - battle-gen9ouclock-1215.html
I	16914	d6263e2be055729bb75cf1f9693b74516f2ae5a3e0ebb67ff651d8cdcb7ad23f		work/loss-depth/pokejev-components/battle/stage-b/replays-abyssal-mix-v1-control/pokejevaby52 - battle-gen9ouclock-1222.html
I	15278	29eb227ddd73a3c864308e5598408182593572046767f943fa34f56c03529483		work/loss-depth/pokejev-components/battle/stage-b/replays-abyssal-mix-v1-control/pokejevaby52 - battle-gen9ouclock-1231.html
I	13396	abab0b5b267b296f10f5c4da3615920d2f5100e3d19c513fd8f3afab2100a9f7		work/loss-depth/pokejev-components/battle/stage-b/replays-abyssal-mix-v1-control/pokejevaby52 - battle-gen9ouclock-1239.html
I	13880	aa03cd768a74269f947cc83296134c0edaa77be443948a087e152a70057f459e		work/loss-depth/pokejev-components/battle/stage-b/replays-abyssal-mix-v1-control/pokejevaby52 - battle-gen9ouclock-1247.html
I	16249	05e3d8cd25a512e93855630212e68b8dad65042246be64aa2000061f0c4ed2ee		work/loss-depth/pokejev-components/battle/stage-b/replays-abyssal-mix-v1-control/pokejevaby52 - battle-gen9ouclock-1254.html
I	16097	65548d6b5d21315e3eaea7376e211b87783b04f997c5f51e7b48d322ff75af73		work/loss-depth/pokejev-components/battle/stage-b/replays-abyssal-mix-v1-control/pokejevaby52 - battle-gen9ouclock-1262.html
I	15347	8e7d84d00c94a2e05d6997a092b5e24caefd510d3dc1a0659f8143ad83cfd43b		work/loss-depth/pokejev-components/battle/stage-b/replays-abyssal-mix-v1-control/pokejevaby52 - battle-gen9ouclock-1270.html
I	17198	b5efd90fda7e840a9aafa0b5cfb2e818f10c7fc398f432722b9cbfb91c7178d0		work/loss-depth/pokejev-components/battle/stage-b/replays-abyssal-mix-v1-control/pokejevaby52 - battle-gen9ouclock-1277.html
I	16543	1a170e8337b49ccfc4b1cb94057bd3c18fc156f256a671086fcc5a4c7e43debc		work/loss-depth/pokejev-components/battle/stage-b/replays-abyssal-mix-v1-control/pokejevaby52 - battle-gen9ouclock-1285.html
I	17279	b60a5b54d0e7c709ddbc205ab1e0fda9eedc2d82f112c1e4592d5a78a1358635		work/loss-depth/pokejev-components/battle/stage-b/replays-abyssal-mix-v1-control/pokejevaby52 - battle-gen9ouclock-1296.html
I	13655	f58434f9192eaa294c4eddc0faae286c1e5f93597971b7eb129e2dd4584c8d37		work/loss-depth/pokejev-components/battle/stage-b/replays-abyssal-mix-v1-control/pokejevaby52 - battle-gen9ouclock-1305.html
I	15019	09b2f25567ef325c1848d6dbdba0249b71378cf621ead4c96c46bec5ea799e5c		work/loss-depth/pokejev-components/battle/stage-b/replays-abyssal-mix-v1-control/pokejevaby52 - battle-gen9ouclock-1312.html
I	14456	e5c6645ee9aef0ad6999e5c16b5d3d2f5ce94281b5c2457aff5de2dc38ec9ebd		work/loss-depth/pokejev-components/battle/stage-b/replays-abyssal-mix-v1-control/pokejevaby52 - battle-gen9ouclock-1320.html
I	14232	8a07cd9e6c38fa32475662ea0a4e005125a64279ff06a11b06616da72d188a92		work/loss-depth/pokejev-components/battle/stage-b/replays-abyssal-mix-v1-control/pokejevaby52 - battle-gen9ouclock-1328.html
I	22122	6ddc9cbdb61386c5973de5cc70a2479543b5f1404b08d3844c51bc884f182bcc		work/loss-depth/pokejev-components/battle/stage-b/replays-abyssal-mix-v1-control/pokejevaby53 - battle-gen9ouclock-1142.html
I	14756	fd9cf984cd329789e46053201b5d76bfe6336f5c1092c9708cfab3a69cfe3360		work/loss-depth/pokejev-components/battle/stage-b/replays-abyssal-mix-v1-control/pokejevaby53 - battle-gen9ouclock-1149.html
I	16990	f831c5d42cbf995b17b81de72923ce755184504ec207eec38ee9ed871c26f91b		work/loss-depth/pokejev-components/battle/stage-b/replays-abyssal-mix-v1-control/pokejevaby53 - battle-gen9ouclock-1156.html
I	15835	56c06a6c3da09662a2b4de36e41029faa4de35d5d92c4ac54d4f9bb945fcc5f2		work/loss-depth/pokejev-components/battle/stage-b/replays-abyssal-mix-v1-control/pokejevaby53 - battle-gen9ouclock-1164.html
I	14625	2745b6865b62e1fbeb8bc50fc614630f1cb1fa3b0870fbc1103b4fbf9633d09e		work/loss-depth/pokejev-components/battle/stage-b/replays-abyssal-mix-v1-control/pokejevaby53 - battle-gen9ouclock-1171.html
I	16330	eab8950e9232832652cfe98b8e9203a4e2e3d8c1dffeaf329eeb22dd378ee41b		work/loss-depth/pokejev-components/battle/stage-b/replays-abyssal-mix-v1-control/pokejevaby53 - battle-gen9ouclock-1179.html
I	15955	5c2d5b326dcf4338c84c0e2fefeca4ea3da6c338b4131376d397b81bfb351ae1		work/loss-depth/pokejev-components/battle/stage-b/replays-abyssal-mix-v1-control/pokejevaby53 - battle-gen9ouclock-1187.html
I	18122	486acfae8d3d1356b0679e7611b8a7b18e9003c6cfaa5fdcdefe21701b683392		work/loss-depth/pokejev-components/battle/stage-b/replays-abyssal-mix-v1-control/pokejevaby53 - battle-gen9ouclock-1193.html
I	14126	a56efa364c5fb98a705a1b177beb35a60dc19d319b387fc22d47e4467f842f8e		work/loss-depth/pokejev-components/battle/stage-b/replays-abyssal-mix-v1-control/pokejevaby53 - battle-gen9ouclock-1204.html
I	15989	39dcd0cea3fc089914b8eba917ee19e1a03e13d0e4d3495a23902c66bd69d691		work/loss-depth/pokejev-components/battle/stage-b/replays-abyssal-mix-v1-control/pokejevaby53 - battle-gen9ouclock-1211.html
I	13726	0066f04842a365c597649de1d48044d4d077cb7fe39a8b8217d134c43cda1cd6		work/loss-depth/pokejev-components/battle/stage-b/replays-abyssal-mix-v1-control/pokejevaby53 - battle-gen9ouclock-1219.html
I	14731	be5bbf6263481d399c30f9be29474cc727aa0deb0239bebb78f4d05ff6280684		work/loss-depth/pokejev-components/battle/stage-b/replays-abyssal-mix-v1-control/pokejevaby53 - battle-gen9ouclock-1227.html
I	16564	134cb65b4341958f38cb1ac3ebdeb70838209ff8efdf53212780b592fc06439d		work/loss-depth/pokejev-components/battle/stage-b/replays-abyssal-mix-v1-control/pokejevaby53 - battle-gen9ouclock-1235.html
I	14534	894c890266565c220e6d7cb118bd6b21e082f320376bbab140a4d994f49123d0		work/loss-depth/pokejev-components/battle/stage-b/replays-abyssal-mix-v1-control/pokejevaby53 - battle-gen9ouclock-1243.html
I	13601	87c5d701e916b1715848052079598377bc3b78e481135a775800b6488f73abcf		work/loss-depth/pokejev-components/battle/stage-b/replays-abyssal-mix-v1-control/pokejevaby53 - battle-gen9ouclock-1249.html
I	15213	a17f0e823beef66858bebcee6eb8ab83b9b389b3fe35addb548720bdb60e34bc		work/loss-depth/pokejev-components/battle/stage-b/replays-abyssal-mix-v1-control/pokejevaby53 - battle-gen9ouclock-1257.html
I	14560	ef82678d6e74cdc17e2857e0c28a10367def9bfc397a6a8e59b9a541f2db6c0a		work/loss-depth/pokejev-components/battle/stage-b/replays-abyssal-mix-v1-control/pokejevaby53 - battle-gen9ouclock-1264.html
I	19662	7b13ae1fffb33f69094165b4d6418c1d562ed7c8f7cd61dc163051b802c6c13b		work/loss-depth/pokejev-components/battle/stage-b/replays-abyssal-mix-v1-control/pokejevaby53 - battle-gen9ouclock-1272.html
I	14893	b633d602fc339d179a4a55200a51fa2c32ad4e17089801b5e02c00a8b9277a7a		work/loss-depth/pokejev-components/battle/stage-b/replays-abyssal-mix-v1-control/pokejevaby53 - battle-gen9ouclock-1281.html
I	14985	720751e9b8847912fcf1e995eae105378324e51e91ca7eb3b55aeeef6ce0d397		work/loss-depth/pokejev-components/battle/stage-b/replays-abyssal-mix-v1-control/pokejevaby53 - battle-gen9ouclock-1290.html
I	17148	d1715cf2898465b10138c885375e223949cbebb5224a0cfd1770acf003f1ce9d		work/loss-depth/pokejev-components/battle/stage-b/replays-abyssal-mix-v1-control/pokejevaby53 - battle-gen9ouclock-1299.html
I	15264	9eb93d1995d895dc517127cbb8dc87f8cd29ac04d6f32cc79601b0b9902d0d84		work/loss-depth/pokejev-components/battle/stage-b/replays-abyssal-mix-v1-control/pokejevaby53 - battle-gen9ouclock-1307.html
I	17567	e42b3031db094ef6222035c836edd83283f869c9a65b4ad0fa71506079f1b3e9		work/loss-depth/pokejev-components/battle/stage-b/replays-abyssal-mix-v1-control/pokejevaby53 - battle-gen9ouclock-1315.html
I	15286	b29bfb2bc0636a38d83bd680705be3753b7a88569237a6f7627c9ca99b3887c8		work/loss-depth/pokejev-components/battle/stage-b/replays-abyssal-mix-v1-control/pokejevaby53 - battle-gen9ouclock-1323.html
I	23957	d981bd6909eed17e8c62409e698fe2bb09b4c985a56866fe07d85779b3684e98		work/loss-depth/pokejev-components/battle/stage-b/replays-abyssal-mix-v1-control/pokejevaby53 - battle-gen9ouclock-1330.html
I	14852	6ae90ec31b4000657e64512a6ade96bc5e2e8271d9114271a730314c266b734e		work/loss-depth/pokejev-components/battle/stage-b/replays-abyssal-mix-v1-control/pokejevaby54 - battle-gen9ouclock-1140.html
I	15174	1e160d334bfc709769b988dd6ce03256de201fd05e4cae25b0ad532da3deeb10		work/loss-depth/pokejev-components/battle/stage-b/replays-abyssal-mix-v1-control/pokejevaby54 - battle-gen9ouclock-1147.html
I	14554	60960282d9ee369cd6c6f59b74a6ad805c20af14b040f98732377aa458a8f95f		work/loss-depth/pokejev-components/battle/stage-b/replays-abyssal-mix-v1-control/pokejevaby54 - battle-gen9ouclock-1154.html
I	16330	6d90a2a35065032fd7f83a89517758f14f05e164cdf674bf91efb996b53eeafa		work/loss-depth/pokejev-components/battle/stage-b/replays-abyssal-mix-v1-control/pokejevaby54 - battle-gen9ouclock-1161.html
I	16666	95caf4e4f1f8f762e377f3c02c40f552dd8af84877dd174e916e084997b69808		work/loss-depth/pokejev-components/battle/stage-b/replays-abyssal-mix-v1-control/pokejevaby54 - battle-gen9ouclock-1170.html
I	18215	ee3b1a976ecb487170d87c8415b2dfc2db1b684a724eabc4f2a9ed773324af06		work/loss-depth/pokejev-components/battle/stage-b/replays-abyssal-mix-v1-control/pokejevaby54 - battle-gen9ouclock-1178.html
I	23109	365fc3fef19c3e02d11c66eaead054447c3f5babe846fb5934b1aceb8ace2100		work/loss-depth/pokejev-components/battle/stage-b/replays-abyssal-mix-v1-control/pokejevaby54 - battle-gen9ouclock-1185.html
I	13641	90126548b70da0b6fc7ae318eb5442b3fdc65aefbd340b35f55f8767f534832f		work/loss-depth/pokejev-components/battle/stage-b/replays-abyssal-mix-v1-control/pokejevaby54 - battle-gen9ouclock-1196.html
I	16586	a00a4fa998ed25290f345310b0bee3ab01a10b6cc484040db3c46abcb9af2b5d		work/loss-depth/pokejev-components/battle/stage-b/replays-abyssal-mix-v1-control/pokejevaby54 - battle-gen9ouclock-1202.html
I	15341	b4a019fecf1eca4319d21d7df6f6b387c2ff40fcf48b7c343edccc7c1b31a9b2		work/loss-depth/pokejev-components/battle/stage-b/replays-abyssal-mix-v1-control/pokejevaby54 - battle-gen9ouclock-1212.html
I	15275	8d40757b767339b07a7df54cd36dbcaef6dfe4d07832af6df97cce02b874b129		work/loss-depth/pokejev-components/battle/stage-b/replays-abyssal-mix-v1-control/pokejevaby54 - battle-gen9ouclock-1220.html
I	14571	b9767ca183ad9e2d5e72071fff56e4fdc05a69828d0a8679ae6127595f4ffca4		work/loss-depth/pokejev-components/battle/stage-b/replays-abyssal-mix-v1-control/pokejevaby54 - battle-gen9ouclock-1228.html
I	15902	e0fee47331ff62da528ae6420a14807e4a02aad59ffbca9104ffff304f60de6d		work/loss-depth/pokejev-components/battle/stage-b/replays-abyssal-mix-v1-control/pokejevaby54 - battle-gen9ouclock-1236.html
I	21773	1e4d031e06958b3fee5e796a40a73f65fa6b5d41ba4addbd116edebedb171390		work/loss-depth/pokejev-components/battle/stage-b/replays-abyssal-mix-v1-control/pokejevaby54 - battle-gen9ouclock-1242.html
I	20849	f22cb832579257ef56c14d74d74f6377d44e7858820c7d42565516f1a8d56fe7		work/loss-depth/pokejev-components/battle/stage-b/replays-abyssal-mix-v1-control/pokejevaby54 - battle-gen9ouclock-1255.html
I	13654	4aff1e3760429901afcce18fac86c05fa50d4b56cceaa2de54d25856b4b3a9f5		work/loss-depth/pokejev-components/battle/stage-b/replays-abyssal-mix-v1-control/pokejevaby54 - battle-gen9ouclock-1266.html
I	19181	f8b3224fea3e2c06b367d3d39227a3de3ede9707b0b2a2685061af9d6f8a746b		work/loss-depth/pokejev-components/battle/stage-b/replays-abyssal-mix-v1-control/pokejevaby54 - battle-gen9ouclock-1271.html
I	16378	2c977ea2537fe0a86336787dd88e0a4232acd39ef0539a0e51894dba59500adc		work/loss-depth/pokejev-components/battle/stage-b/replays-abyssal-mix-v1-control/pokejevaby54 - battle-gen9ouclock-1280.html
I	14632	5e6cc2a29ab110902c82573ddaa583bcbfaa0948fada2340fe83650447728da1		work/loss-depth/pokejev-components/battle/stage-b/replays-abyssal-mix-v1-control/pokejevaby54 - battle-gen9ouclock-1288.html
I	19167	9110e1460f5ed95d24801949cc07affdea406c9fdb64cf339fac09242cdb4c67		work/loss-depth/pokejev-components/battle/stage-b/replays-abyssal-mix-v1-control/pokejevaby54 - battle-gen9ouclock-1294.html
I	15691	2dfb44fed9e6d8250bd94c1aeefe994df56008d7235c29926afa413bec6cf0e5		work/loss-depth/pokejev-components/battle/stage-b/replays-abyssal-mix-v1-control/pokejevaby54 - battle-gen9ouclock-1306.html
I	15292	76a662ba4b6bf06e806ae92f1392915eb95c9ab833e5502531be37a1996df3a3		work/loss-depth/pokejev-components/battle/stage-b/replays-abyssal-mix-v1-control/pokejevaby54 - battle-gen9ouclock-1314.html
I	15832	e1666f9eb649cf7892792bbdd12feb69a66930ab923dbcfa001f80ee1bf786f0		work/loss-depth/pokejev-components/battle/stage-b/replays-abyssal-mix-v1-control/pokejevaby54 - battle-gen9ouclock-1321.html
I	14505	3708b050ea8479f919c511ac9d8b6c6aaea5bd90abbb5e9766646d65eb6a1a93		work/loss-depth/pokejev-components/battle/stage-b/replays-abyssal-mix-v1-control/pokejevaby54 - battle-gen9ouclock-1329.html
I	16944	dd0bf7c29db48eeec4ee57579947a7bb643fb6b642654aea8406210b1ee00adb		work/loss-depth/pokejev-components/battle/stage-b/replays-abyssal-mix-v1-control/pokejevaby54 - battle-gen9ouclock-1333.html
I	13582	72d6981c7eb8cc44088cac7eb55b17fc48c68f7419d3f5ccf7f1c46db64207ec		work/loss-depth/pokejev-components/battle/stage-b/replays-abyssal-mix-v1-control/pokejevaby55 - battle-gen9ouclock-1141.html
I	13911	cfd45c9f2d6a61f42816c94c6b7d17f7943f9ba9ddc6f825f10bc93c3cde8910		work/loss-depth/pokejev-components/battle/stage-b/replays-abyssal-mix-v1-control/pokejevaby55 - battle-gen9ouclock-1143.html
I	15005	0a86305ceb84f6d68f848d01d185e29bcf481c03c3a617e6cc23e8a59e1f4f7c		work/loss-depth/pokejev-components/battle/stage-b/replays-abyssal-mix-v1-control/pokejevaby55 - battle-gen9ouclock-1151.html
I	17171	2b209bf3fd079584e54f3d710b3fef228870f0612a249fde3e7238373e67338f		work/loss-depth/pokejev-components/battle/stage-b/replays-abyssal-mix-v1-control/pokejevaby55 - battle-gen9ouclock-1158.html
I	21225	4bb4376ebf859f3804bd6d3859579a9538cfcfd8f2e7905e5437e2ac5dd3021f		work/loss-depth/pokejev-components/battle/stage-b/replays-abyssal-mix-v1-control/pokejevaby55 - battle-gen9ouclock-1166.html
I	17270	a2836c110563d868aed95cba5d7b976e686f0fc2e30abc7d81718e3de56a18ea		work/loss-depth/pokejev-components/battle/stage-b/replays-abyssal-mix-v1-control/pokejevaby55 - battle-gen9ouclock-1176.html
I	19266	1d445f0915b3293577b428c1acb69eeb71f45938963ffac1e98dfdebed14f739		work/loss-depth/pokejev-components/battle/stage-b/replays-abyssal-mix-v1-control/pokejevaby55 - battle-gen9ouclock-1184.html
I	14788	6f127c23f7791208b68de878a636f42d1ad7e7d423c7079491bebcccfb6fb68d		work/loss-depth/pokejev-components/battle/stage-b/replays-abyssal-mix-v1-control/pokejevaby55 - battle-gen9ouclock-1190.html
I	15103	a5b15a7b8742249697a0c76fe269488a1279df9edf4dd12243a3d1c6cf277902		work/loss-depth/pokejev-components/battle/stage-b/replays-abyssal-mix-v1-control/pokejevaby55 - battle-gen9ouclock-1201.html
I	14073	0f84eee0766b7677a0ca2979a089a605e7c833e9ebd05d3a1d72a8dbb18bd94f		work/loss-depth/pokejev-components/battle/stage-b/replays-abyssal-mix-v1-control/pokejevaby55 - battle-gen9ouclock-1210.html
I	13431	a7dfe295a66842c7e6c7bc177c41048b56a08deeb2ac27dc5c04c2b7a4d7c2f2		work/loss-depth/pokejev-components/battle/stage-b/replays-abyssal-mix-v1-control/pokejevaby55 - battle-gen9ouclock-1217.html
I	17950	034a4a37c3caf853c9ec9ad694842fdbf03543018b7dbbe0c9c8a1dd8762ef74		work/loss-depth/pokejev-components/battle/stage-b/replays-abyssal-mix-v1-control/pokejevaby55 - battle-gen9ouclock-1223.html
I	17119	f1908bdd176bac002330035ab259dccb5177804e9872c019f75b6ce230f56627		work/loss-depth/pokejev-components/battle/stage-b/replays-abyssal-mix-v1-control/pokejevaby55 - battle-gen9ouclock-1233.html
I	14662	7a067139ad764e03ca59bdd6312909aff11de9024f3f1349b894d0df53968a55		work/loss-depth/pokejev-components/battle/stage-b/replays-abyssal-mix-v1-control/pokejevaby55 - battle-gen9ouclock-1241.html
I	18966	d42b6ca4e3ef303c99669f47bcbcb40b2daca0a4de6f2a9068722e01c175b264		work/loss-depth/pokejev-components/battle/stage-b/replays-abyssal-mix-v1-control/pokejevaby55 - battle-gen9ouclock-1250.html
I	15588	3516bd8d030818aae8dee8c336d344bd8b9098c65f715490e2decbb5f389e224		work/loss-depth/pokejev-components/battle/stage-b/replays-abyssal-mix-v1-control/pokejevaby55 - battle-gen9ouclock-1261.html
I	16835	f57a721fc1185c1b4704ca524e6142a8ab95c6e7fc8bf15e82eee13300e71c83		work/loss-depth/pokejev-components/battle/stage-b/replays-abyssal-mix-v1-control/pokejevaby55 - battle-gen9ouclock-1268.html
I	13631	443fd82401e6140f2c3f72cb995c00df55f688ed23485d42197463042dd04760		work/loss-depth/pokejev-components/battle/stage-b/replays-abyssal-mix-v1-control/pokejevaby55 - battle-gen9ouclock-1276.html
I	14116	5b247338462115ef4200820af4ff1c7278963428a196e535190cd5a29908992d		work/loss-depth/pokejev-components/battle/stage-b/replays-abyssal-mix-v1-control/pokejevaby55 - battle-gen9ouclock-1282.html
I	16558	516bd9f4a2bd4e23dcbf8eb7f8894f1a059c9e6e745d64fb01349f5c82c5f6ef		work/loss-depth/pokejev-components/battle/stage-b/replays-abyssal-mix-v1-control/pokejevaby55 - battle-gen9ouclock-1289.html
I	13305	9a14d0724187a65d507105a509501ddb024853fb8f352ac7dad62a6785525616		work/loss-depth/pokejev-components/battle/stage-b/replays-abyssal-mix-v1-control/pokejevaby55 - battle-gen9ouclock-1298.html
I	13875	622ccad007102eb7dc610a96a99824941071f4462687724288e9747c120b49e1		work/loss-depth/pokejev-components/battle/stage-b/replays-abyssal-mix-v1-control/pokejevaby55 - battle-gen9ouclock-1302.html
I	14048	b55beace25e3754d5d8f0858ea89c22b06077b05735442ce96b96e248ecff7b1		work/loss-depth/pokejev-components/battle/stage-b/replays-abyssal-mix-v1-control/pokejevaby55 - battle-gen9ouclock-1309.html
I	15864	7a9dc903eac5f86563e02b9899ac2c94f25dc264c611c83f30bbcb249f94e85b		work/loss-depth/pokejev-components/battle/stage-b/replays-abyssal-mix-v1-control/pokejevaby55 - battle-gen9ouclock-1316.html
I	15616	9ea2f9149b1accde4f622106fbcc38b919f2563b2fdbbdba6137068231c7ed68		work/loss-depth/pokejev-components/battle/stage-b/replays-abyssal-mix-v1-control/pokejevaby55 - battle-gen9ouclock-1324.html
I	19340	1546232faef9cf4b7129a4c64c0f7a0ec2c243c98dbce90964fbba52317b2807		work/loss-depth/pokejev-components/battle/stage-b/replays-abyssal-mix-v1-control/pokejevaby56 - battle-gen9ouclock-1139.html
I	17299	e49abbac24eee008d69654939cc270bb1fa5880c1cf9fb129a4c03c238057065		work/loss-depth/pokejev-components/battle/stage-b/replays-abyssal-mix-v1-control/pokejevaby56 - battle-gen9ouclock-1148.html
I	17318	629e677756b15ddb33f81e63e447ba755dd996a10d30bcda1045265c425fcc6f		work/loss-depth/pokejev-components/battle/stage-b/replays-abyssal-mix-v1-control/pokejevaby56 - battle-gen9ouclock-1157.html
I	11166	af0abb16180bb9d5d2dace65f86a797b23e793289c070e6ff59aafbaab9ee96e		work/loss-depth/pokejev-components/battle/stage-b/replays-abyssal-mix-v1-control/pokejevaby56 - battle-gen9ouclock-1163.html
I	15140	e30ec66382bab9e5f7cac05a0251d11a90c6c7271f393a65342dd261ccc7cda9		work/loss-depth/pokejev-components/battle/stage-b/replays-abyssal-mix-v1-control/pokejevaby56 - battle-gen9ouclock-1169.html
I	17233	88b9a130925058eed26bc8cdd701ad6b641df4cb5c3102285f69fd89c7eeff6d		work/loss-depth/pokejev-components/battle/stage-b/replays-abyssal-mix-v1-control/pokejevaby56 - battle-gen9ouclock-1175.html
I	20049	4fd40548a7bb9a99d2b24516570950367e2597af28296956f5c2ad039550d939		work/loss-depth/pokejev-components/battle/stage-b/replays-abyssal-mix-v1-control/pokejevaby56 - battle-gen9ouclock-1183.html
I	15335	ab3a3eabe71439a99b4809a06981ad343fea36929ff9455bd759f400f84106bc		work/loss-depth/pokejev-components/battle/stage-b/replays-abyssal-mix-v1-control/pokejevaby56 - battle-gen9ouclock-1192.html
I	15320	43db85ae2050a8ccd9cd81c9f94809fb3f288f3a805320768b6cbe691570228c		work/loss-depth/pokejev-components/battle/stage-b/replays-abyssal-mix-v1-control/pokejevaby56 - battle-gen9ouclock-1200.html
I	14666	0bc10d0b616073d19a57e3c3378dac07d63ef9307863c6c17ce314360872c949		work/loss-depth/pokejev-components/battle/stage-b/replays-abyssal-mix-v1-control/pokejevaby56 - battle-gen9ouclock-1208.html
I	15267	ab2ce424998e0569d2dbdc275a80a4a2c0040e248dd90a70dab9a11dd3b47038		work/loss-depth/pokejev-components/battle/stage-b/replays-abyssal-mix-v1-control/pokejevaby56 - battle-gen9ouclock-1216.html
I	14529	23f3cff3f28d6828785ac1fc1acef70ab153751c859fa22287d47759d1bd3871		work/loss-depth/pokejev-components/battle/stage-b/replays-abyssal-mix-v1-control/pokejevaby56 - battle-gen9ouclock-1225.html
I	13349	c201041172fe2fb0a9dc93a1cc2041e5483c98ad98c5ea916571aec3cada0c59		work/loss-depth/pokejev-components/battle/stage-b/replays-abyssal-mix-v1-control/pokejevaby56 - battle-gen9ouclock-1229.html
I	15416	ef3c90a433e779a0f7d0cf1c675a67c6c5cba550c62f0b7f987549dd577515d4		work/loss-depth/pokejev-components/battle/stage-b/replays-abyssal-mix-v1-control/pokejevaby56 - battle-gen9ouclock-1237.html
I	14438	adc2ba541d40026924336b2f67f41a8578337a664b012e0229e5b168a1f8d433		work/loss-depth/pokejev-components/battle/stage-b/replays-abyssal-mix-v1-control/pokejevaby56 - battle-gen9ouclock-1244.html
I	12406	a8fc9335168afe3ddf49a5fe9d53a04eac5a79d80163e0335905e87f0b2d4b0a		work/loss-depth/pokejev-components/battle/stage-b/replays-abyssal-mix-v1-control/pokejevaby56 - battle-gen9ouclock-1251.html
I	13980	9658690527b016e671c9ab4a23bf9c8312ebb81ae43b8f92fb137a20f3d52195		work/loss-depth/pokejev-components/battle/stage-b/replays-abyssal-mix-v1-control/pokejevaby56 - battle-gen9ouclock-1258.html
I	15922	08b3e46a247ccc0df18307df39f4a629fb948f50d2a7bd990cf97cec44751af2		work/loss-depth/pokejev-components/battle/stage-b/replays-abyssal-mix-v1-control/pokejevaby56 - battle-gen9ouclock-1265.html
I	14511	79337af76efca9b890da4c54cedb53dca03d7ce313e68d01e1a7affd220ad3fe		work/loss-depth/pokejev-components/battle/stage-b/replays-abyssal-mix-v1-control/pokejevaby56 - battle-gen9ouclock-1273.html
I	14471	6d5ff356da5ff028b57cdb5798946bdecab7c589d852cbf1d5ddccce3cd49f6e		work/loss-depth/pokejev-components/battle/stage-b/replays-abyssal-mix-v1-control/pokejevaby56 - battle-gen9ouclock-1279.html
I	17002	5e8b60ba392bb3b20bf9429deda4abd2a63349dc560d3d25b412ab6a98f96eec		work/loss-depth/pokejev-components/battle/stage-b/replays-abyssal-mix-v1-control/pokejevaby56 - battle-gen9ouclock-1287.html
I	15916	bd61ad282d07691ffbad57156a72d2901305f6593310ca5bf12f8843dcdef5e6		work/loss-depth/pokejev-components/battle/stage-b/replays-abyssal-mix-v1-control/pokejevaby56 - battle-gen9ouclock-1295.html
I	18378	64acb59cca942bd13f55c7a64f274fd996cb38f45fb7e91f930f0cffdf9dc830		work/loss-depth/pokejev-components/battle/stage-b/replays-abyssal-mix-v1-control/pokejevaby56 - battle-gen9ouclock-1303.html
I	19256	a9ae2763246152173e24686bd5d27dc69f2b792ac06d7783241ddba26cff90ef		work/loss-depth/pokejev-components/battle/stage-b/replays-abyssal-mix-v1-control/pokejevaby56 - battle-gen9ouclock-1313.html
I	13664	b79ffaaeb8767b99199a5248006a5acfc74f46ede198aad56a4b18f83cb8660b		work/loss-depth/pokejev-components/battle/stage-b/replays-abyssal-mix-v1-control/pokejevaby56 - battle-gen9ouclock-1322.html
I	17107	87b6129abe711347f00b129f275bdc64ff5ef8660e0436c16168e232f801da96		work/loss-depth/pokejev-components/battle/stage-b/replays-abyssal-mix-v1-control/pokejevaby57 - battle-gen9ouclock-1137.html
I	20131	e0537e3c44f3d5c145464211678ee935f4ab10530c05bc3fa0aa16d849a2f009		work/loss-depth/pokejev-components/battle/stage-b/replays-abyssal-mix-v1-control/pokejevaby57 - battle-gen9ouclock-1146.html
I	18400	88f3528cb83ac71a3f6d5cf5f271c69694538ad67e0cd8c049592fd74b943a0c		work/loss-depth/pokejev-components/battle/stage-b/replays-abyssal-mix-v1-control/pokejevaby57 - battle-gen9ouclock-1155.html
I	18080	f5c335fe884403443174c221a385aa3511ec8c20ae28bafb047b429f92f513d8		work/loss-depth/pokejev-components/battle/stage-b/replays-abyssal-mix-v1-control/pokejevaby57 - battle-gen9ouclock-1162.html
I	15723	b1c1f7a05603d101f644d310743891ce67b1bd864556edceb83b1bb2e84c090b		work/loss-depth/pokejev-components/battle/stage-b/replays-abyssal-mix-v1-control/pokejevaby57 - battle-gen9ouclock-1172.html
I	13949	e021298c8a70184d34ac38f82184d12c8bcdcfa9ab631ec90e4771696dd1c2bb		work/loss-depth/pokejev-components/battle/stage-b/replays-abyssal-mix-v1-control/pokejevaby57 - battle-gen9ouclock-1180.html
I	16000	118c0ac495fa2ad3ea053e9f4ad2c235e1c9b56aa6776e0ea0b68784ad8774f5		work/loss-depth/pokejev-components/battle/stage-b/replays-abyssal-mix-v1-control/pokejevaby57 - battle-gen9ouclock-1186.html
I	14418	3da8ffa9cbfbf579063a0c83d2ae32c6fe293dedd18cecd18bcce17e4dbf7ccc		work/loss-depth/pokejev-components/battle/stage-b/replays-abyssal-mix-v1-control/pokejevaby57 - battle-gen9ouclock-1194.html
I	13717	435a073ba774673f2ba748d83bfa4b36bc0e956a81471202f40c23c4918155b5		work/loss-depth/pokejev-components/battle/stage-b/replays-abyssal-mix-v1-control/pokejevaby57 - battle-gen9ouclock-1198.html
I	17288	e8f97425daa989d1375fb361b18d8be51c6342815081a42a623c062275e4d7fb		work/loss-depth/pokejev-components/battle/stage-b/replays-abyssal-mix-v1-control/pokejevaby57 - battle-gen9ouclock-1205.html
I	11863	e2a42b5a50878de8403faa39014622d5dee933612870cfb939e3529e54c42977		work/loss-depth/pokejev-components/battle/stage-b/replays-abyssal-mix-v1-control/pokejevaby57 - battle-gen9ouclock-1218.html
I	15224	3a37c60a2b4adbe40e8ec1b5584dbe4f6de4abf2fd88ecbeadfce463132fc6d2		work/loss-depth/pokejev-components/battle/stage-b/replays-abyssal-mix-v1-control/pokejevaby57 - battle-gen9ouclock-1224.html
I	15479	cb3adc15a03099a29a6da62c5a52eaa2087e60aad22957840780b7ec81f0716f		work/loss-depth/pokejev-components/battle/stage-b/replays-abyssal-mix-v1-control/pokejevaby57 - battle-gen9ouclock-1232.html
I	13971	6232775a1ef2ada0471b81557b16912b485cf3f70ae9a6a373beb2daefc86e52		work/loss-depth/pokejev-components/battle/stage-b/replays-abyssal-mix-v1-control/pokejevaby57 - battle-gen9ouclock-1238.html
I	13637	e202d8d8254e5f4b4b09b07d3e475db97806fefca328b3bec121beb781bf2270		work/loss-depth/pokejev-components/battle/stage-b/replays-abyssal-mix-v1-control/pokejevaby57 - battle-gen9ouclock-1245.html
I	15407	49ce5fa302dee1db891f7d20e30aea63454a0ffdfe40299bad3217208efe5454		work/loss-depth/pokejev-components/battle/stage-b/replays-abyssal-mix-v1-control/pokejevaby57 - battle-gen9ouclock-1252.html
I	23314	93c923cf5358b266374ec86fb544dd72d346cb0c3ad45da2139f6092daee3b1a		work/loss-depth/pokejev-components/battle/stage-b/replays-abyssal-mix-v1-control/pokejevaby57 - battle-gen9ouclock-1259.html
I	18402	3abf158aafc07e68833db110747661b02bc012f8b73fdd742b851acbbc5bbb57		work/loss-depth/pokejev-components/battle/stage-b/replays-abyssal-mix-v1-control/pokejevaby57 - battle-gen9ouclock-1269.html
I	16026	7924cb3a8d9440328ac0f09e5f714ab3e8073a0f35466a4e035bfd8c37d7a8da		work/loss-depth/pokejev-components/battle/stage-b/replays-abyssal-mix-v1-control/pokejevaby57 - battle-gen9ouclock-1278.html
I	14667	3cc770635b2050c8f8ffbaff53053f166930c3cb7ccea58ff28448de2b7de466		work/loss-depth/pokejev-components/battle/stage-b/replays-abyssal-mix-v1-control/pokejevaby57 - battle-gen9ouclock-1286.html
I	16738	b418a0c1895f7be563494255ec63438faf98284dddeb87717f8b95e88d173b99		work/loss-depth/pokejev-components/battle/stage-b/replays-abyssal-mix-v1-control/pokejevaby57 - battle-gen9ouclock-1293.html
I	15009	7af22b2754aa793f0464cc67e8afe3c2ebd42c74ead9e7abec0145b37062a42b		work/loss-depth/pokejev-components/battle/stage-b/replays-abyssal-mix-v1-control/pokejevaby57 - battle-gen9ouclock-1301.html
I	14945	daf0afc68387e4e7405241911602e19488e6cfff097e53989dc46c40f659ed93		work/loss-depth/pokejev-components/battle/stage-b/replays-abyssal-mix-v1-control/pokejevaby57 - battle-gen9ouclock-1310.html
I	15558	56704e28a4b245fa305409d2c4f4ebc48c5ab785ab8507cbee64d4a6944afe5c		work/loss-depth/pokejev-components/battle/stage-b/replays-abyssal-mix-v1-control/pokejevaby57 - battle-gen9ouclock-1319.html
I	15605	d591941fbae8880cf934f9a9f16a348fd640c784531b1723f6a36a6517fca60b		work/loss-depth/pokejev-components/battle/stage-b/replays-abyssal-mix-v1-control/pokejevaby57 - battle-gen9ouclock-1326.html
I	13695	4071bb5e7c4e005effb566ff9a8b3cd9f4ec9dfdd9b9f80e4240ede076abde0e		work/loss-depth/pokejev-components/battle/stage-b/replays-abyssal-mix-v1/pokejevaby50 - battle-gen9ouclock-1340.html
I	16593	e4435a9e9a7ac09af7397ce7cf326b5f7b0bc660c6d277382883f10996541bff		work/loss-depth/pokejev-components/battle/stage-b/replays-abyssal-mix-v1/pokejevaby50 - battle-gen9ouclock-1343.html
I	15053	8497487d730087266b22427751e93931de5ef9b26c75cae04e7439bf3dffbe3b		work/loss-depth/pokejev-components/battle/stage-b/replays-abyssal-mix-v1/pokejevaby50 - battle-gen9ouclock-1350.html
I	12956	338b6e0cff3d4518fb955f5d66af101b9cf0ed422fa1c32f6f170583751a9f59		work/loss-depth/pokejev-components/battle/stage-b/replays-abyssal-mix-v1/pokejevaby50 - battle-gen9ouclock-1354.html
I	15482	0fd07c400ea6cdaa67ba74d3668fa7095f6403398f2c5727332c07a11b4f1039		work/loss-depth/pokejev-components/battle/stage-b/replays-abyssal-mix-v1/pokejevaby50 - battle-gen9ouclock-1358.html
I	19044	ae1f7b5027c1959681a041309cfb08c6392367eec8563a8f2547f838294484a5		work/loss-depth/pokejev-components/battle/stage-b/replays-abyssal-mix-v1/pokejevaby50 - battle-gen9ouclock-1363.html
I	15822	5d969de610d309674babab2dad99112df864380f48c38614fd98d862313c7d4a		work/loss-depth/pokejev-components/battle/stage-b/replays-abyssal-mix-v1/pokejevaby50 - battle-gen9ouclock-1370.html
I	13287	a98d7c06a7277d9bde9d95ef17e53ea6c83a85566532e94ac9934cad2f0a9aa2		work/loss-depth/pokejev-components/battle/stage-b/replays-abyssal-mix-v1/pokejevaby50 - battle-gen9ouclock-1376.html
I	12824	2891bb9f0806d06cd787e415381062266a3915d306a94448a602cb589c4dc146		work/loss-depth/pokejev-components/battle/stage-b/replays-abyssal-mix-v1/pokejevaby50 - battle-gen9ouclock-1381.html
I	14811	a25a03f1494732c0b437e75e4b03ca246b013e909b868fa06b2e1e220bc9b3a4		work/loss-depth/pokejev-components/battle/stage-b/replays-abyssal-mix-v1/pokejevaby50 - battle-gen9ouclock-1387.html
I	17163	99215bbef6f92664fe9d1d1f438f5b2c69248396442ef3dfd30bad9cfe6d210f		work/loss-depth/pokejev-components/battle/stage-b/replays-abyssal-mix-v1/pokejevaby50 - battle-gen9ouclock-1392.html
I	30977	3e9b6ab352596bfea7f759ed3a479b8f8dde0cfdbfe3537dbf8e2f342bc1445f		work/loss-depth/pokejev-components/battle/stage-b/replays-abyssal-mix-v1/pokejevaby50 - battle-gen9ouclock-1400.html
I	18934	91c0955d14eaf3f4ac427d29383ee0cc7efc917472d12e2c82e16fab1a1b0a3d		work/loss-depth/pokejev-components/battle/stage-b/replays-abyssal-mix-v1/pokejevaby50 - battle-gen9ouclock-1416.html
I	18990	151a0de9cdba868b8cc4196fe5484f1fcea16cfa521a21e04e2eb38f05d0e317		work/loss-depth/pokejev-components/battle/stage-b/replays-abyssal-mix-v1/pokejevaby50 - battle-gen9ouclock-1425.html
I	12525	8022c51ee96b96b49bd4b4edb61f9619c7b6a14a1eaa02bae77478a41001205f		work/loss-depth/pokejev-components/battle/stage-b/replays-abyssal-mix-v1/pokejevaby50 - battle-gen9ouclock-1435.html
I	25578	78135b25566202b69fe395a02d3f33e8159db00cd993f78e392421fc72b5769c		work/loss-depth/pokejev-components/battle/stage-b/replays-abyssal-mix-v1/pokejevaby50 - battle-gen9ouclock-1441.html
I	14921	e99d5a8634b8523acb760e7d5a5fc09ba3e040d3645f1128a77944d61bd1e29e		work/loss-depth/pokejev-components/battle/stage-b/replays-abyssal-mix-v1/pokejevaby50 - battle-gen9ouclock-1456.html
I	14187	02d2868b2546bc2fdad60ba1f7059deaf8b32c3e4d77bc8252efe4ec8542f7f9		work/loss-depth/pokejev-components/battle/stage-b/replays-abyssal-mix-v1/pokejevaby50 - battle-gen9ouclock-1462.html
I	18372	4cdec90a1d71269df77173d48082a910935e88b06d2c4eab724f46a7ca43a353		work/loss-depth/pokejev-components/battle/stage-b/replays-abyssal-mix-v1/pokejevaby50 - battle-gen9ouclock-1469.html
I	14028	fb8c3d96e8d8e2c045e8b5c371855e12ad9810e941ab6699702aca787a1d315c		work/loss-depth/pokejev-components/battle/stage-b/replays-abyssal-mix-v1/pokejevaby50 - battle-gen9ouclock-1477.html
I	17701	642a30307c9590ae7b99c4d3c131fb1d7770211ffbccf5501d93f39412d68dad		work/loss-depth/pokejev-components/battle/stage-b/replays-abyssal-mix-v1/pokejevaby50 - battle-gen9ouclock-1482.html
I	17480	9bdd327cae426746a2006c687395f7aae2fbde8990c1b18061a5d4ca2dcac699		work/loss-depth/pokejev-components/battle/stage-b/replays-abyssal-mix-v1/pokejevaby50 - battle-gen9ouclock-1493.html
I	20244	0845fbc51783b91c6ea2b9d4f8f1088a042637fe6f83da11026b9e7a6532add9		work/loss-depth/pokejev-components/battle/stage-b/replays-abyssal-mix-v1/pokejevaby50 - battle-gen9ouclock-1503.html
I	17476	2aac1099ee5bea1c697cfcaef7bdb81e89efa946836ca27707751006cec6d1bf		work/loss-depth/pokejev-components/battle/stage-b/replays-abyssal-mix-v1/pokejevaby50 - battle-gen9ouclock-1514.html
I	21806	0e77e8e9df92c0b864a7769cf8a988fc4dcf99927be8d55eb36dfc1e6c994944		work/loss-depth/pokejev-components/battle/stage-b/replays-abyssal-mix-v1/pokejevaby50 - battle-gen9ouclock-1522.html
I	17963	f253bd7a0f2f61506b8ac3f774290b4612a4ad4e5802afe9f9f180711c94d095		work/loss-depth/pokejev-components/battle/stage-b/replays-abyssal-mix-v1/pokejevaby51 - battle-gen9ouclock-1339.html
I	14773	5ed85569296b823091d272f65e1c0240f4cb0ae657cf8f00ec3ea5180cc9e0d2		work/loss-depth/pokejev-components/battle/stage-b/replays-abyssal-mix-v1/pokejevaby51 - battle-gen9ouclock-1347.html
I	17065	828dc45ed9fdfa2f5fc5185d982c317b54ef4d8f16ece33e3fa80262c1915861		work/loss-depth/pokejev-components/battle/stage-b/replays-abyssal-mix-v1/pokejevaby51 - battle-gen9ouclock-1352.html
I	15041	6d7611b3866eb8a7d40fa1850bfcae9e5b6c80bce9e1f26cc3efeb24a2797425		work/loss-depth/pokejev-components/battle/stage-b/replays-abyssal-mix-v1/pokejevaby51 - battle-gen9ouclock-1359.html
I	17882	77d944c86aa4226eace39ef3367a5f06b7794e8970fd4fed266e66a2c05ec036		work/loss-depth/pokejev-components/battle/stage-b/replays-abyssal-mix-v1/pokejevaby51 - battle-gen9ouclock-1364.html
I	21524	372e59667606d330644dd839fd6000fbae8350c59a99b2bd1cccdcf5955ffdb0		work/loss-depth/pokejev-components/battle/stage-b/replays-abyssal-mix-v1/pokejevaby51 - battle-gen9ouclock-1368.html
I	14190	cdd8d5bd8d017cb9ce600cce6eb380ff5c647db84938c3aee2f6f439623f1a80		work/loss-depth/pokejev-components/battle/stage-b/replays-abyssal-mix-v1/pokejevaby51 - battle-gen9ouclock-1378.html
I	15463	f40cfffe88b0f871d9c7b0230ab2fb9af583105abc5d4eca2c4db7066d443c8f		work/loss-depth/pokejev-components/battle/stage-b/replays-abyssal-mix-v1/pokejevaby51 - battle-gen9ouclock-1386.html
I	15044	084545f208e562c0609e53b26c1f50a91de24554e63837f7533039ef107b99fc		work/loss-depth/pokejev-components/battle/stage-b/replays-abyssal-mix-v1/pokejevaby51 - battle-gen9ouclock-1390.html
I	16259	61abb3b166e1d6bf83c186c55b461c51d58e187213f3225e70263f3af74f2761		work/loss-depth/pokejev-components/battle/stage-b/replays-abyssal-mix-v1/pokejevaby51 - battle-gen9ouclock-1396.html
I	16221	e59be6f18e9b14f0d6876dac454ff67ea4e9c2bfe0aeeb155c22ccfae602f7bc		work/loss-depth/pokejev-components/battle/stage-b/replays-abyssal-mix-v1/pokejevaby51 - battle-gen9ouclock-1404.html
I	27900	6e286633f45faad34e298ba79c1391548f0a5ea98ba41c897679ceca986e6f64		work/loss-depth/pokejev-components/battle/stage-b/replays-abyssal-mix-v1/pokejevaby51 - battle-gen9ouclock-1409.html
I	14940	209e78780c7c27afcc87d7e63fb1e74646632aaee5bbd3e7fb3ff174953912d8		work/loss-depth/pokejev-components/battle/stage-b/replays-abyssal-mix-v1/pokejevaby51 - battle-gen9ouclock-1421.html
I	17929	e80921e118937df44b66e44c66fb3227511d469670c75ac5564a81a0973bcd55		work/loss-depth/pokejev-components/battle/stage-b/replays-abyssal-mix-v1/pokejevaby51 - battle-gen9ouclock-1428.html
I	17125	a5af2fb7e695e59707d76e412784512cfb014462bbcd66f30bc90c4f14320f9d		work/loss-depth/pokejev-components/battle/stage-b/replays-abyssal-mix-v1/pokejevaby51 - battle-gen9ouclock-1436.html
I	19755	39495a6335cbe04dadd2b11155908b525264718aceb828e452822b2440fae4c4		work/loss-depth/pokejev-components/battle/stage-b/replays-abyssal-mix-v1/pokejevaby51 - battle-gen9ouclock-1443.html
I	17224	a3f4e40ca9d49b7a9bc4313628c4cb714d34503126b1b0ce2d9e24355aa7e4ea		work/loss-depth/pokejev-components/battle/stage-b/replays-abyssal-mix-v1/pokejevaby51 - battle-gen9ouclock-1451.html
I	15010	cbd0fc37fe88e61e187cafb7a77360d19bdaf0f129fda59a95e4869c3ad9d125		work/loss-depth/pokejev-components/battle/stage-b/replays-abyssal-mix-v1/pokejevaby51 - battle-gen9ouclock-1460.html
I	14319	f9e454b9cb485c0f30f619bb2901245a664eab1113b62877904c5b03898f3e3b		work/loss-depth/pokejev-components/battle/stage-b/replays-abyssal-mix-v1/pokejevaby51 - battle-gen9ouclock-1467.html
I	16849	0b4ff0f4c69fdb45fe481fe688171c7c84f18e56a7f342350447180a17b0aede		work/loss-depth/pokejev-components/battle/stage-b/replays-abyssal-mix-v1/pokejevaby51 - battle-gen9ouclock-1473.html
I	17634	5114be822430615e20066f3e786f519ca58a6af3540eba0770c3d7e144f08270		work/loss-depth/pokejev-components/battle/stage-b/replays-abyssal-mix-v1/pokejevaby51 - battle-gen9ouclock-1479.html
I	21121	0bb463655945afe91a4f301745299e6ffb7b6011133bd13889ccbc49f159b79b		work/loss-depth/pokejev-components/battle/stage-b/replays-abyssal-mix-v1/pokejevaby51 - battle-gen9ouclock-1486.html
I	18560	ee8d781fa281668b4c589a76a987d5979e8662009959d1688b24e3c222565ebf		work/loss-depth/pokejev-components/battle/stage-b/replays-abyssal-mix-v1/pokejevaby51 - battle-gen9ouclock-1500.html
I	15959	16763dcf45c2c5aa74b8efe82a1d263882f6e10214fd42926fc281917af11e54		work/loss-depth/pokejev-components/battle/stage-b/replays-abyssal-mix-v1/pokejevaby51 - battle-gen9ouclock-1511.html
I	17815	7ba9e03d02092733eeaa41970ef5a2c573dd3dc3a5e749f0d7b1d9bd8e459893		work/loss-depth/pokejev-components/battle/stage-b/replays-abyssal-mix-v1/pokejevaby51 - battle-gen9ouclock-1518.html
I	18608	cb901d0dde9590f81a866473a2944b9898a5af8d445cfbe76fa053c200f0b968		work/loss-depth/pokejev-components/battle/stage-b/replays-abyssal-mix-v1/pokejevaby52 - battle-gen9ouclock-1338.html
I	17360	4007a7a4ac8342e5a7dbcedb2a89ef10b9be06939ddc679a429a0fdde25d3e5d		work/loss-depth/pokejev-components/battle/stage-b/replays-abyssal-mix-v1/pokejevaby52 - battle-gen9ouclock-1349.html
I	21671	b1f126be197c0dd72df4b656c77621b8b58fdd44dfbe003e01c7d9c2696950dd		work/loss-depth/pokejev-components/battle/stage-b/replays-abyssal-mix-v1/pokejevaby52 - battle-gen9ouclock-1355.html
I	18855	61ca2e3d1401d5ddf9ba3d515bf50ec07703d2321e1e8b4d32af1a9296432e1e		work/loss-depth/pokejev-components/battle/stage-b/replays-abyssal-mix-v1/pokejevaby52 - battle-gen9ouclock-1360.html
I	16470	72a7a2267b26fa22371ff91f6ab340a2b0aa06a4cb489d81cf96e7a9b78bcc56		work/loss-depth/pokejev-components/battle/stage-b/replays-abyssal-mix-v1/pokejevaby52 - battle-gen9ouclock-1365.html
I	17053	ed7eff9efa9b3c6a0a77e10c51e550bd43dca4a9e3a48999271b03214b81a376		work/loss-depth/pokejev-components/battle/stage-b/replays-abyssal-mix-v1/pokejevaby52 - battle-gen9ouclock-1372.html
I	13611	697fbf8a52fd7ebf841d212a4d108b9deafd88fdaaeff77915a33258feb5d575		work/loss-depth/pokejev-components/battle/stage-b/replays-abyssal-mix-v1/pokejevaby52 - battle-gen9ouclock-1379.html
I	15789	4c19b56d4a4a7be2ae192218fa5a1054f011694b5393f0e73272f8cc89b075f6		work/loss-depth/pokejev-components/battle/stage-b/replays-abyssal-mix-v1/pokejevaby52 - battle-gen9ouclock-1385.html
I	14391	d1ff9284438a52ddc607161d084b8a28d741eb3e8c7a76fcf1e37ef2acae5ee0		work/loss-depth/pokejev-components/battle/stage-b/replays-abyssal-mix-v1/pokejevaby52 - battle-gen9ouclock-1391.html
I	14741	7e4a0b34e01bf79f1a5a88d4166be38a8d5ed2908fa4f9d9308dcbedf38d0b6c		work/loss-depth/pokejev-components/battle/stage-b/replays-abyssal-mix-v1/pokejevaby52 - battle-gen9ouclock-1398.html
I	14062	4a32a5143e115527e22156ddc777b4cc74479631ef549a7b5dd3637585abef44		work/loss-depth/pokejev-components/battle/stage-b/replays-abyssal-mix-v1/pokejevaby52 - battle-gen9ouclock-1401.html
I	18760	40896cae00dad12306791e5f9c91d05543054cebbfad1ea7539ff5b0e7c21387		work/loss-depth/pokejev-components/battle/stage-b/replays-abyssal-mix-v1/pokejevaby52 - battle-gen9ouclock-1408.html
I	16373	0ea133a909dfaf1ef67f1ad9157c966020b24bc4894985e5bb0160fc396648f0		work/loss-depth/pokejev-components/battle/stage-b/replays-abyssal-mix-v1/pokejevaby52 - battle-gen9ouclock-1414.html
I	13280	0312db0f59b591b6a8de180c08fbc12514c4a0e703d9c095201969f0a2851120		work/loss-depth/pokejev-components/battle/stage-b/replays-abyssal-mix-v1/pokejevaby52 - battle-gen9ouclock-1419.html
I	16659	014d133b9d0a017e43630571ee816ab703ff9da6d92b660a08303dd73f3742fc		work/loss-depth/pokejev-components/battle/stage-b/replays-abyssal-mix-v1/pokejevaby52 - battle-gen9ouclock-1423.html
I	16011	570163ce5c386e758517b07ff4061028a8c94f657061b0960e8b772a024b1551		work/loss-depth/pokejev-components/battle/stage-b/replays-abyssal-mix-v1/pokejevaby52 - battle-gen9ouclock-1429.html
I	18033	c2d113fa6667b29080586dc13eff2b78bc5180475c6f0177d28c1a13451c7c32		work/loss-depth/pokejev-components/battle/stage-b/replays-abyssal-mix-v1/pokejevaby52 - battle-gen9ouclock-1439.html
I	15048	a1af3e554d89c627b7d599f17be70351b48cbf63ec40fba852a7b94b38b2f544		work/loss-depth/pokejev-components/battle/stage-b/replays-abyssal-mix-v1/pokejevaby52 - battle-gen9ouclock-1448.html
I	14276	b05e4266bcc5ebe71cfa948da065cf2938f9e1cda80a9a5c325698ed39a238bc		work/loss-depth/pokejev-components/battle/stage-b/replays-abyssal-mix-v1/pokejevaby52 - battle-gen9ouclock-1454.html
I	29175	36e3b0c992273f9f2c1536a4706eaeefe847f6dc5175819ae6b5f1246423622e		work/loss-depth/pokejev-components/battle/stage-b/replays-abyssal-mix-v1/pokejevaby52 - battle-gen9ouclock-1459.html
I	18834	fed6ae52c83f3b9faa29955997efe2a4e7a5c7ad72303d028a4f12baa173d07d		work/loss-depth/pokejev-components/battle/stage-b/replays-abyssal-mix-v1/pokejevaby52 - battle-gen9ouclock-1480.html
I	14311	000541580b1807fdd1e8439fb07437dde7cd9bff494baaa0d025238f9eb0a717		work/loss-depth/pokejev-components/battle/stage-b/replays-abyssal-mix-v1/pokejevaby52 - battle-gen9ouclock-1488.html
I	14611	fcb9fd8ea2f4e3f72253841f637f365565445067cdfcb637bad4bcb059fbac37		work/loss-depth/pokejev-components/battle/stage-b/replays-abyssal-mix-v1/pokejevaby52 - battle-gen9ouclock-1495.html
I	15902	679ae6090e00644d21d47ff3c856e72b262a4ef675cc19295f62f79abed94d3e		work/loss-depth/pokejev-components/battle/stage-b/replays-abyssal-mix-v1/pokejevaby52 - battle-gen9ouclock-1502.html
I	15645	a673a38d8872864a1c03d546f96153b10eb5cbdbb035a6accec5d1922febde8f		work/loss-depth/pokejev-components/battle/stage-b/replays-abyssal-mix-v1/pokejevaby52 - battle-gen9ouclock-1507.html
I	16574	f149ec43056b21ad40a74113cae763ac6deef52cf7efe5b1902ab4d9f218b7fc		work/loss-depth/pokejev-components/battle/stage-b/replays-abyssal-mix-v1/pokejevaby53 - battle-gen9ouclock-1336.html
I	16356	8fe3726c9c1b19879bb29db6cecdc6c203e31f9a45766f4f9f0ca1a57cbbf730		work/loss-depth/pokejev-components/battle/stage-b/replays-abyssal-mix-v1/pokejevaby53 - battle-gen9ouclock-1345.html
I	79174	ec9bb9268117e2fa89c3af8df5e8928aface8248d139d37bc3db6a9319228491		work/loss-depth/pokejev-components/battle/stage-b/replays-abyssal-mix-v1/pokejevaby53 - battle-gen9ouclock-1353.html
I	14674	6153debe5b804486dc00624ccb63d6d97c4f385444657d32a9f728e1bcb6476c		work/loss-depth/pokejev-components/battle/stage-b/replays-abyssal-mix-v1/pokejevaby53 - battle-gen9ouclock-1420.html
I	15595	e45fbc1927b2defcbbb6750456085acfd364aa1bd5346b2119474699a010c0f5		work/loss-depth/pokejev-components/battle/stage-b/replays-abyssal-mix-v1/pokejevaby53 - battle-gen9ouclock-1426.html
I	21767	2991eb1b4cec7baf94ca1bb16eaf8b8191622f91068dd29b505093051ab34135		work/loss-depth/pokejev-components/battle/stage-b/replays-abyssal-mix-v1/pokejevaby53 - battle-gen9ouclock-1433.html
I	13266	4dbada56e213b6b5ef0412df3e454fca1640494aff4e683204d5c0187932e160		work/loss-depth/pokejev-components/battle/stage-b/replays-abyssal-mix-v1/pokejevaby53 - battle-gen9ouclock-1444.html
I	18107	6851e346334fe433e0deac1e81e1133341eb774aeba7bfe00863d06b60da44f1		work/loss-depth/pokejev-components/battle/stage-b/replays-abyssal-mix-v1/pokejevaby53 - battle-gen9ouclock-1450.html
I	15395	3b7f8b1576b01f43e845bfa0e6b8aa66bfb50cd4f36752556338bc656a385da8		work/loss-depth/pokejev-components/battle/stage-b/replays-abyssal-mix-v1/pokejevaby53 - battle-gen9ouclock-1461.html
I	14813	c32b1400402a085f4cd21ee5b7e7766d71755e816a84ac0dc84c07c540dcc29a		work/loss-depth/pokejev-components/battle/stage-b/replays-abyssal-mix-v1/pokejevaby53 - battle-gen9ouclock-1468.html
I	13608	c69718693c991901eab70fbb083c12f064768bf7ca321a0d55e8fe16060b1609		work/loss-depth/pokejev-components/battle/stage-b/replays-abyssal-mix-v1/pokejevaby53 - battle-gen9ouclock-1472.html
I	19051	0e98b0e15d34e8829631241b0f042745b43e28774469399ef2c60df74bcf9183		work/loss-depth/pokejev-components/battle/stage-b/replays-abyssal-mix-v1/pokejevaby53 - battle-gen9ouclock-1478.html
I	13468	abfe47a264ee6c13960fd223c1f132e855b429ac83467c6dcfbe67a2fe110f88		work/loss-depth/pokejev-components/battle/stage-b/replays-abyssal-mix-v1/pokejevaby53 - battle-gen9ouclock-1487.html
I	14392	e2ea07adfd32d8c41aca45ac9ac54399eab535c38b096547cf630b47675ab7ee		work/loss-depth/pokejev-components/battle/stage-b/replays-abyssal-mix-v1/pokejevaby53 - battle-gen9ouclock-1494.html
I	16014	19cfd0e0a2746ec1c316eca8143c5dc273f90caa15404a2c8847e1fb09fa5dfb		work/loss-depth/pokejev-components/battle/stage-b/replays-abyssal-mix-v1/pokejevaby53 - battle-gen9ouclock-1501.html
I	15394	90768900ae65399944c1156ab9c1f5ab7c1fcbd2c26e55e87143f796d46b9409		work/loss-depth/pokejev-components/battle/stage-b/replays-abyssal-mix-v1/pokejevaby53 - battle-gen9ouclock-1508.html
I	14440	c9dbb65dfd37e4efd5e42bc8612ff9e9c2c9e5ac0c7a414898fb4e87cf586cd6		work/loss-depth/pokejev-components/battle/stage-b/replays-abyssal-mix-v1/pokejevaby53 - battle-gen9ouclock-1515.html
I	15135	784fde07b1fe4b2bcf6acd7d26032c1aae1d6ef98ea2b30cf52309573b4c4774		work/loss-depth/pokejev-components/battle/stage-b/replays-abyssal-mix-v1/pokejevaby53 - battle-gen9ouclock-1519.html
I	15157	922c2f0808ea2507cca577053d30db084eeb7ce8826c397ddc14cac672a525d0		work/loss-depth/pokejev-components/battle/stage-b/replays-abyssal-mix-v1/pokejevaby53 - battle-gen9ouclock-1525.html
I	16170	21b277e2e9ce5748c3d468560c31b2831101ec839af350b417579016f30d3dd9		work/loss-depth/pokejev-components/battle/stage-b/replays-abyssal-mix-v1/pokejevaby53 - battle-gen9ouclock-1529.html
I	13713	6ec9b83a9f0ff34ca0a62ac025a3544d41950f8db65b8b22bddee2465d1274af		work/loss-depth/pokejev-components/battle/stage-b/replays-abyssal-mix-v1/pokejevaby53 - battle-gen9ouclock-1530.html
I	16412	b7cac63bd3acecc5c00fc77dd75a8246ffcf00ffbde160d1d54edfb57a9ee782		work/loss-depth/pokejev-components/battle/stage-b/replays-abyssal-mix-v1/pokejevaby53 - battle-gen9ouclock-1531.html
I	16237	1b0d05ec6011ba81ca09947c6fd004abfb7e7a4dd8fd4e033e4e2d42316c0e7a		work/loss-depth/pokejev-components/battle/stage-b/replays-abyssal-mix-v1/pokejevaby53 - battle-gen9ouclock-1532.html
I	14827	09c86a2ac2c0e0949979d1874a31eddd72ed3884bc11cc019641fb45996a3d9a		work/loss-depth/pokejev-components/battle/stage-b/replays-abyssal-mix-v1/pokejevaby53 - battle-gen9ouclock-1533.html
I	19134	434d85b37583b9447a883a9fb46ead72d49cb453dc3ed0b7af5495eefe0abb41		work/loss-depth/pokejev-components/battle/stage-b/replays-abyssal-mix-v1/pokejevaby53 - battle-gen9ouclock-1534.html
I	44173	8fef94f7ed159f0f66b3ac8d8423f78f80dfe22ee08d3c4402771a23a4c050a3		work/loss-depth/pokejev-components/battle/stage-b/replays-abyssal-mix-v1/pokejevaby54 - battle-gen9ouclock-1341.html
I	15162	7eaf74cafe9e1ed9ef17c54b3b32e1ecee3fe8f64ba473ba456d2f36c8e18db5		work/loss-depth/pokejev-components/battle/stage-b/replays-abyssal-mix-v1/pokejevaby54 - battle-gen9ouclock-1369.html
I	17458	f0116823becae9dc4b2dc0af3794112724b2f688e95d83ffba02cc9df8db3dc0		work/loss-depth/pokejev-components/battle/stage-b/replays-abyssal-mix-v1/pokejevaby54 - battle-gen9ouclock-1377.html
I	20171	ffeae5a3be5b6b742894afc9564586f2109a1d100959bab23a93d5bf6ec2a9be		work/loss-depth/pokejev-components/battle/stage-b/replays-abyssal-mix-v1/pokejevaby54 - battle-gen9ouclock-1384.html
I	16762	79966ed2b19acb2e509aed4292ea4c26a3f16d59e94fa449dbdc8e83f398d088		work/loss-depth/pokejev-components/battle/stage-b/replays-abyssal-mix-v1/pokejevaby54 - battle-gen9ouclock-1394.html
I	14079	7b12346b15fa74a865511ad6ec613964ace980bb7bf013cd91243c443c9409fe		work/loss-depth/pokejev-components/battle/stage-b/replays-abyssal-mix-v1/pokejevaby54 - battle-gen9ouclock-1402.html
I	20255	5bdd4361eb2e32e4b4b8bbd40c3348b2ce9c3b468ee8d98c5c113002e9aff047		work/loss-depth/pokejev-components/battle/stage-b/replays-abyssal-mix-v1/pokejevaby54 - battle-gen9ouclock-1407.html
I	15528	6fbc3c8d38f852c4612ff484ba3324325ff11bb2d57b082b60f784ef38a1b808		work/loss-depth/pokejev-components/battle/stage-b/replays-abyssal-mix-v1/pokejevaby54 - battle-gen9ouclock-1413.html
I	17789	c71b4962800ba5eb958f06cd3fe0c485cd912be9a9426516517fe592d0fed39d		work/loss-depth/pokejev-components/battle/stage-b/replays-abyssal-mix-v1/pokejevaby54 - battle-gen9ouclock-1418.html
I	15558	d76ec1838c5c833966e0de8f6c7e493e72c9ac19d00e0b5f17cb9e96d7a41067		work/loss-depth/pokejev-components/battle/stage-b/replays-abyssal-mix-v1/pokejevaby54 - battle-gen9ouclock-1427.html
I	14441	81565d14389a844fd419ad6bf513007723d5236779230ba854b1f71026e8c76d		work/loss-depth/pokejev-components/battle/stage-b/replays-abyssal-mix-v1/pokejevaby54 - battle-gen9ouclock-1431.html
I	18297	62d383876bbcd217ddbce51e71940582fde63487ff1507961c6427ecf44a9496		work/loss-depth/pokejev-components/battle/stage-b/replays-abyssal-mix-v1/pokejevaby54 - battle-gen9ouclock-1437.html
I	14969	b2db8860441f9dbc04885eabe3b72c0bdba38524591c6d444cc4444688124055		work/loss-depth/pokejev-components/battle/stage-b/replays-abyssal-mix-v1/pokejevaby54 - battle-gen9ouclock-1445.html
I	14116	3fb2d175d15a41d3eba4d57b05b05d9ff28649bd29af28a087b913a131a0311d		work/loss-depth/pokejev-components/battle/stage-b/replays-abyssal-mix-v1/pokejevaby54 - battle-gen9ouclock-1453.html
I	15559	a6ce5bfb75441bb801fcb33119fda3210d3b6a93444895d1976679987f83d96e		work/loss-depth/pokejev-components/battle/stage-b/replays-abyssal-mix-v1/pokejevaby54 - battle-gen9ouclock-1458.html
I	16450	20acef1db805e96fa2fe1fd37a47b23dca09665c22a7c2ba5669e705ea007f5b		work/loss-depth/pokejev-components/battle/stage-b/replays-abyssal-mix-v1/pokejevaby54 - battle-gen9ouclock-1466.html
I	19757	1ae2573e216a9638df6bc1deb7aa4c7eb775e34dccf39321bde6c5d2a38bfad0		work/loss-depth/pokejev-components/battle/stage-b/replays-abyssal-mix-v1/pokejevaby54 - battle-gen9ouclock-1474.html
I	14517	47f7f7001b78ed18197a8d3420e896a4b2dc10f40c1c990dead04068b6e24170		work/loss-depth/pokejev-components/battle/stage-b/replays-abyssal-mix-v1/pokejevaby54 - battle-gen9ouclock-1485.html
I	13955	f4c1230834485850893901c7c4f7f2dc8c8a80d7f7330902158ddba888300972		work/loss-depth/pokejev-components/battle/stage-b/replays-abyssal-mix-v1/pokejevaby54 - battle-gen9ouclock-1492.html
I	17976	d39af69e7bbe114dd5a5a3c1929ecac4d8ef7cf7c857e6769f5b88d07def6b9f		work/loss-depth/pokejev-components/battle/stage-b/replays-abyssal-mix-v1/pokejevaby54 - battle-gen9ouclock-1498.html
I	15524	9e594e05f0710f8c31f75038b50bda7d0f72fa3029afd7b7ce35849800fb8ec4		work/loss-depth/pokejev-components/battle/stage-b/replays-abyssal-mix-v1/pokejevaby54 - battle-gen9ouclock-1506.html
I	16375	60d9683c0fb8c69aa4fabd50e14ce299431d447bc10b375a5dd350c76aa9f9a2		work/loss-depth/pokejev-components/battle/stage-b/replays-abyssal-mix-v1/pokejevaby54 - battle-gen9ouclock-1513.html
I	16458	6384ef2336f8bf1bda45e86196d5ecc6453aec13ec5a13e3e36bc540dc562669		work/loss-depth/pokejev-components/battle/stage-b/replays-abyssal-mix-v1/pokejevaby54 - battle-gen9ouclock-1521.html
I	14415	b34e9c75de369a926419d5882f17158dcad2c954fb7b84b571d6f3d169bc0576		work/loss-depth/pokejev-components/battle/stage-b/replays-abyssal-mix-v1/pokejevaby54 - battle-gen9ouclock-1526.html
I	17265	63c98048a51909550a37ff03fba070c3492d62aadd3ac7fead2a954f226f7b1a		work/loss-depth/pokejev-components/battle/stage-b/replays-abyssal-mix-v1/pokejevaby54 - battle-gen9ouclock-1528.html
I	19964	185072e24ef717df51a8eeabde7e36c3f5d353b24f2d785261115eebbef7bb78		work/loss-depth/pokejev-components/battle/stage-b/replays-abyssal-mix-v1/pokejevaby55 - battle-gen9ouclock-1337.html
I	20633	ee6d8010efb7e3693236cf90fa3c5a6cfbf0666d37e537a7633736ef6c427b72		work/loss-depth/pokejev-components/battle/stage-b/replays-abyssal-mix-v1/pokejevaby55 - battle-gen9ouclock-1346.html
I	16183	481e9cd159882c18c52cf248615041dd39a3d219ac38ec31c04c8ba355505f8b		work/loss-depth/pokejev-components/battle/stage-b/replays-abyssal-mix-v1/pokejevaby55 - battle-gen9ouclock-1356.html
I	19652	2c4029d9ade4e2399cd130e5715fe17c41b3ca53c5e632b4ffb3a11ba1f4924f		work/loss-depth/pokejev-components/battle/stage-b/replays-abyssal-mix-v1/pokejevaby55 - battle-gen9ouclock-1361.html
I	16315	ee48c6b9cdd18c067a319516914dc116a7f1a3b109b45b67f42a3dfd55a99e9c		work/loss-depth/pokejev-components/battle/stage-b/replays-abyssal-mix-v1/pokejevaby55 - battle-gen9ouclock-1367.html
I	14931	4630b5791548ae7f640dd743c55262641cb36976cdf477dfa0c73d8da9d51adb		work/loss-depth/pokejev-components/battle/stage-b/replays-abyssal-mix-v1/pokejevaby55 - battle-gen9ouclock-1374.html
I	25017	8cfd9813558a4de743cbe06dbb10736b69c3662c0c7f32a6aace1c94cda7c4b2		work/loss-depth/pokejev-components/battle/stage-b/replays-abyssal-mix-v1/pokejevaby55 - battle-gen9ouclock-1380.html
I	18923	0504f142430c9075230c71ab4da4035a8d5870b81e9f6f2cbe805b2cf8fa2d95		work/loss-depth/pokejev-components/battle/stage-b/replays-abyssal-mix-v1/pokejevaby55 - battle-gen9ouclock-1395.html
I	18679	a93527013c187623dabb789b938e8fb492d9bbf6f2ee5523c0318f79d76a7000		work/loss-depth/pokejev-components/battle/stage-b/replays-abyssal-mix-v1/pokejevaby55 - battle-gen9ouclock-1405.html
I	18446	7a6a231afaaed0af89da5593cf99486d9d082dadca0b1f56f97912eb245b65e4		work/loss-depth/pokejev-components/battle/stage-b/replays-abyssal-mix-v1/pokejevaby55 - battle-gen9ouclock-1411.html
I	17259	9a831552a1b4b1d99159335e082762144bb2f2f2864e2a85fa740f81b770ac07		work/loss-depth/pokejev-components/battle/stage-b/replays-abyssal-mix-v1/pokejevaby55 - battle-gen9ouclock-1417.html
I	16036	3987f57d135725be1159c2c7074ca491e99205ddfb1276aa34c6a23b9d33aad6		work/loss-depth/pokejev-components/battle/stage-b/replays-abyssal-mix-v1/pokejevaby55 - battle-gen9ouclock-1424.html
I	15594	108d252ee1e4ec78cf42e216a0b1f37cf9c1384d04ba578b57ee390304afbbc3		work/loss-depth/pokejev-components/battle/stage-b/replays-abyssal-mix-v1/pokejevaby55 - battle-gen9ouclock-1430.html
I	17544	919b78b144d2526e967bead4e6347444735b867f917b3ebe4d48e5704994ed75		work/loss-depth/pokejev-components/battle/stage-b/replays-abyssal-mix-v1/pokejevaby55 - battle-gen9ouclock-1438.html
I	26500	6181f778cad0891a6512b83a962903d9922317fe094c7d1a7f7f9b37e24d26d4		work/loss-depth/pokejev-components/battle/stage-b/replays-abyssal-mix-v1/pokejevaby55 - battle-gen9ouclock-1447.html
I	13034	272c64b8ff6126882ed6aca24be371aa52f76510efd3bcb29a2ce2e949698634		work/loss-depth/pokejev-components/battle/stage-b/replays-abyssal-mix-v1/pokejevaby55 - battle-gen9ouclock-1464.html
I	15348	0205cb28421026cdc2e77597dfc3aa55e6a4222387435506cbf1b03c95da9ff6		work/loss-depth/pokejev-components/battle/stage-b/replays-abyssal-mix-v1/pokejevaby55 - battle-gen9ouclock-1470.html
I	16820	9977bf4c2878273fb9d91939e729cde84b1fbce7059b51d6792d8fa05f32cf63		work/loss-depth/pokejev-components/battle/stage-b/replays-abyssal-mix-v1/pokejevaby55 - battle-gen9ouclock-1475.html
I	14875	58de986d03277ac88d57b2aa13cc66f6186db32a166a19a664d48aabc8f5dc48		work/loss-depth/pokejev-components/battle/stage-b/replays-abyssal-mix-v1/pokejevaby55 - battle-gen9ouclock-1483.html
I	18054	e3906e1f53f811d531225036e9b805b633d2ea32f6ae3c35eaac20301e2c55c5		work/loss-depth/pokejev-components/battle/stage-b/replays-abyssal-mix-v1/pokejevaby55 - battle-gen9ouclock-1489.html
I	15530	422adb2e48aa5a95875f24f807df2c3cc093c56f9d3ec34a65e162be3ffd1b9b		work/loss-depth/pokejev-components/battle/stage-b/replays-abyssal-mix-v1/pokejevaby55 - battle-gen9ouclock-1499.html
I	16237	62d13b63b7a18a0e06fee76e0822c47406e3c62f67e8fe578ac67babbd719610		work/loss-depth/pokejev-components/battle/stage-b/replays-abyssal-mix-v1/pokejevaby55 - battle-gen9ouclock-1505.html
I	18851	c70eb11b161a63c4380b38e8a786b2330c0ea467586bae70247669db7cc2d92c		work/loss-depth/pokejev-components/battle/stage-b/replays-abyssal-mix-v1/pokejevaby55 - battle-gen9ouclock-1512.html
I	18494	43464af6ff0a0300c438b87a89de0a9451a2eb7967ec83c8bcdb6fcdb2dc6813		work/loss-depth/pokejev-components/battle/stage-b/replays-abyssal-mix-v1/pokejevaby55 - battle-gen9ouclock-1520.html
I	16309	7c882ba057398134c10399deb061323b76fca7385a636a5c4fbf27c913080c09		work/loss-depth/pokejev-components/battle/stage-b/replays-abyssal-mix-v1/pokejevaby55 - battle-gen9ouclock-1527.html
I	16890	02e9e62b5a0821bd77e5cdfde8a3eff0a8a10556fa93aa602960428165dd1750		work/loss-depth/pokejev-components/battle/stage-b/replays-abyssal-mix-v1/pokejevaby56 - battle-gen9ouclock-1335.html
I	12162	b14911711e55751b807e03cc010ed48a2ccb95be240e012cd9e883de6a67d370		work/loss-depth/pokejev-components/battle/stage-b/replays-abyssal-mix-v1/pokejevaby56 - battle-gen9ouclock-1344.html
I	37576	27d4c2f3cccd5f440ef43a9855bebedf9a8719de2736e72a24b1db834e28d360		work/loss-depth/pokejev-components/battle/stage-b/replays-abyssal-mix-v1/pokejevaby56 - battle-gen9ouclock-1351.html
I	12972	c72218bfafb9a539f22a6900770c5ba1f2bdb71ad73ee5d398bd7cbadaffafb6		work/loss-depth/pokejev-components/battle/stage-b/replays-abyssal-mix-v1/pokejevaby56 - battle-gen9ouclock-1371.html
I	15977	863e69d925539ab4be8c97abde1dad7835f1e6d3ea9c919bc91a0c2e5260a6fb		work/loss-depth/pokejev-components/battle/stage-b/replays-abyssal-mix-v1/pokejevaby56 - battle-gen9ouclock-1375.html
I	15468	0271b37924b08a452cfd746fd535482f787cdcfdecfe914e068b3afca84d76d8		work/loss-depth/pokejev-components/battle/stage-b/replays-abyssal-mix-v1/pokejevaby56 - battle-gen9ouclock-1382.html
I	18191	6adef3e7f057e889ac30af43e232ebcc998669134ccd4ae24e54e39e85cc7422		work/loss-depth/pokejev-components/battle/stage-b/replays-abyssal-mix-v1/pokejevaby56 - battle-gen9ouclock-1388.html
I	13718	256fddecd5dd31bff599e1194aa3b06429974f0b929d452603f24b614a835edd		work/loss-depth/pokejev-components/battle/stage-b/replays-abyssal-mix-v1/pokejevaby56 - battle-gen9ouclock-1397.html
I	16447	ff76c800313b0817a261839d72a1b026031040ac4e8791fb8229c85bc0664233		work/loss-depth/pokejev-components/battle/stage-b/replays-abyssal-mix-v1/pokejevaby56 - battle-gen9ouclock-1403.html
I	17486	7419f52cf87f9bd41801d6e8806312fd1d10acd66e6914d7cde49eabb491bc9e		work/loss-depth/pokejev-components/battle/stage-b/replays-abyssal-mix-v1/pokejevaby56 - battle-gen9ouclock-1410.html
I	21441	651addf57afa475fddb8316083eea9ed2d724df0331980a0b47814bb40a9a11f		work/loss-depth/pokejev-components/battle/stage-b/replays-abyssal-mix-v1/pokejevaby56 - battle-gen9ouclock-1415.html
I	20389	0f0ce5aeb4a78388c80ee6886da98fcc59704eef32f429b3abba98de24f3fbd7		work/loss-depth/pokejev-components/battle/stage-b/replays-abyssal-mix-v1/pokejevaby56 - battle-gen9ouclock-1422.html
I	14573	c6854485503c581048275b5be6367484ee46c342697ebb183e528414b3071404		work/loss-depth/pokejev-components/battle/stage-b/replays-abyssal-mix-v1/pokejevaby56 - battle-gen9ouclock-1432.html
I	16753	c6fb6367ca37ff6e22b157567a5cfc2b9587fb4807ffa5706b8b28ac360725e4		work/loss-depth/pokejev-components/battle/stage-b/replays-abyssal-mix-v1/pokejevaby56 - battle-gen9ouclock-1440.html
I	15803	bbb6c461629f7239c478ead51ebaf5141169560a6c21ca9f46aba11d19e265de		work/loss-depth/pokejev-components/battle/stage-b/replays-abyssal-mix-v1/pokejevaby56 - battle-gen9ouclock-1446.html
I	14351	276beec4f9101b88b37565186cc080ce0e9fd0d34df6324758ce2a7213f68bb6		work/loss-depth/pokejev-components/battle/stage-b/replays-abyssal-mix-v1/pokejevaby56 - battle-gen9ouclock-1452.html
I	15704	00ffabed882477b11d2a90434c92f5ad067d69439e4edc186226256801ec2f10		work/loss-depth/pokejev-components/battle/stage-b/replays-abyssal-mix-v1/pokejevaby56 - battle-gen9ouclock-1457.html
I	15148	1ec5d34d337f1e6e6e3c78d38debb2b3d9ac1259104e973aa7758811af017283		work/loss-depth/pokejev-components/battle/stage-b/replays-abyssal-mix-v1/pokejevaby56 - battle-gen9ouclock-1465.html
I	18655	44c8c8241e68a90e038cc925cda60d89abea8099a4c403a638118c7ee39e91fa		work/loss-depth/pokejev-components/battle/stage-b/replays-abyssal-mix-v1/pokejevaby56 - battle-gen9ouclock-1471.html
I	18435	56111478f7e51f8a929154d77e207e0780c04a3c8a204b6151e82c3983a918a9		work/loss-depth/pokejev-components/battle/stage-b/replays-abyssal-mix-v1/pokejevaby56 - battle-gen9ouclock-1481.html
I	16575	bc6156b6c15e022022b3434549b995cca0ff5a790b889fc0f302bc618b8161e4		work/loss-depth/pokejev-components/battle/stage-b/replays-abyssal-mix-v1/pokejevaby56 - battle-gen9ouclock-1491.html
I	21560	e019e0fcba6050e861f29f37091c09d50544aca58dee7d44b12e7413f5df84de		work/loss-depth/pokejev-components/battle/stage-b/replays-abyssal-mix-v1/pokejevaby56 - battle-gen9ouclock-1497.html
I	14749	87ba0a1694426d2a879ca6f2bad4c3ba8ce21375bcdebde476254d3231e75668		work/loss-depth/pokejev-components/battle/stage-b/replays-abyssal-mix-v1/pokejevaby56 - battle-gen9ouclock-1509.html
I	17552	23bec7b55b982ca98ee898ef365a405c1141d4e2d123d5dca1d0b2a98071363c		work/loss-depth/pokejev-components/battle/stage-b/replays-abyssal-mix-v1/pokejevaby56 - battle-gen9ouclock-1517.html
I	16691	de6bd607cce986fccce5a43cd982197cdd93dd43cb7726d0ba7e4806afdfb8e5		work/loss-depth/pokejev-components/battle/stage-b/replays-abyssal-mix-v1/pokejevaby56 - battle-gen9ouclock-1523.html
I	19806	e41a16ec17eea86e6208fb79b2f3675bf900ea8ae24225bec8323a16a1dae3a2		work/loss-depth/pokejev-components/battle/stage-b/replays-abyssal-mix-v1/pokejevaby57 - battle-gen9ouclock-1342.html
I	18390	56262a2090b67eed561eea0bb3394c069b4da94a7960c3609752b2b8d25a0449		work/loss-depth/pokejev-components/battle/stage-b/replays-abyssal-mix-v1/pokejevaby57 - battle-gen9ouclock-1348.html
I	18129	dcd78b4586dc5a637a9ecde854348eacb7719786d258b7a2ff70d33857bdfd8d		work/loss-depth/pokejev-components/battle/stage-b/replays-abyssal-mix-v1/pokejevaby57 - battle-gen9ouclock-1357.html
I	15015	d51279fca8bfd45d44e5e1e5f4d3042b60fa4f7bdfbe6d523c70a153140c3a4b		work/loss-depth/pokejev-components/battle/stage-b/replays-abyssal-mix-v1/pokejevaby57 - battle-gen9ouclock-1362.html
I	17674	0f932defce159e2f61f2f4343a0c611e51c2fe56bd8cb1531d504a47eb8ef061		work/loss-depth/pokejev-components/battle/stage-b/replays-abyssal-mix-v1/pokejevaby57 - battle-gen9ouclock-1366.html
I	17012	008eb145ea40414809284470f6af39e72dfe5f2c79d0a824ca185559c128102f		work/loss-depth/pokejev-components/battle/stage-b/replays-abyssal-mix-v1/pokejevaby57 - battle-gen9ouclock-1373.html
I	15958	452a0384f3e57d0b44bbcc1b9963f87a8f2216acb5a6f307dd150f193c65e179		work/loss-depth/pokejev-components/battle/stage-b/replays-abyssal-mix-v1/pokejevaby57 - battle-gen9ouclock-1383.html
I	14170	61072783f4e213a2be45d891956df4cda44e1c73b4471a9a2174cb3c2ec975f2		work/loss-depth/pokejev-components/battle/stage-b/replays-abyssal-mix-v1/pokejevaby57 - battle-gen9ouclock-1389.html
I	13177	3797afa860727414e33f9aade41c859f81ab5d4150e7c57a3a0891c6683d5442		work/loss-depth/pokejev-components/battle/stage-b/replays-abyssal-mix-v1/pokejevaby57 - battle-gen9ouclock-1393.html
I	17347	ed6132896a32ddd2a1d26de31b1bfed99836a92959c5127f522a170c9015e60d		work/loss-depth/pokejev-components/battle/stage-b/replays-abyssal-mix-v1/pokejevaby57 - battle-gen9ouclock-1399.html
I	17773	8528634f69ba4caf03354d97124ca72ccd7607c42ffdaf3be3b371bd09e16bd4		work/loss-depth/pokejev-components/battle/stage-b/replays-abyssal-mix-v1/pokejevaby57 - battle-gen9ouclock-1406.html
I	35749	78428f131c4706f34871e3614dda54f16992fcd73b6d933bef251f4b0ff0c340		work/loss-depth/pokejev-components/battle/stage-b/replays-abyssal-mix-v1/pokejevaby57 - battle-gen9ouclock-1412.html
I	15865	a4d04f4c604c43c1fc8d00bae7012a3b65ab622c009e7dd9a19995de568153e2		work/loss-depth/pokejev-components/battle/stage-b/replays-abyssal-mix-v1/pokejevaby57 - battle-gen9ouclock-1434.html
I	17601	7902e9c677379d66d855e0cf7959d63f41bc625b9418aadb9156f8c7facecf0b		work/loss-depth/pokejev-components/battle/stage-b/replays-abyssal-mix-v1/pokejevaby57 - battle-gen9ouclock-1442.html
I	15403	5a59f2ed393cb6d75b3e93c174ddb5910016bb105abc4ef683c6bb1d42b392ae		work/loss-depth/pokejev-components/battle/stage-b/replays-abyssal-mix-v1/pokejevaby57 - battle-gen9ouclock-1449.html
I	17287	7f6f102a4c2716389ec43c301497f82cce91cddb9d18238cf957124ea8a949bd		work/loss-depth/pokejev-components/battle/stage-b/replays-abyssal-mix-v1/pokejevaby57 - battle-gen9ouclock-1455.html
I	22060	38e9402d450cb50377432a9d965fb51ef875f5f3453ff6c133ec01a4f077d224		work/loss-depth/pokejev-components/battle/stage-b/replays-abyssal-mix-v1/pokejevaby57 - battle-gen9ouclock-1463.html
I	17191	2bc40f5f376f36647349574b30b976d3746aeb9cb56e2450c5e18f0960981641		work/loss-depth/pokejev-components/battle/stage-b/replays-abyssal-mix-v1/pokejevaby57 - battle-gen9ouclock-1476.html
I	15905	6393baded1e1985fc566ab9901c42f0adf8c37539d9c630d9196ce4912cace7e		work/loss-depth/pokejev-components/battle/stage-b/replays-abyssal-mix-v1/pokejevaby57 - battle-gen9ouclock-1484.html
I	15824	c0ad7cc12b32b879f6c33f66b48a47e3aad2ebd5fe2f7fafa403351aa54ef84c		work/loss-depth/pokejev-components/battle/stage-b/replays-abyssal-mix-v1/pokejevaby57 - battle-gen9ouclock-1490.html
I	15055	2224277c212428b700789c0257f00a5cc4af9e447dbbe763cee1ae774f303859		work/loss-depth/pokejev-components/battle/stage-b/replays-abyssal-mix-v1/pokejevaby57 - battle-gen9ouclock-1496.html
I	14228	9c6eb02bb325e9bdf79e798782adb7c18f6a1281a39ff8a57e032d0e5cd0343e		work/loss-depth/pokejev-components/battle/stage-b/replays-abyssal-mix-v1/pokejevaby57 - battle-gen9ouclock-1504.html
I	13913	833e8f07350fba6639072a1adc328f2b759ac99383832f615d515a841f7efa3a		work/loss-depth/pokejev-components/battle/stage-b/replays-abyssal-mix-v1/pokejevaby57 - battle-gen9ouclock-1510.html
I	21536	40ed9554c1ba28a5fd572fb3b590ac1a128776e0b6db27778fbdd6b1a02faa9f		work/loss-depth/pokejev-components/battle/stage-b/replays-abyssal-mix-v1/pokejevaby57 - battle-gen9ouclock-1516.html
I	12485	0b7a381d2f8541400921bb14bbf9d8bdd0072402f074701c4ced0900f4997d31		work/loss-depth/pokejev-components/battle/stage-b/replays-abyssal-mix-v1/pokejevaby57 - battle-gen9ouclock-1524.html
I	2120800	50241720f683e8c777bcdfe42a42f0cccaac75f4e429351f81da2fc56d51d065		work/loss-depth/pokejev-components/decisions-abyssal-leaf-code-leaf-c-r2-code.jsonl
I	1605557	5ebf5c9aac5d90639526007c01ad5547452331ca58c7306e165c49893562c0e9		work/loss-depth/pokejev-components/decisions-abyssal-leaf-code-v1.jsonl
I	16300	6ca0748a0aefade10ff77ccafc0f208c3020b981087286b6d67ea94ba3e04776		work/loss-depth/pokejev-components/replays-abyssal-leaf-code-leaf-c-r2-code/pokejevaby50 - battle-gen9ouclock-1597.html
I	17319	a602dcb1176a0586991d4a07cf009b371e0e53093133d0824186e00ba7cf7bcf		work/loss-depth/pokejev-components/replays-abyssal-leaf-code-leaf-c-r2-code/pokejevaby50 - battle-gen9ouclock-1604.html
I	16853	c380c58aadda174242319f7d8871100160f1c78bc8b762483cbaf4349ad0fdbb		work/loss-depth/pokejev-components/replays-abyssal-leaf-code-leaf-c-r2-code/pokejevaby50 - battle-gen9ouclock-1610.html
I	19838	530f82d34fef41686057ac05652cd4cb867a9f675fd0a699d0cb698c65958bfb		work/loss-depth/pokejev-components/replays-abyssal-leaf-code-leaf-c-r2-code/pokejevaby50 - battle-gen9ouclock-1618.html
I	17589	62b87ba5bcc399688a5a678dcdc567dfcd0fc452caf4c3d11b1996d9c207faa2		work/loss-depth/pokejev-components/replays-abyssal-leaf-code-leaf-c-r2-code/pokejevaby51 - battle-gen9ouclock-1594.html
I	14941	1b488e2a71c037370b8c64f6fce1816054b2cdf9664cc1cdbe841f615112297a		work/loss-depth/pokejev-components/replays-abyssal-leaf-code-leaf-c-r2-code/pokejevaby51 - battle-gen9ouclock-1602.html
I	18373	3932f9d4a00f914407851b2256c606fc4a2f55c90d1c5c8f923cd22fc71aba5a		work/loss-depth/pokejev-components/replays-abyssal-leaf-code-leaf-c-r2-code/pokejevaby51 - battle-gen9ouclock-1608.html
I	15018	c4d2e787822ed988809cfb2560e3d1693379330e9f7bc22f955031ee1b44b2b5		work/loss-depth/pokejev-components/replays-abyssal-leaf-code-leaf-c-r2-code/pokejevaby51 - battle-gen9ouclock-1620.html
I	15622	c0b9599b9494dbad98ecb3ef51f7c3c40be0c7448f29031ceef330342217cd6d		work/loss-depth/pokejev-components/replays-abyssal-leaf-code-leaf-c-r2-code/pokejevaby51 - battle-gen9ouclock-1624.html
I	13275	7ec350fdc6b061cb9f7fc6747eff1ea0486d704676fe4d5cb8df5487cdcb9be3		work/loss-depth/pokejev-components/replays-abyssal-leaf-code-leaf-c-r2-code/pokejevaby51 - battle-gen9ouclock-1630.html
I	16614	ee7c413b8ceb88b564c10b58744557771f38e13eed25c4919bc8d7308eb61c4f		work/loss-depth/pokejev-components/replays-abyssal-leaf-code-leaf-c-r2-code/pokejevaby51 - battle-gen9ouclock-1634.html
I	15060	9ff41ad3576a19c4044bfad276de93ea6b868adc9eec75e702bba6a3eb5b7c58		work/loss-depth/pokejev-components/replays-abyssal-leaf-code-leaf-c-r2-code/pokejevaby52 - battle-gen9ouclock-1595.html
I	20879	4a73d4670e2df2dc005d8fd0d6e4c136418355c36002d3c3b1ed49c76487ab12		work/loss-depth/pokejev-components/replays-abyssal-leaf-code-leaf-c-r2-code/pokejevaby52 - battle-gen9ouclock-1601.html
I	16172	b32b92b0b52cd7fb62cce24e7a50a7f7a76495bb6c1051af6b9fcdf545197893		work/loss-depth/pokejev-components/replays-abyssal-leaf-code-leaf-c-r2-code/pokejevaby52 - battle-gen9ouclock-1612.html
I	16590	8ba7f156fcfd9e6af51c183b9355e1abad3d7265b84ce2af78eb4f2799a221c9		work/loss-depth/pokejev-components/replays-abyssal-leaf-code-leaf-c-r2-code/pokejevaby52 - battle-gen9ouclock-1619.html
I	15828	873bdb1feec14526557156e32b734024c074409ac55da0781d28ca1c62294fdd		work/loss-depth/pokejev-components/replays-abyssal-leaf-code-leaf-c-r2-code/pokejevaby52 - battle-gen9ouclock-1626.html
I	16435	980ef60d59a9e29472e0117555b0a8626a2babd71ca1d5c2f4997832cb995063		work/loss-depth/pokejev-components/replays-abyssal-leaf-code-leaf-c-r2-code/pokejevaby52 - battle-gen9ouclock-1632.html
I	16508	d6e021f69b18eab6386349627bf6a2430927975400ba0e99e2ed9a6a5a7deb72		work/loss-depth/pokejev-components/replays-abyssal-leaf-code-leaf-c-r2-code/pokejevaby52 - battle-gen9ouclock-1638.html
I	16496	1758ca7ef647e538a8bed1298b8dcf03b89e5d92dfd66e9e13bc9356ab8f65eb		work/loss-depth/pokejev-components/replays-abyssal-leaf-code-leaf-c-r2-code/pokejevaby53 - battle-gen9ouclock-1596.html
I	16957	545f5d71702e19223b5121fb0374570d0c49778acf19fc670db1659bd6b4109c		work/loss-depth/pokejev-components/replays-abyssal-leaf-code-leaf-c-r2-code/pokejevaby53 - battle-gen9ouclock-1603.html
I	16302	a36c855ebb14fa5d2610e6a953db4c42d758b90f9a7773fa138baec72858ec4a		work/loss-depth/pokejev-components/replays-abyssal-leaf-code-leaf-c-r2-code/pokejevaby53 - battle-gen9ouclock-1609.html
I	16422	0ff7c4882345ad75fb460229dafc9c7ac9cd1bd0b548dff63fc9df031a2e5b1b		work/loss-depth/pokejev-components/replays-abyssal-leaf-code-leaf-c-r2-code/pokejevaby53 - battle-gen9ouclock-1615.html
I	15078	95af424e5b970ff4b58e49114aaa3c102e894e20bec3a26f80eeebafd91ca1cf		work/loss-depth/pokejev-components/replays-abyssal-leaf-code-leaf-c-r2-code/pokejevaby53 - battle-gen9ouclock-1623.html
I	15807	bc3f4c31deb4656fe1960e94e26ded27d9967470cfd548315cc1cf5b9790b4ac		work/loss-depth/pokejev-components/replays-abyssal-leaf-code-leaf-c-r2-code/pokejevaby53 - battle-gen9ouclock-1629.html
I	14928	3e51fc5c662ef660fa341f0e2de9e08cef532b3c2b0e000283b66dd1b469b196		work/loss-depth/pokejev-components/replays-abyssal-leaf-code-leaf-c-r2-code/pokejevaby53 - battle-gen9ouclock-1633.html
I	12664	d5da47679afc16f2b55f723955f4a8ec5c34db0cba0fa5b312178a71fb2b5c18		work/loss-depth/pokejev-components/replays-abyssal-leaf-code-leaf-c-r2-code/pokejevaby53 - battle-gen9ouclock-1639.html
I	18001	5e182dbe004e175ba67bce56fe49f31db19e19fc6b4f5681bd3fc2a850202cac		work/loss-depth/pokejev-components/replays-abyssal-leaf-code-leaf-c-r2-code/pokejevaby54 - battle-gen9ouclock-1599.html
I	17355	5036f63b66048ce177021195106515535484e9f3c1fdb9a492c7a9d7da53d5d3		work/loss-depth/pokejev-components/replays-abyssal-leaf-code-leaf-c-r2-code/pokejevaby54 - battle-gen9ouclock-1605.html
I	13335	d1d9a37a6b614812f8f612ba4e0d7966f1ce3a8376e0440471acfdc2000cb6aa		work/loss-depth/pokejev-components/replays-abyssal-leaf-code-leaf-c-r2-code/pokejevaby54 - battle-gen9ouclock-1611.html
I	14815	1589eca70a3d7406c2a736986ec2797287c548f129733aabb733892109bc8a00		work/loss-depth/pokejev-components/replays-abyssal-leaf-code-leaf-c-r2-code/pokejevaby54 - battle-gen9ouclock-1614.html
I	37043	d5239b76be19f3217b39900ad4be1684bb397e524c86efc3f7146e050a9b7702		work/loss-depth/pokejev-components/replays-abyssal-leaf-code-leaf-c-r2-code/pokejevaby54 - battle-gen9ouclock-1622.html
I	28333	dec1c70fd1f7d330f99b0ca1fe0396d3d838d458939b425775dc27a4d88b9eab		work/loss-depth/pokejev-components/replays-abyssal-leaf-code-leaf-c-r2-code/pokejevaby55 - battle-gen9ouclock-1593.html
I	21003	bd5cb66789b269b6b1d0798975197892e8c7c2ad5e837d97e3b1adcc66f69c09		work/loss-depth/pokejev-components/replays-abyssal-leaf-code-leaf-c-r2-code/pokejevaby55 - battle-gen9ouclock-1616.html
I	17111	24a3587124ed988848e876030c82b9ede197113e9cdf8c038b4d18855337a411		work/loss-depth/pokejev-components/replays-abyssal-leaf-code-leaf-c-r2-code/pokejevaby55 - battle-gen9ouclock-1625.html
I	16034	0781e5818c217b39eb39b0ea41ce480510e8511c1b9050835a49891df2a39f1b		work/loss-depth/pokejev-components/replays-abyssal-leaf-code-leaf-c-r2-code/pokejevaby55 - battle-gen9ouclock-1631.html
I	18335	74ef6e72dcd395dd68c507ebcb027f6c1ec5d223bbd20f7c3d2cf52c44ef465f		work/loss-depth/pokejev-components/replays-abyssal-leaf-code-leaf-c-r2-code/pokejevaby56 - battle-gen9ouclock-1598.html
I	17146	d1be7f67788c877a62ad9a5202fce1aa08b4b37527ca7ab9cd13a1beb3c1fd41		work/loss-depth/pokejev-components/replays-abyssal-leaf-code-leaf-c-r2-code/pokejevaby56 - battle-gen9ouclock-1607.html
I	16283	3fefdc23a7d7039ebd70b358edbf35c8a3648518fa691e7593d78c01d07e7c07		work/loss-depth/pokejev-components/replays-abyssal-leaf-code-leaf-c-r2-code/pokejevaby56 - battle-gen9ouclock-1613.html
I	17448	a80138960b13b3fb159f65479f1a43f516cea1c6beeb5ad950dd58b71f1ed792		work/loss-depth/pokejev-components/replays-abyssal-leaf-code-leaf-c-r2-code/pokejevaby56 - battle-gen9ouclock-1621.html
I	18532	278a60dd030cc97cc2ed4b05f165fec1aea277d172d2f14faebe39bd9923b723		work/loss-depth/pokejev-components/replays-abyssal-leaf-code-leaf-c-r2-code/pokejevaby56 - battle-gen9ouclock-1628.html
I	16464	9046b6604df892931e93088a5a494bb485b5defc2fbdba57482b72286c4ee962		work/loss-depth/pokejev-components/replays-abyssal-leaf-code-leaf-c-r2-code/pokejevaby56 - battle-gen9ouclock-1636.html
I	17872	bc1e19f77ccf6504d3b2a8dd1309e748a3dd7ab8bcf1fdfd186dc0bf4f81e8f5		work/loss-depth/pokejev-components/replays-abyssal-leaf-code-leaf-c-r2-code/pokejevaby57 - battle-gen9ouclock-1600.html
I	23512	6cce26344179fa5e856bcfae175937bfe823f6e16ea3ea3d651961ad80149506		work/loss-depth/pokejev-components/replays-abyssal-leaf-code-leaf-c-r2-code/pokejevaby57 - battle-gen9ouclock-1606.html
I	33840	1b85e9c2de1c51fd68de47f111307f384884bd6f2ff213f9be073b8a1bbdc62e		work/loss-depth/pokejev-components/replays-abyssal-leaf-code-leaf-c-r2-code/pokejevaby57 - battle-gen9ouclock-1617.html
I	19872	47378506229ac165f223ec310f7bfd53a411d602cea1eb1de517cabd93eb2946		work/loss-depth/pokejev-components/replays-abyssal-leaf-code-v1/pokejevaby50 - battle-gen9ouclock-1536.html
I	17188	7f5021e8a01d94df0cb2b7a55e3b4d084905d8ce24f6c8beaa90507ce781857f		work/loss-depth/pokejev-components/replays-abyssal-leaf-code-v1/pokejevaby50 - battle-gen9ouclock-1549.html
I	19691	8c1806e18218a1753b3bb1d811680d6ad8d76167aadd88381bceb472b45be2f3		work/loss-depth/pokejev-components/replays-abyssal-leaf-code-v1/pokejevaby50 - battle-gen9ouclock-1557.html
I	14776	aa2190fcd352b1254d226905c0f557f77bf8fde7000258e684d0e247931e80ce		work/loss-depth/pokejev-components/replays-abyssal-leaf-code-v1/pokejevaby50 - battle-gen9ouclock-1564.html
I	14790	329a66ae0deeb1517c728ab8550a6d664f2030288b68677930903c86d1e0ce83		work/loss-depth/pokejev-components/replays-abyssal-leaf-code-v1/pokejevaby50 - battle-gen9ouclock-1569.html
I	20835	632319810821f02194e695da6ec90310daef44f7cf8115816e34f296798234b2		work/loss-depth/pokejev-components/replays-abyssal-leaf-code-v1/pokejevaby50 - battle-gen9ouclock-1579.html
I	7045	26bba87b0559e851099161608234623c572e119b411f587df6dcf64daa5e1f7d		work/loss-depth/pokejev-components/replays-abyssal-leaf-code-v1/pokejevaby50 - battle-gen9ouclock-1582.html
I	12715	e2ccba452a50be590ddc41beaa99dec108835c302d8d8f88b1e793200662134e		work/loss-depth/pokejev-components/replays-abyssal-leaf-code-v1/pokejevaby51 - battle-gen9ouclock-1535.html
I	14401	c5630ce7aa38928c96c347e3d790f78487e7b73ff73250f0b6448805cca24271		work/loss-depth/pokejev-components/replays-abyssal-leaf-code-v1/pokejevaby51 - battle-gen9ouclock-1543.html
I	19594	11c462e9a5f31a29c8822ec106b99f555840a210074c016034737c6a8be1d30e		work/loss-depth/pokejev-components/replays-abyssal-leaf-code-v1/pokejevaby51 - battle-gen9ouclock-1550.html
I	16096	37666922e95542a78962eb18465d665a3e063627d3e95d3f395324b41117d136		work/loss-depth/pokejev-components/replays-abyssal-leaf-code-v1/pokejevaby51 - battle-gen9ouclock-1559.html
I	25356	406445fa10f359f8c7d985721178d9986411dd09f93171b4b02f864dad2a4209		work/loss-depth/pokejev-components/replays-abyssal-leaf-code-v1/pokejevaby51 - battle-gen9ouclock-1565.html
I	7041	32c8ea3362198afd2597e24fc9a150debdc51999c4fd726afdf2bb4961f5320a		work/loss-depth/pokejev-components/replays-abyssal-leaf-code-v1/pokejevaby51 - battle-gen9ouclock-1571.html
I	15099	171af8d09157f9313e4c2646532d3aa60265ee4e3eada32f3830f1aa07a7bf44		work/loss-depth/pokejev-components/replays-abyssal-leaf-code-v1/pokejevaby51 - battle-gen9ouclock-1583.html
I	15575	0eec5b7bb09ae1936522d298c7de7bcb8214673435cd22bbece6947b89ae9d6e		work/loss-depth/pokejev-components/replays-abyssal-leaf-code-v1/pokejevaby52 - battle-gen9ouclock-1542.html
I	16397	3e5db8f73488cf0ad9cb26d8d85cafd491adce8df743659c1ab4fc5f1c5ec846		work/loss-depth/pokejev-components/replays-abyssal-leaf-code-v1/pokejevaby52 - battle-gen9ouclock-1546.html
I	15700	15dfebdf73a413cde81d258946f7357910f15667ab9fb52770c123d1d1480c02		work/loss-depth/pokejev-components/replays-abyssal-leaf-code-v1/pokejevaby52 - battle-gen9ouclock-1553.html
I	17891	bad1e82f441b32924e41e6e8dd1f1bc4de914887aa729ee3b4d3a5eaab207d15		work/loss-depth/pokejev-components/replays-abyssal-leaf-code-v1/pokejevaby52 - battle-gen9ouclock-1558.html
I	14422	038e212ece08a2217bed4cad6c43245fb763974b267ee29bba027e7332a3bf06		work/loss-depth/pokejev-components/replays-abyssal-leaf-code-v1/pokejevaby52 - battle-gen9ouclock-1567.html
I	21360	5b96af1197b003fbc169888e4c88ade1a5000d643879c15431f896e152c903b6		work/loss-depth/pokejev-components/replays-abyssal-leaf-code-v1/pokejevaby52 - battle-gen9ouclock-1570.html
I	7048	c5d7cf0f2b872068ba41f22643e3b74406aeb9c64b6f94d2a6981dc828d971ec		work/loss-depth/pokejev-components/replays-abyssal-leaf-code-v1/pokejevaby52 - battle-gen9ouclock-1580.html
I	15861	450486ec56a2dca8173c115a786cc715e4b781f0867eb69293791190cc4ac102		work/loss-depth/pokejev-components/replays-abyssal-leaf-code-v1/pokejevaby53 - battle-gen9ouclock-1538.html
I	17553	0cb3b65bf712bb57c78ab49e17770aa2a5d766fc8add3d268bf716c559f7882c		work/loss-depth/pokejev-components/replays-abyssal-leaf-code-v1/pokejevaby53 - battle-gen9ouclock-1547.html
I	19675	9ccecbebbf0d39463b2fd95c7b82f0ec44f5f23677a4b6c53778365034425256		work/loss-depth/pokejev-components/replays-abyssal-leaf-code-v1/pokejevaby53 - battle-gen9ouclock-1554.html
I	15849	8e399782b3f5367c4313ae567ede8e2df2c0e781b644841bf8eb8b642898d1e9		work/loss-depth/pokejev-components/replays-abyssal-leaf-code-v1/pokejevaby53 - battle-gen9ouclock-1562.html
I	19022	076863b0ceaeba9ccd5f43c37c0f24d89479b4f0118d224a9f4835334abb7f80		work/loss-depth/pokejev-components/replays-abyssal-leaf-code-v1/pokejevaby53 - battle-gen9ouclock-1573.html
I	7042	01903fe54e7c1fb539f84fb1bc0b24cdacfeb39f224224ea2309f0d2ccadd414		work/loss-depth/pokejev-components/replays-abyssal-leaf-code-v1/pokejevaby53 - battle-gen9ouclock-1577.html
I	17444	a4dd161b1534130a4213662a4c22463c5cf55676faff669240c6f7c4df522dd7		work/loss-depth/pokejev-components/replays-abyssal-leaf-code-v1/pokejevaby53 - battle-gen9ouclock-1585.html
I	13152	7605695f43f68f9d8148aeacba4725e33bf665f06522664dfc552f8d0ec1aa2c		work/loss-depth/pokejev-components/replays-abyssal-leaf-code-v1/pokejevaby54 - battle-gen9ouclock-1539.html
I	15026	f45284f9f68537eb105bcce4da457bbb4a68264d0fdd8fee3c6636c33c875dbc		work/loss-depth/pokejev-components/replays-abyssal-leaf-code-v1/pokejevaby54 - battle-gen9ouclock-1544.html
I	14872	21a1fca9a4ba46769b143a01e975b619a2aeb2b8bf4d0f445a49ead63d2b85f8		work/loss-depth/pokejev-components/replays-abyssal-leaf-code-v1/pokejevaby54 - battle-gen9ouclock-1551.html
I	15697	e1b39338bb60639b8f2fd1eef779e8344c63e1ded030f4e798d00bb078062d5a		work/loss-depth/pokejev-components/replays-abyssal-leaf-code-v1/pokejevaby54 - battle-gen9ouclock-1556.html
I	41232	ff6ba86c1582f06ded3477ea151a7d1517112dafcc7853e6b8a2c6f039503107		work/loss-depth/pokejev-components/replays-abyssal-leaf-code-v1/pokejevaby54 - battle-gen9ouclock-1563.html
I	7019	dca8f14f90b6907321a554b1d393e7ead9026896aff92a17afc43afdb4161088		work/loss-depth/pokejev-components/replays-abyssal-leaf-code-v1/pokejevaby54 - battle-gen9ouclock-1572.html
I	17373	af367c2db80526f79df7bc22414ae62db76f7a11684275b432a89901d948412e		work/loss-depth/pokejev-components/replays-abyssal-leaf-code-v1/pokejevaby55 - battle-gen9ouclock-1540.html
I	15824	52ffb29dcab6dac877ab1fc094a0f9673a34376918c235c31ad7f10b217e9372		work/loss-depth/pokejev-components/replays-abyssal-leaf-code-v1/pokejevaby55 - battle-gen9ouclock-1548.html
I	15764	775a63bc27d93dc9f45ba32e2aba8c36e3f2bb30832c3f3e8b9c70f6c178a66f		work/loss-depth/pokejev-components/replays-abyssal-leaf-code-v1/pokejevaby55 - battle-gen9ouclock-1555.html
I	15039	cfcf9ca0968b58ef445f96d3557c22bb8be2a1a1f16e91e41bbb38b950c52f7e		work/loss-depth/pokejev-components/replays-abyssal-leaf-code-v1/pokejevaby55 - battle-gen9ouclock-1560.html
I	19716	c8af38b01d2dbdb147c7033b26b26c35a95939a7647d1c63c97dc144537c4d31		work/loss-depth/pokejev-components/replays-abyssal-leaf-code-v1/pokejevaby55 - battle-gen9ouclock-1566.html
I	44788	c23e259a63b236af8a77f260260f80c5375e6aba87a36b395044791544bc97ca		work/loss-depth/pokejev-components/replays-abyssal-leaf-code-v1/pokejevaby56 - battle-gen9ouclock-1537.html
I	15577	e247e29081eb55d37acba0422d3880ebeec90138f9d3b4ec46907d760e0a72ee		work/loss-depth/pokejev-components/replays-abyssal-leaf-code-v1/pokejevaby57 - battle-gen9ouclock-1541.html
I	16965	416947b4063a1e7bdc8472eb77f909be98f88e6678c6b418a2aaf265eba4db75		work/loss-depth/pokejev-components/replays-abyssal-leaf-code-v1/pokejevaby57 - battle-gen9ouclock-1545.html
I	19371	647d3b228b35963a30e4ca68871233470896139bc720d3791de8005190709244		work/loss-depth/pokejev-components/replays-abyssal-leaf-code-v1/pokejevaby57 - battle-gen9ouclock-1552.html
I	19769	212fe3bf48f7ebbd5f8770fc1be6387dac0257a534c5de1724355cfc7f9f179b		work/loss-depth/pokejev-components/replays-abyssal-leaf-code-v1/pokejevaby57 - battle-gen9ouclock-1561.html
I	25224	7a50e8c7796159c75dbd0abec95fbcd5202ad1708e189c45ed5927f3b91a6b10		work/loss-depth/pokejev-components/replays-abyssal-leaf-code-v1/pokejevaby57 - battle-gen9ouclock-1574.html
I	7034	b42dfa99b20f56793a569aee0693065da0ba53e0f983b059ca74bd045c81ba83		work/loss-depth/pokejev-components/replays-abyssal-leaf-code-v1/pokejevaby57 - battle-gen9ouclock-1578.html
I	49669	8b7ed97020b656c00510e9e3b8376f6cbfe7179247224b65eab46f57565f6264		work/loss-depth/pokejev-components/results-abyssal-leaf-code-leaf-c-r2-code.jsonl
I	36029	65ed694b6ca39f8a48e16d868275cd8900b2e66402c7dd62829baf8d8911da30		work/loss-depth/pokejev-components/results-abyssal-leaf-code-v1.jsonl
I	4073479	6d32810f3d2f0ce7d531245081b908a694dfe7b8f5d443297628c94090d15fc1		work/loss-depth/pokejev-components/stage-b/decisions-abyssal-mix-v1-control.jsonl
I	1642	abe7eb469f25a2c2b4b23aaa20e85608461a13eb543c47dc4dbccd8926f07205		work/loss-depth/pokejev-components/stage-b/receipt-mix-v1.json
I	13077	f10b2db2736988ca1d9f38c05a93dd757bdbd6d64d17ad6398def649d7e5d168		work/loss-depth/pokejev-components/stage-b/replays-abyssal-mix-v1-control/pokejevaby50 - battle-gen9ouclock-1000.html
I	14610	db56781ec2e637ebfe051b3a7bbbde3e30ef2a97b505b82932a9aef4b59da327		work/loss-depth/pokejev-components/stage-b/replays-abyssal-mix-v1-control/pokejevaby50 - battle-gen9ouclock-1005.html
I	17185	bb2ede73b3ab9a06b9e5d096dca37b2b5db372a6c36278226e62f12aad29da69		work/loss-depth/pokejev-components/stage-b/replays-abyssal-mix-v1-control/pokejevaby50 - battle-gen9ouclock-1013.html
I	21315	3373d1738fb1165a03921930e08475efb8addb610fab882535aa4c3346c7ba86		work/loss-depth/pokejev-components/stage-b/replays-abyssal-mix-v1-control/pokejevaby50 - battle-gen9ouclock-1023.html
I	15041	413e2acfb54eba8d9e2159a4b5bf60115a30dae9d210d145534dd11e2128dd29		work/loss-depth/pokejev-components/stage-b/replays-abyssal-mix-v1-control/pokejevaby50 - battle-gen9ouclock-1034.html
I	15310	177e7595dfc9624311fa00c8baafdf5560df67cc516fd49769134e3b75a6b84f		work/loss-depth/pokejev-components/stage-b/replays-abyssal-mix-v1-control/pokejevaby50 - battle-gen9ouclock-1041.html
I	19455	ae4cab1578ea1b3648e0d1ff185ed8ac9b0e46e7b7b1cee1ca174805565374f1		work/loss-depth/pokejev-components/stage-b/replays-abyssal-mix-v1-control/pokejevaby50 - battle-gen9ouclock-1049.html
I	15665	5fe40e5f04011fbccb8d1eed3f27b6f1c0958f3a25cdede365f03b1c1c430b20		work/loss-depth/pokejev-components/stage-b/replays-abyssal-mix-v1-control/pokejevaby50 - battle-gen9ouclock-1058.html
I	16532	6b09dd799a86ecc960d03bcfb549ec554b765dfdaaf293f1b5c3635e9f842063		work/loss-depth/pokejev-components/stage-b/replays-abyssal-mix-v1-control/pokejevaby50 - battle-gen9ouclock-1066.html
I	16742	810d8a13a9cfafae76db7df2960f96ce65465f11a3316633cd3b213c5529a162		work/loss-depth/pokejev-components/stage-b/replays-abyssal-mix-v1-control/pokejevaby50 - battle-gen9ouclock-1075.html
I	15802	33403499bb6df78c478bb737114800401aa3239a30b52d0df710aff59a382708		work/loss-depth/pokejev-components/stage-b/replays-abyssal-mix-v1-control/pokejevaby50 - battle-gen9ouclock-1081.html
I	14880	c576481bdaf12ca8b056d6839d36bf065791c1793cadf36bc78614807554f616		work/loss-depth/pokejev-components/stage-b/replays-abyssal-mix-v1-control/pokejevaby50 - battle-gen9ouclock-1089.html
I	16908	53353bcc5702b8f21a6fb28140706c9ed42b5f0507c8eb27877df8b08f3754d9		work/loss-depth/pokejev-components/stage-b/replays-abyssal-mix-v1-control/pokejevaby50 - battle-gen9ouclock-1097.html
I	15635	9ab616b89f59e20178e3b0a2ad736019356af1b9c3f8c6279746a7143b53cfbb		work/loss-depth/pokejev-components/stage-b/replays-abyssal-mix-v1-control/pokejevaby50 - battle-gen9ouclock-1106.html
I	17066	cf5b21562ac1e81725bd7fa46ab2d046442925dc7835a0aa7ff1ff243c0eae73		work/loss-depth/pokejev-components/stage-b/replays-abyssal-mix-v1-control/pokejevaby50 - battle-gen9ouclock-1113.html
I	14458	0f30606b8e10e0892dbf7d6ce4cc66cca7a3ba8ee5c37b34820dfb139a02d9d6		work/loss-depth/pokejev-components/stage-b/replays-abyssal-mix-v1-control/pokejevaby50 - battle-gen9ouclock-1122.html
I	16604	5f6c0e111066c1098d5403ae09ff270eb7168767b522572992fa4d4660e7e813		work/loss-depth/pokejev-components/stage-b/replays-abyssal-mix-v1-control/pokejevaby50 - battle-gen9ouclock-1128.html
I	15630	319aa0298165bf67364fd4fe1ae5374a5fe3ecc7b1d4bf46a6a234d879d66232		work/loss-depth/pokejev-components/stage-b/replays-abyssal-mix-v1-control/pokejevaby50 - battle-gen9ouclock-935.html
I	16514	439c3b2f7efb4ee5697e8b3258150547fa921a22350de580911f852afccb2aec		work/loss-depth/pokejev-components/stage-b/replays-abyssal-mix-v1-control/pokejevaby50 - battle-gen9ouclock-944.html
I	15340	8e7fc2774aba7af3138d91a14bf05de2d359f9d25b840942005b37534923d7e4		work/loss-depth/pokejev-components/stage-b/replays-abyssal-mix-v1-control/pokejevaby50 - battle-gen9ouclock-956.html
I	16760	256b2b835c9443211f638b42923d02a8a18d9bbd231318dc011d4c568cbeaa73		work/loss-depth/pokejev-components/stage-b/replays-abyssal-mix-v1-control/pokejevaby50 - battle-gen9ouclock-961.html
I	16864	b882493c51df0d11da69c6ca80f02a2193261d2a4c28f667b59c2cb76dc78499		work/loss-depth/pokejev-components/stage-b/replays-abyssal-mix-v1-control/pokejevaby50 - battle-gen9ouclock-967.html
I	17212	c1933ad7fc5ff342fcb9769f4264b44f6834d5a54a1bf98e7f40a68d37f7f14a		work/loss-depth/pokejev-components/stage-b/replays-abyssal-mix-v1-control/pokejevaby50 - battle-gen9ouclock-975.html
I	15794	be201521d29f7891c7eb1057a2dcbbec580e9ef0ad29b247b16a5ba262afdb43		work/loss-depth/pokejev-components/stage-b/replays-abyssal-mix-v1-control/pokejevaby50 - battle-gen9ouclock-984.html
I	15668	1a4e0cec2db7f9da563e7a91b92a6bf10a2282409f4d4e90e333ff13fb5634cf		work/loss-depth/pokejev-components/stage-b/replays-abyssal-mix-v1-control/pokejevaby50 - battle-gen9ouclock-992.html
I	15133	f1a0cb524df5f8d2bcc5ab9f9d7cfe87bce0224e58e681df7a5a542155ec7185		work/loss-depth/pokejev-components/stage-b/replays-abyssal-mix-v1-control/pokejevaby51 - battle-gen9ouclock-1001.html
I	15188	c093fcb97431e92e01e3d2d3b731dc70bf38a74a7fb146ef58a7880f2714272b		work/loss-depth/pokejev-components/stage-b/replays-abyssal-mix-v1-control/pokejevaby51 - battle-gen9ouclock-1006.html
I	15044	4e0f5bf6088b93d8831a60b2458f174e0ee3270abb61887ba8681d685ca45ec5		work/loss-depth/pokejev-components/stage-b/replays-abyssal-mix-v1-control/pokejevaby51 - battle-gen9ouclock-1014.html
I	17385	ba0cf298586b6b079da2e59d14617eeac89e6fcdf107a8d391d66238542f7e58		work/loss-depth/pokejev-components/stage-b/replays-abyssal-mix-v1-control/pokejevaby51 - battle-gen9ouclock-1022.html
I	25507	f95834044c5113825ffc2867bb3605afeb71d6dda2e4aaa46afabf32b622a87e		work/loss-depth/pokejev-components/stage-b/replays-abyssal-mix-v1-control/pokejevaby51 - battle-gen9ouclock-1032.html
I	19340	f21d84acbe58d1ca919ed0046335916a2dba054a49267c6e5500d8b53a8984f2		work/loss-depth/pokejev-components/stage-b/replays-abyssal-mix-v1-control/pokejevaby51 - battle-gen9ouclock-1042.html
I	15906	056953c0b5f708cf28bb58854b6a320e798555152dd2f41b36fc7a87532a44c8		work/loss-depth/pokejev-components/stage-b/replays-abyssal-mix-v1-control/pokejevaby51 - battle-gen9ouclock-1055.html
I	16153	92b4231bd486a0295dc3b1fcd854eab7015fc6388302533a7e2ec7aa7c94ea28		work/loss-depth/pokejev-components/stage-b/replays-abyssal-mix-v1-control/pokejevaby51 - battle-gen9ouclock-1063.html
I	22378	f8ae4bbe6419f253d2ea310aba73aa85636bb0f73840f558038df04ce68dc80f		work/loss-depth/pokejev-components/stage-b/replays-abyssal-mix-v1-control/pokejevaby51 - battle-gen9ouclock-1070.html
I	15727	7c7ced344a25397731ccbaad886be082c08e724ccd88b7395ece9f3e17e06bb1		work/loss-depth/pokejev-components/stage-b/replays-abyssal-mix-v1-control/pokejevaby51 - battle-gen9ouclock-1080.html
I	17391	82372e785e7bc1b73c3e106c7a5b0d32ec403bfa9b31df66fde270662a18e876		work/loss-depth/pokejev-components/stage-b/replays-abyssal-mix-v1-control/pokejevaby51 - battle-gen9ouclock-1088.html
I	15667	38158d3df7e3f2e6a08d6265301c85121ddff6717252cc1d3fbd88f282d8ed2a		work/loss-depth/pokejev-components/stage-b/replays-abyssal-mix-v1-control/pokejevaby51 - battle-gen9ouclock-1096.html
I	13331	1cf6d7329726b44a6a1b01a4bed573e94dd13354ecc19b259a5151201d34a142		work/loss-depth/pokejev-components/stage-b/replays-abyssal-mix-v1-control/pokejevaby51 - battle-gen9ouclock-1104.html
I	15193	c0dc300840c5baedc83669d7ce385180fc8ec718a4a115ae884a09e1a1093c31		work/loss-depth/pokejev-components/stage-b/replays-abyssal-mix-v1-control/pokejevaby51 - battle-gen9ouclock-1110.html
I	13388	37b20e4bb4d7f0e9d588c50fbaa705f86785bb32cfaf27aa78e72cb6c825680c		work/loss-depth/pokejev-components/stage-b/replays-abyssal-mix-v1-control/pokejevaby51 - battle-gen9ouclock-1118.html
I	15762	cc19a818424cee2dd7496a98aa4a7664e905546a0d6ee34d58faa9413cd75a93		work/loss-depth/pokejev-components/stage-b/replays-abyssal-mix-v1-control/pokejevaby51 - battle-gen9ouclock-1125.html
I	13676	ec5520cebe1a4cb4bbfd5bdf42f3b8f5ab35882363b21bf9975f9c03c785542e		work/loss-depth/pokejev-components/stage-b/replays-abyssal-mix-v1-control/pokejevaby51 - battle-gen9ouclock-1130.html
I	17079	17844f81e1e9ada5303031e0d45fb5fc0ed13c0506616074073179ba4708a595		work/loss-depth/pokejev-components/stage-b/replays-abyssal-mix-v1-control/pokejevaby51 - battle-gen9ouclock-1134.html
I	17538	d0dae91cd7f21bfa9ccceb14afc149ac1d605ab6a6decb9ed14b5cbfdba8bc90		work/loss-depth/pokejev-components/stage-b/replays-abyssal-mix-v1-control/pokejevaby51 - battle-gen9ouclock-939.html
I	16054	cccd56b1ac6bfeb5ddd34da151fb6f0a579f5c3814477ace915b48c9eb9b5101		work/loss-depth/pokejev-components/stage-b/replays-abyssal-mix-v1-control/pokejevaby51 - battle-gen9ouclock-949.html
I	15337	66b6b740c8630dedc520576192dfd2e8d65f26808f05ff049ecacaf15c4383fd		work/loss-depth/pokejev-components/stage-b/replays-abyssal-mix-v1-control/pokejevaby51 - battle-gen9ouclock-958.html
I	14649	b577d39685e5331d197aaa22d1531a2680a90f884e37150d7d9d13ee46f4a027		work/loss-depth/pokejev-components/stage-b/replays-abyssal-mix-v1-control/pokejevaby51 - battle-gen9ouclock-963.html
I	15836	149b77b8ba190aabc2f3befe23ae2ec3e32007ffd36cbbe1538052d79d37dfd0		work/loss-depth/pokejev-components/stage-b/replays-abyssal-mix-v1-control/pokejevaby51 - battle-gen9ouclock-969.html
I	33566	6ec9d7101267e51497cbabac68d47795b857be6c1398cbc4333b06f0f37d55b4		work/loss-depth/pokejev-components/stage-b/replays-abyssal-mix-v1-control/pokejevaby51 - battle-gen9ouclock-977.html
I	13266	5f84a87d8a1053e79e09527a14826e7d7b062a379f8d42df37be423615e2bb2e		work/loss-depth/pokejev-components/stage-b/replays-abyssal-mix-v1-control/pokejevaby51 - battle-gen9ouclock-993.html
I	15602	c53f1fff856c3a4657185681ba6862492d66d1f49ebfe4a8ded3ac36dee6b702		work/loss-depth/pokejev-components/stage-b/replays-abyssal-mix-v1-control/pokejevaby52 - battle-gen9ouclock-1007.html
I	13501	54c49f616a81a397c16fea1f1d0a2ff5cfc6b7f4b818327fe5fe0da0a9e02690		work/loss-depth/pokejev-components/stage-b/replays-abyssal-mix-v1-control/pokejevaby52 - battle-gen9ouclock-1015.html
I	15435	545f6388b86f2e49c28cab4600bed9db640be2088345fe043ea9c3ffcc03f73a		work/loss-depth/pokejev-components/stage-b/replays-abyssal-mix-v1-control/pokejevaby52 - battle-gen9ouclock-1021.html
I	15300	05d1114c9174c30d88c1f09ced5fc8a15f4e595cab08ef4507dc643d141eee8c		work/loss-depth/pokejev-components/stage-b/replays-abyssal-mix-v1-control/pokejevaby52 - battle-gen9ouclock-1029.html
I	15669	0627582ae6de266be0005ad2b45ef53e8d208dd717dea7ef2e61f8813805c529		work/loss-depth/pokejev-components/stage-b/replays-abyssal-mix-v1-control/pokejevaby52 - battle-gen9ouclock-1036.html
I	14037	97cf25f7cfed2114bc4bde16ac3037cb6adac8d119b1558a30c413f24aae326f		work/loss-depth/pokejev-components/stage-b/replays-abyssal-mix-v1-control/pokejevaby52 - battle-gen9ouclock-1044.html
I	16126	5e59fbc140f5caef702ae9c07e1707382db455bd91d9bdab529f39ec7418cffc		work/loss-depth/pokejev-components/stage-b/replays-abyssal-mix-v1-control/pokejevaby52 - battle-gen9ouclock-1051.html
I	15016	c24ceefc614c79b152192fcd02526a652df5a1145d79d6cb3fcd3c40c81fd6a6		work/loss-depth/pokejev-components/stage-b/replays-abyssal-mix-v1-control/pokejevaby52 - battle-gen9ouclock-1059.html
I	15273	3647475665d4e47572b6950d99be4a2e9bbff95e1fe33ad7bb1033a00ed7e678		work/loss-depth/pokejev-components/stage-b/replays-abyssal-mix-v1-control/pokejevaby52 - battle-gen9ouclock-1067.html
I	15503	0a63e1766cb0cbb26ce55e3aa4f51f6052741fe7747673339d706bdcfe89fe46		work/loss-depth/pokejev-components/stage-b/replays-abyssal-mix-v1-control/pokejevaby52 - battle-gen9ouclock-1076.html
I	21468	0e0066990e00294babbda8b4990aa6fab9472c9a3954217a9dd83395a871c672		work/loss-depth/pokejev-components/stage-b/replays-abyssal-mix-v1-control/pokejevaby52 - battle-gen9ouclock-1083.html
I	17331	7ef2fa73542c93e7ebdd270b385e1148c2ebf1effe85b4bf2a0b6a798614ffc0		work/loss-depth/pokejev-components/stage-b/replays-abyssal-mix-v1-control/pokejevaby52 - battle-gen9ouclock-1093.html
I	16167	a558c96cacdc039a6aedf47971cb180586bc9067845b305f00dc0cb9dead80d8		work/loss-depth/pokejev-components/stage-b/replays-abyssal-mix-v1-control/pokejevaby52 - battle-gen9ouclock-1102.html
I	13178	4051c66637d1ef6ff95a25dd1b7302b479a51870d3781c31fe564b7bd750ac50		work/loss-depth/pokejev-components/stage-b/replays-abyssal-mix-v1-control/pokejevaby52 - battle-gen9ouclock-1109.html
I	16638	42481468ccecbe08e7e4e0b6b8011b98788dad36324befc46cea870c71096db2		work/loss-depth/pokejev-components/stage-b/replays-abyssal-mix-v1-control/pokejevaby52 - battle-gen9ouclock-1117.html
I	24059	8e51599b3464bd4e924414bf9e780f37533d37d35f9b84a98bec66d97176c7f3		work/loss-depth/pokejev-components/stage-b/replays-abyssal-mix-v1-control/pokejevaby52 - battle-gen9ouclock-1124.html
I	14511	1cd063668a4c773203183b90643ca56f83d712e3c978cef2e831dd367e9f5a4b		work/loss-depth/pokejev-components/stage-b/replays-abyssal-mix-v1-control/pokejevaby52 - battle-gen9ouclock-940.html
I	17425	a32a6df985b270dea27e7eb133b27c852e5926639f1edeadc39c809bb5fa654f		work/loss-depth/pokejev-components/stage-b/replays-abyssal-mix-v1-control/pokejevaby52 - battle-gen9ouclock-948.html
I	19526	ce5c1f6c052f24a5bc86f0ef096601198ba90feb1ca2a0239d7970fde1104741		work/loss-depth/pokejev-components/stage-b/replays-abyssal-mix-v1-control/pokejevaby52 - battle-gen9ouclock-957.html
I	14096	e6f3b6659c4e9825a783c847f27e9b1e82f566b5961141ec8a7bfa3e0f01bb90		work/loss-depth/pokejev-components/stage-b/replays-abyssal-mix-v1-control/pokejevaby52 - battle-gen9ouclock-965.html
I	17314	b3779c4899d52bf1cde6ba49294b622dab8cecebae4b4ffd2c73c39d11cee4d9		work/loss-depth/pokejev-components/stage-b/replays-abyssal-mix-v1-control/pokejevaby52 - battle-gen9ouclock-971.html
I	14991	b91f26bff96988191e4b5c05d6d1bd590301bcc2fc463425be9f614ac7375626		work/loss-depth/pokejev-components/stage-b/replays-abyssal-mix-v1-control/pokejevaby52 - battle-gen9ouclock-979.html
I	14913	b15eb2296d2906daf99989298157a29c6368063c087e8537fece646eb7c172c6		work/loss-depth/pokejev-components/stage-b/replays-abyssal-mix-v1-control/pokejevaby52 - battle-gen9ouclock-985.html
I	16410	92cb8a7100876cd046a5b70bed7adfeac479ab4ef31eb009c4e3769fe794d582		work/loss-depth/pokejev-components/stage-b/replays-abyssal-mix-v1-control/pokejevaby52 - battle-gen9ouclock-991.html
I	15497	2d428e0aa874dac4c333b29b616dc10d2320900172da7ae0a016c958cd84ca2c		work/loss-depth/pokejev-components/stage-b/replays-abyssal-mix-v1-control/pokejevaby52 - battle-gen9ouclock-999.html
I	12912	54d241e39d74297dd610233cbf9cbc073ac1e859abed15acfa6a137c67e7685f		work/loss-depth/pokejev-components/stage-b/replays-abyssal-mix-v1-control/pokejevaby53 - battle-gen9ouclock-1002.html
I	14260	b00322e141ae5f1009a628ad0e71ffa683b2857a94ea2914b37030aed1c3e83a		work/loss-depth/pokejev-components/stage-b/replays-abyssal-mix-v1-control/pokejevaby53 - battle-gen9ouclock-1009.html
I	16370	ade4be6baa352577bd94bd4a3786ced7efee7ce07e2f6cad3faa25d4e1cbb2f7		work/loss-depth/pokejev-components/stage-b/replays-abyssal-mix-v1-control/pokejevaby53 - battle-gen9ouclock-1016.html
I	15983	a2829ff244ebd0f79f0aebbdd79075f8b6366f54bcdf49cd83c6d089405e8aea		work/loss-depth/pokejev-components/stage-b/replays-abyssal-mix-v1-control/pokejevaby53 - battle-gen9ouclock-1024.html
I	14044	8da9c5115d62164a4d0152e2e445bb3769a35781702566b5c6b07f71f3afb485		work/loss-depth/pokejev-components/stage-b/replays-abyssal-mix-v1-control/pokejevaby53 - battle-gen9ouclock-1033.html
I	13865	9d810077cc409c1beced535b3054de35f07ff3364d9555fd5a1a5e015c3327b2		work/loss-depth/pokejev-components/stage-b/replays-abyssal-mix-v1-control/pokejevaby53 - battle-gen9ouclock-1040.html
I	16888	36cd23f141fcf2a179bc2fd7b2e12f47b21af8deb1f2c280896a882d4ecef849		work/loss-depth/pokejev-components/stage-b/replays-abyssal-mix-v1-control/pokejevaby53 - battle-gen9ouclock-1045.html
I	15574	607b6e5763886eeb9c5a5ac56f8322f64c56a1f508b722d5887ffe025f21f4b3		work/loss-depth/pokejev-components/stage-b/replays-abyssal-mix-v1-control/pokejevaby53 - battle-gen9ouclock-1052.html
I	18185	ad7eb184039d8798b281e09b199599a813f2061c818f6d1a90fe2be253aee181		work/loss-depth/pokejev-components/stage-b/replays-abyssal-mix-v1-control/pokejevaby53 - battle-gen9ouclock-1060.html
I	13352	799a28a6074092c100b037b89bbfb36bf43fef38e8baebae682f81ba9ab9f688		work/loss-depth/pokejev-components/stage-b/replays-abyssal-mix-v1-control/pokejevaby53 - battle-gen9ouclock-1069.html
I	22956	00265c90072d61ac72998051f30bb66d4a4e67d26417289e5d204d78b32b7e4e		work/loss-depth/pokejev-components/stage-b/replays-abyssal-mix-v1-control/pokejevaby53 - battle-gen9ouclock-1077.html
I	17036	a3bd4b947c61f1a024afdb630cdf152b0bb3866e5af8f4a547672244a618ca9f		work/loss-depth/pokejev-components/stage-b/replays-abyssal-mix-v1-control/pokejevaby53 - battle-gen9ouclock-1087.html
I	15064	135d9c8337b07938722ae307b827c818c63870e559ca4d28ab064c3e752ea40f		work/loss-depth/pokejev-components/stage-b/replays-abyssal-mix-v1-control/pokejevaby53 - battle-gen9ouclock-1095.html
I	15288	9461dec3a286bc3b3398c182ee6df2a32c8a7e088aecf7dae8ea9ca3e78f6054		work/loss-depth/pokejev-components/stage-b/replays-abyssal-mix-v1-control/pokejevaby53 - battle-gen9ouclock-1101.html
I	15900	c5a94f2df273905c3d4af872d23a7bbd19cf8dd8d7cccf309b58275b7e1cf56f		work/loss-depth/pokejev-components/stage-b/replays-abyssal-mix-v1-control/pokejevaby53 - battle-gen9ouclock-1111.html
I	20415	d433b3df1d0d45e96470838bb1c970f1ba5382a725cfd425fad5f0a59e0bcc34		work/loss-depth/pokejev-components/stage-b/replays-abyssal-mix-v1-control/pokejevaby53 - battle-gen9ouclock-1120.html
I	14265	a71211e92baa925b8ad3ab200df4234597069bee8f0fa755a98a0b2746573188		work/loss-depth/pokejev-components/stage-b/replays-abyssal-mix-v1-control/pokejevaby53 - battle-gen9ouclock-938.html
I	14707	655dd7f3bc192f8b54fb57cbff077e87d39840cdb4729c6a3728e1632713566c		work/loss-depth/pokejev-components/stage-b/replays-abyssal-mix-v1-control/pokejevaby53 - battle-gen9ouclock-945.html
I	17383	7cfe2d1fad7e966ce54e0ce1ab4b862452510e03b2379ee08f979fd6632a3703		work/loss-depth/pokejev-components/stage-b/replays-abyssal-mix-v1-control/pokejevaby53 - battle-gen9ouclock-952.html
I	16606	3d11dfa999fd3ac9877a0492a3e7c13c42debb60f663e52158f690dd930ae0e9		work/loss-depth/pokejev-components/stage-b/replays-abyssal-mix-v1-control/pokejevaby53 - battle-gen9ouclock-960.html
I	14871	cd77ca53e1f0e3d5e86bbfdecede27644b7d03c7a22d85b88c76199c61472698		work/loss-depth/pokejev-components/stage-b/replays-abyssal-mix-v1-control/pokejevaby53 - battle-gen9ouclock-968.html
I	13571	a233fd612b55ade584c07d8ceaaba671443250d9456bb83944e05671a0fb20a9		work/loss-depth/pokejev-components/stage-b/replays-abyssal-mix-v1-control/pokejevaby53 - battle-gen9ouclock-976.html
I	13910	66fa2855b28ff0a2631868500c297dff4a023c9d2f2fc9b4a36c21df69ddec2d		work/loss-depth/pokejev-components/stage-b/replays-abyssal-mix-v1-control/pokejevaby53 - battle-gen9ouclock-983.html
I	15218	c77be115bf962b9dd600ef0cdac239cf97ff13f4a6692b34945020c391943483		work/loss-depth/pokejev-components/stage-b/replays-abyssal-mix-v1-control/pokejevaby53 - battle-gen9ouclock-988.html
I	14334	30cf3a0c4eb182324358eb51d219c8f0c80f7ef1b85c5b6dc0583d2b584deff0		work/loss-depth/pokejev-components/stage-b/replays-abyssal-mix-v1-control/pokejevaby53 - battle-gen9ouclock-995.html
I	18828	daf9b6cde367a90a36f4137f026db438dd131be1c3cb6afcba15ab26ba203453		work/loss-depth/pokejev-components/stage-b/replays-abyssal-mix-v1-control/pokejevaby54 - battle-gen9ouclock-1008.html
I	14688	dec0439bf3917e5fae3a6717e5e3f2f4883a820e34f031cfc2a1ea34c9102cfb		work/loss-depth/pokejev-components/stage-b/replays-abyssal-mix-v1-control/pokejevaby54 - battle-gen9ouclock-1019.html
I	13550	0127850e232cc97e0d977545295dd98c0ce094a5a82fd280b91cd7eb28da871a		work/loss-depth/pokejev-components/stage-b/replays-abyssal-mix-v1-control/pokejevaby54 - battle-gen9ouclock-1026.html
I	15819	c1f30f9f9972b3c9697cff6ebad110ff1c80755f1daf241d595d11d0c91abc2f		work/loss-depth/pokejev-components/stage-b/replays-abyssal-mix-v1-control/pokejevaby54 - battle-gen9ouclock-1031.html
I	14950	ba3bd53e857225f4310bf92de7c190ae7c1810df8fb3a4f9e7372c8af6285152		work/loss-depth/pokejev-components/stage-b/replays-abyssal-mix-v1-control/pokejevaby54 - battle-gen9ouclock-1039.html
I	22070	b9e4eeab2260c6ea6c8278366e23ae87298e786247f0560311cdb73814449f97		work/loss-depth/pokejev-components/stage-b/replays-abyssal-mix-v1-control/pokejevaby54 - battle-gen9ouclock-1046.html
I	15833	4ad051e6ba9b34a3557eca275b5b964e02b174776a46db30f5df4e45338fca35		work/loss-depth/pokejev-components/stage-b/replays-abyssal-mix-v1-control/pokejevaby54 - battle-gen9ouclock-1056.html
I	15679	8fec9d0307134bd805a757cb30ab69501224acafcff330988ed5a943d3778649		work/loss-depth/pokejev-components/stage-b/replays-abyssal-mix-v1-control/pokejevaby54 - battle-gen9ouclock-1065.html
I	26176	7dcabc653171b51a4684ebe405bd815600517ccc826e75904c371643239f07b6		work/loss-depth/pokejev-components/stage-b/replays-abyssal-mix-v1-control/pokejevaby54 - battle-gen9ouclock-1073.html
I	15009	641e961758926a183474ad31312e88c8ec0087556d994e63dae6cd830365842c		work/loss-depth/pokejev-components/stage-b/replays-abyssal-mix-v1-control/pokejevaby54 - battle-gen9ouclock-1085.html
I	15951	377f6624926781425f4524b85e655ea0344a782a3cee956e525803bd5c88d4c7		work/loss-depth/pokejev-components/stage-b/replays-abyssal-mix-v1-control/pokejevaby54 - battle-gen9ouclock-1091.html
I	17141	4d95b0418dea26367a50c494156285ae1719bc07b0e7cd4486f7c0d6b86f1822		work/loss-depth/pokejev-components/stage-b/replays-abyssal-mix-v1-control/pokejevaby54 - battle-gen9ouclock-1100.html
I	14710	cdf01e98415120e7401135863948275b33d88c3af547acd8a690f932fe3961b8		work/loss-depth/pokejev-components/stage-b/replays-abyssal-mix-v1-control/pokejevaby54 - battle-gen9ouclock-1108.html
I	16212	934e1f6519efc068b8dda15200e21f8d302432d13af3ad1dc8abbf58e00a8d83		work/loss-depth/pokejev-components/stage-b/replays-abyssal-mix-v1-control/pokejevaby54 - battle-gen9ouclock-1115.html
I	15161	0ea8ac0d49ae31298835aec4e88e900e74ee8bbd67288778262f389a578c1b38		work/loss-depth/pokejev-components/stage-b/replays-abyssal-mix-v1-control/pokejevaby54 - battle-gen9ouclock-1123.html
I	14970	93e46286b86c8ca05e3cff7c129156ead011aa0ffd5886e47b64376e4ee7ce6a		work/loss-depth/pokejev-components/stage-b/replays-abyssal-mix-v1-control/pokejevaby54 - battle-gen9ouclock-1129.html
I	15750	1df8d9a7be4843fc723991000524295f7668e994810565595f02deb778f66790		work/loss-depth/pokejev-components/stage-b/replays-abyssal-mix-v1-control/pokejevaby54 - battle-gen9ouclock-1133.html
I	14573	9a1e805d1d8e774c22f35005e6ee55bbae1bce021432d4ef9fd03133d81e377d		work/loss-depth/pokejev-components/stage-b/replays-abyssal-mix-v1-control/pokejevaby54 - battle-gen9ouclock-936.html
I	14632	9eb414eb1efe046ee49f3dd6a129b488a5354cb862fec8752bde398f8a16526f		work/loss-depth/pokejev-components/stage-b/replays-abyssal-mix-v1-control/pokejevaby54 - battle-gen9ouclock-946.html
I	15321	e8c35becf723d180f7e5e16817ef597f06222445da5e5ed62286b011ae5ba713		work/loss-depth/pokejev-components/stage-b/replays-abyssal-mix-v1-control/pokejevaby54 - battle-gen9ouclock-954.html
I	18340	e1df6e61ac0c487be6e1955404cecb63bc1abb964dcc59b034827aaac7f6328a		work/loss-depth/pokejev-components/stage-b/replays-abyssal-mix-v1-control/pokejevaby54 - battle-gen9ouclock-962.html
I	17163	c7f9a92cbe2b4325ea970e898c73f15d85f06f182d3bb9d8cb68864ecc5a2300		work/loss-depth/pokejev-components/stage-b/replays-abyssal-mix-v1-control/pokejevaby54 - battle-gen9ouclock-972.html
I	16238	90367292a01e7c743cc419421ab98984f86b5b488db4d3e10b0d92ab5cb6f4aa		work/loss-depth/pokejev-components/stage-b/replays-abyssal-mix-v1-control/pokejevaby54 - battle-gen9ouclock-978.html
I	27468	ad6894e9d57adf2d33dbc15dec48bf1cc1e9cc80cc975a61ee4685d3918db465		work/loss-depth/pokejev-components/stage-b/replays-abyssal-mix-v1-control/pokejevaby54 - battle-gen9ouclock-986.html
I	15787	fa8dce8a9662249d666f0b63749151670018de8bc152bdf50fcfaa94be38b5a1		work/loss-depth/pokejev-components/stage-b/replays-abyssal-mix-v1-control/pokejevaby54 - battle-gen9ouclock-998.html
I	12004	6080ab3d10343ef8c4f3c28a5dfee96e931f44d620b95554218267f59baa556c		work/loss-depth/pokejev-components/stage-b/replays-abyssal-mix-v1-control/pokejevaby55 - battle-gen9ouclock-1003.html
I	15419	8b931835c5f1e40bceaeb112b7610b45ec5965e482115e6817f46b870bcd60f0		work/loss-depth/pokejev-components/stage-b/replays-abyssal-mix-v1-control/pokejevaby55 - battle-gen9ouclock-1010.html
I	15805	6f5744d1cba491658fe4786d72fe0c94093c28c026b3ec94ce1e2113f21114ac		work/loss-depth/pokejev-components/stage-b/replays-abyssal-mix-v1-control/pokejevaby55 - battle-gen9ouclock-1017.html
I	13946	64e574d103270fc7f37abbdf18d77ccb400cca7c0dea7eb54d381e20b1d5bec5		work/loss-depth/pokejev-components/stage-b/replays-abyssal-mix-v1-control/pokejevaby55 - battle-gen9ouclock-1025.html
I	14606	25a9807b514df2581bc054c938699bd913a0e95f09680a2fdf21cbab03945545		work/loss-depth/pokejev-components/stage-b/replays-abyssal-mix-v1-control/pokejevaby55 - battle-gen9ouclock-1030.html
I	17947	5b856b8862b7189f5e903a87d2a5e5f55ae55f0be42cadc89de99540a157a3ee		work/loss-depth/pokejev-components/stage-b/replays-abyssal-mix-v1-control/pokejevaby55 - battle-gen9ouclock-1038.html
I	12996	fd7638fbf05a878387fd5cd681d014f8063f281172475ec66c2a57e8df844749		work/loss-depth/pokejev-components/stage-b/replays-abyssal-mix-v1-control/pokejevaby55 - battle-gen9ouclock-1047.html
I	18337	16e9c3330bd2d5a3f18913328a0d25b88b3aa55b3a3396cc8c7aba3d00f7d3cc		work/loss-depth/pokejev-components/stage-b/replays-abyssal-mix-v1-control/pokejevaby55 - battle-gen9ouclock-1053.html
I	14344	e5b831b4c76003c136bf35ad8af9b81bc951d189a7d05b6d2bdeb3c000fc245f		work/loss-depth/pokejev-components/stage-b/replays-abyssal-mix-v1-control/pokejevaby55 - battle-gen9ouclock-1062.html
I	14533	25c217311f8968d9056b96618bb7f72bb151f18fc798eb32fe3c11c6d88ed571		work/loss-depth/pokejev-components/stage-b/replays-abyssal-mix-v1-control/pokejevaby55 - battle-gen9ouclock-1068.html
I	18871	04c031528fef5df24ea60800066f55f37916b610b7917b659e7112448ddbbd78		work/loss-depth/pokejev-components/stage-b/replays-abyssal-mix-v1-control/pokejevaby55 - battle-gen9ouclock-1074.html
I	16795	42af20f2a265778b487cebd6705a55b5946c167039a2506ff52ed236823e5651		work/loss-depth/pokejev-components/stage-b/replays-abyssal-mix-v1-control/pokejevaby55 - battle-gen9ouclock-1082.html
I	16158	e7ad17f2f1a2cb8ac4c810673c4c34662073b263c6e10066e2cb0d677c712500		work/loss-depth/pokejev-components/stage-b/replays-abyssal-mix-v1-control/pokejevaby55 - battle-gen9ouclock-1090.html
I	15515	a889ea09c37d3d08e170bb308c57c10aa6966f8a0cfd15728e71378722238569		work/loss-depth/pokejev-components/stage-b/replays-abyssal-mix-v1-control/pokejevaby55 - battle-gen9ouclock-1099.html
I	17650	64cc33df9c06687c15a7f5a9cc225d35cd7f3546e41acaeb49060b7ca7aaf23c		work/loss-depth/pokejev-components/stage-b/replays-abyssal-mix-v1-control/pokejevaby55 - battle-gen9ouclock-1107.html
I	15832	1a69f6ad025a5486992045309c5e10bf61c3c42393da409025b63a5c3debc95b		work/loss-depth/pokejev-components/stage-b/replays-abyssal-mix-v1-control/pokejevaby55 - battle-gen9ouclock-1116.html
I	14047	0fda25b3a43433a4869d08e34e57eb2fc5b7b1ca5521ce65917884fb42adfbf3		work/loss-depth/pokejev-components/stage-b/replays-abyssal-mix-v1-control/pokejevaby55 - battle-gen9ouclock-937.html
I	13186	68519f7079daacab9b20571d015756aae0bd82631b2412ad2fbaec64bbbe7849		work/loss-depth/pokejev-components/stage-b/replays-abyssal-mix-v1-control/pokejevaby55 - battle-gen9ouclock-943.html
I	16410	6ab4aee4dde356a3a04ff411da57f4ff72db5403c1dbb28d4df765e0251ca232		work/loss-depth/pokejev-components/stage-b/replays-abyssal-mix-v1-control/pokejevaby55 - battle-gen9ouclock-951.html
I	14435	ebaf9e3064bee2d5451401e0a85751d3264fff28a3ed7bf4bea072241a4d3871		work/loss-depth/pokejev-components/stage-b/replays-abyssal-mix-v1-control/pokejevaby55 - battle-gen9ouclock-959.html
I	18468	02dacc8701ae238cb69b59d4c84e80fe5d252053da9dab50db4456d307fc924a		work/loss-depth/pokejev-components/stage-b/replays-abyssal-mix-v1-control/pokejevaby55 - battle-gen9ouclock-966.html
I	14784	c23f69c768e224ae76b4f54d5bb15a9610a7b7eec6ef7e6f28488d4f1bb2db78		work/loss-depth/pokejev-components/stage-b/replays-abyssal-mix-v1-control/pokejevaby55 - battle-gen9ouclock-973.html
I	15221	6663d84149f7da20aa52071119da7191a9124dc531350b6b75cdaa6e2c7a4cf1		work/loss-depth/pokejev-components/stage-b/replays-abyssal-mix-v1-control/pokejevaby55 - battle-gen9ouclock-981.html
I	16923	82b3e132509220039a3b408a54677f698fef11b0a6bef1afb4af58af81f8bb1e		work/loss-depth/pokejev-components/stage-b/replays-abyssal-mix-v1-control/pokejevaby55 - battle-gen9ouclock-987.html
I	17320	416ecece1940fb0857eeb346470ad9e60191f5ad3b3de3d8af3372de0e478ae2		work/loss-depth/pokejev-components/stage-b/replays-abyssal-mix-v1-control/pokejevaby55 - battle-gen9ouclock-994.html
I	16731	73e87c8368e440213ab8d65aa132c69de118c5980c9b28fb8314f574602bbb6e		work/loss-depth/pokejev-components/stage-b/replays-abyssal-mix-v1-control/pokejevaby56 - battle-gen9ouclock-1011.html
I	16177	d9d622a20ccac19dc25b79b13b9488cce99cba685b85568cdfed33e4ba0ae993		work/loss-depth/pokejev-components/stage-b/replays-abyssal-mix-v1-control/pokejevaby56 - battle-gen9ouclock-1018.html
I	17872	4e1b72fd59403be4f042799bf92082d34f2c5f56e6b329c9266b4266cf842ccb		work/loss-depth/pokejev-components/stage-b/replays-abyssal-mix-v1-control/pokejevaby56 - battle-gen9ouclock-1027.html
I	22162	c586a02c17c92e1975dce994ceb80e20583c8761868a103a524414dc7b92fce1		work/loss-depth/pokejev-components/stage-b/replays-abyssal-mix-v1-control/pokejevaby56 - battle-gen9ouclock-1035.html
I	14385	1987471456c1853708074a00b95fa3bcb5634b516a0d4ad42e67f6c426d84c27		work/loss-depth/pokejev-components/stage-b/replays-abyssal-mix-v1-control/pokejevaby56 - battle-gen9ouclock-1043.html
I	14614	e3f7752789e9806d2a1ad0de7ce94552b14d96000ad39b932e3a2ad3f233e5e5		work/loss-depth/pokejev-components/stage-b/replays-abyssal-mix-v1-control/pokejevaby56 - battle-gen9ouclock-1050.html
I	15017	9b39c906774bb1b61956a1c87e265b4ca95cded49b6a6e0e42e15a99d391e9ae		work/loss-depth/pokejev-components/stage-b/replays-abyssal-mix-v1-control/pokejevaby56 - battle-gen9ouclock-1057.html
I	14714	afda47ce72f231f500a6fca55494d90cb8a66ee8354cf270a8ede8d9e550759a		work/loss-depth/pokejev-components/stage-b/replays-abyssal-mix-v1-control/pokejevaby56 - battle-gen9ouclock-1064.html
I	15584	a9fe2a4dc0b15fabafbfcbc2d6f530d74846563237a63ea0a741fd63de8d6332		work/loss-depth/pokejev-components/stage-b/replays-abyssal-mix-v1-control/pokejevaby56 - battle-gen9ouclock-1072.html
I	16031	9d314f1dbe688da1507f8b614f5c13339340d2c7481d2d4c82a46cbbec3b8bb1		work/loss-depth/pokejev-components/stage-b/replays-abyssal-mix-v1-control/pokejevaby56 - battle-gen9ouclock-1079.html
I	16928	f8e06f7c55b394a6d494a8707c7cfed15b79824739d8fa0e564d98cce6a423e1		work/loss-depth/pokejev-components/stage-b/replays-abyssal-mix-v1-control/pokejevaby56 - battle-gen9ouclock-1086.html
I	16964	884e79feb0a225a7c1cac2bbef9f97951a03bac786250818325e301d7cc1ddc1		work/loss-depth/pokejev-components/stage-b/replays-abyssal-mix-v1-control/pokejevaby56 - battle-gen9ouclock-1094.html
I	19328	59fcb01d82759fab3493388ce01bd7d46d4b63c2d1208e14d0d70e86e041239c		work/loss-depth/pokejev-components/stage-b/replays-abyssal-mix-v1-control/pokejevaby56 - battle-gen9ouclock-1103.html
I	14449	e6affc1f303adbd38ea8a82207716971b42ad1ac4231dac758424db542e68a50		work/loss-depth/pokejev-components/stage-b/replays-abyssal-mix-v1-control/pokejevaby56 - battle-gen9ouclock-1112.html
I	12908	4fcae5c88c38cfe14dcaef7679f7308131ff8ec624c67d5bdfeb41cca5c3981f		work/loss-depth/pokejev-components/stage-b/replays-abyssal-mix-v1-control/pokejevaby56 - battle-gen9ouclock-1121.html
I	16174	d8aadd2cb5e8e08d34aa9bafd833c197e7254d5bd8a76aa985094432f816e875		work/loss-depth/pokejev-components/stage-b/replays-abyssal-mix-v1-control/pokejevaby56 - battle-gen9ouclock-1126.html
I	14923	4010acece80635ada65b7b82ac7f42f14d87685d38f8ded1928d5d78bd3823bc		work/loss-depth/pokejev-components/stage-b/replays-abyssal-mix-v1-control/pokejevaby56 - battle-gen9ouclock-1131.html
I	16247	74f2fa5e11e3c2674458d019ee26999773e0a2a14b4367eaac6ee226be1869d9		work/loss-depth/pokejev-components/stage-b/replays-abyssal-mix-v1-control/pokejevaby56 - battle-gen9ouclock-941.html
I	14620	ebbc877fd5ddd84df38947b0da06d534e0bbea448bc62b4826886336db636d70		work/loss-depth/pokejev-components/stage-b/replays-abyssal-mix-v1-control/pokejevaby56 - battle-gen9ouclock-947.html
I	21657	25b63128d44f95edca469842a3f424d0f0bdd7f3009d5307b695d038ecb7e797		work/loss-depth/pokejev-components/stage-b/replays-abyssal-mix-v1-control/pokejevaby56 - battle-gen9ouclock-955.html
I	27619	b76edc5f055bd72365f880ffea5096bde57722c24056cd0bb91005b8b7d9ae0d		work/loss-depth/pokejev-components/stage-b/replays-abyssal-mix-v1-control/pokejevaby56 - battle-gen9ouclock-964.html
I	12870	dbe59730f01e4394736efed06e1610b079c477c5e86c85e4581958b2dcdb7b59		work/loss-depth/pokejev-components/stage-b/replays-abyssal-mix-v1-control/pokejevaby56 - battle-gen9ouclock-974.html
I	16795	6d9810eb2603b08a9ff0e38c49fdb79632c2e0b42d2b7f5b3b886ddccadf47d2		work/loss-depth/pokejev-components/stage-b/replays-abyssal-mix-v1-control/pokejevaby56 - battle-gen9ouclock-982.html
I	20598	ecc9af8b8809f896b7a8a000735a765583656895c26be1aad923995de7f62aa9		work/loss-depth/pokejev-components/stage-b/replays-abyssal-mix-v1-control/pokejevaby56 - battle-gen9ouclock-990.html
I	18228	ac2bca5e0e7743702957b9eb0af22e2456e5c9953bb4a244a5d29449bcd6d71f		work/loss-depth/pokejev-components/stage-b/replays-abyssal-mix-v1-control/pokejevaby56 - battle-gen9ouclock-997.html
I	15556	21dd778036f3f2b8d76737c2ad844490593484cf8060369c3453a37caf2c6f9d		work/loss-depth/pokejev-components/stage-b/replays-abyssal-mix-v1-control/pokejevaby57 - battle-gen9ouclock-1004.html
I	15116	132e53e20da129a444487c327609ba84522de23e7e0d0a19a323f5613bf1766b		work/loss-depth/pokejev-components/stage-b/replays-abyssal-mix-v1-control/pokejevaby57 - battle-gen9ouclock-1012.html
I	15146	be6b65d0be156b08047361188b0e83ce2dc3a16c2cb1916e1bdda25045ecb8c4		work/loss-depth/pokejev-components/stage-b/replays-abyssal-mix-v1-control/pokejevaby57 - battle-gen9ouclock-1020.html
I	19121	8a74176de94a3ae549e65b777f3075d78a488dc139eeaf82487892702fc296e7		work/loss-depth/pokejev-components/stage-b/replays-abyssal-mix-v1-control/pokejevaby57 - battle-gen9ouclock-1028.html
I	19636	fc99f9e7f3e4e1ed673a9a1feb6a1163a2357e1094ddd0fb86de5cf464870267		work/loss-depth/pokejev-components/stage-b/replays-abyssal-mix-v1-control/pokejevaby57 - battle-gen9ouclock-1037.html
I	13887	f3afb0baa00a2d3efb2ac623641d8b0d28f17b5a4132faebfcdbd1f056daef16		work/loss-depth/pokejev-components/stage-b/replays-abyssal-mix-v1-control/pokejevaby57 - battle-gen9ouclock-1048.html
I	15912	a2161bde22e8ab01f32839dae597516606ef08007dcc94f10a84452fb829bc4c		work/loss-depth/pokejev-components/stage-b/replays-abyssal-mix-v1-control/pokejevaby57 - battle-gen9ouclock-1054.html
I	17809	cf0921c97ce625115f3e4a188c9cfaab35ef0ca1ea48f6fec35afc1c8baf0dfe		work/loss-depth/pokejev-components/stage-b/replays-abyssal-mix-v1-control/pokejevaby57 - battle-gen9ouclock-1061.html
I	15524	bac2934a6690773ff714d8adeaa62c4de99312f9ed9ed8f78c6da3c98213a90a		work/loss-depth/pokejev-components/stage-b/replays-abyssal-mix-v1-control/pokejevaby57 - battle-gen9ouclock-1071.html
I	13987	0d607adea236c0372b21fe0cdf59a8989d2c31ffcbdb2b5063d2e65f0979ac16		work/loss-depth/pokejev-components/stage-b/replays-abyssal-mix-v1-control/pokejevaby57 - battle-gen9ouclock-1078.html
I	18576	1f63320a5d22f6349c17f9405d396ef909a150524e1b36b697d61a85ef90c604		work/loss-depth/pokejev-components/stage-b/replays-abyssal-mix-v1-control/pokejevaby57 - battle-gen9ouclock-1084.html
I	14639	014f214e020fd64c0a40e231569eeee1645bb7e5852ba16da702b0cd7bcc6049		work/loss-depth/pokejev-components/stage-b/replays-abyssal-mix-v1-control/pokejevaby57 - battle-gen9ouclock-1092.html
I	13045	317a41e4d7bdc30675f2ffa64d08643020fc1a277b1cf58d8b9e935729269993		work/loss-depth/pokejev-components/stage-b/replays-abyssal-mix-v1-control/pokejevaby57 - battle-gen9ouclock-1098.html
I	18093	d518d8e436c735c3f0bcfaad116cf9855ecae03fcffa79bbc7e68c6be621e829		work/loss-depth/pokejev-components/stage-b/replays-abyssal-mix-v1-control/pokejevaby57 - battle-gen9ouclock-1105.html
I	11480	e0a204e33231ae7de9ed232fa6f897d6bb4999421e9022b1ed5f37f404cd8efb		work/loss-depth/pokejev-components/stage-b/replays-abyssal-mix-v1-control/pokejevaby57 - battle-gen9ouclock-1114.html
I	15717	3dd8b1b0e4c25510e1a8523a18be38c069b024b9999469ba7050085474b5118e		work/loss-depth/pokejev-components/stage-b/replays-abyssal-mix-v1-control/pokejevaby57 - battle-gen9ouclock-1119.html
I	14979	b52a3debf004b0c57f7b956943facb474f3d5c2796f3d04064a86b7f98bc532c		work/loss-depth/pokejev-components/stage-b/replays-abyssal-mix-v1-control/pokejevaby57 - battle-gen9ouclock-1127.html
I	13744	7dbc0cd27114f11a4cafd468d07c9623244ba65052bdf85f68978cfc348d0da9		work/loss-depth/pokejev-components/stage-b/replays-abyssal-mix-v1-control/pokejevaby57 - battle-gen9ouclock-1132.html
I	17475	3b017f82c8d52acb54bb09b95e6a10f1c970ebb6995c242ccce98f2996fef63d		work/loss-depth/pokejev-components/stage-b/replays-abyssal-mix-v1-control/pokejevaby57 - battle-gen9ouclock-942.html
I	12879	07c1daa2ca902a0e03f7469d310aed61877a34e80354cc4ecba65e627ac8dc0d		work/loss-depth/pokejev-components/stage-b/replays-abyssal-mix-v1-control/pokejevaby57 - battle-gen9ouclock-950.html
I	38678	898ce16dfdae337e206d792d3c37b19587d435bce1d2b23df01465a39cf1d806		work/loss-depth/pokejev-components/stage-b/replays-abyssal-mix-v1-control/pokejevaby57 - battle-gen9ouclock-953.html
I	20794	bece3bd7d0657b45b41d5ce9b24e964d76f76de168b7004b1f648a682ca6344c		work/loss-depth/pokejev-components/stage-b/replays-abyssal-mix-v1-control/pokejevaby57 - battle-gen9ouclock-970.html
I	16150	9449659c03aba31e02810e4a930b9ad4ab399347c84d44a3a453cd537d727ae9		work/loss-depth/pokejev-components/stage-b/replays-abyssal-mix-v1-control/pokejevaby57 - battle-gen9ouclock-980.html
I	15468	ed75ac96f136cce0f21b3a5ae3d1b9388b2491ee6864e0674fbae4423eb4c2bf		work/loss-depth/pokejev-components/stage-b/replays-abyssal-mix-v1-control/pokejevaby57 - battle-gen9ouclock-989.html
I	16030	f2b6c0622dacd24eb31c6d325a18a931445f9cde2a8c14b1997b853068caa2e3		work/loss-depth/pokejev-components/stage-b/replays-abyssal-mix-v1-control/pokejevaby57 - battle-gen9ouclock-996.html
I	145593	ee17dc16ca0da6ded787379e2ce108a4924665186e0a24287354bd2919a6bb2d		work/loss-depth/pokejev-components/stage-b/results-abyssal-mix-v1-control.jsonl
A	20368	a7aab0512b1c8ddc130a379a3c0673ba8d3462b163686b540a941ab822a9d207	work/miniwob-jev/rows/miniwob-jev-v3-contaminated-smoke-date-time-exact-rerun.s0.jsonl	work/miniwob-jev/rows/miniwob-jev-v3-dev-date-time-exact-rerun.s0.jsonl
A	20356	a1c37b8dca65fcc890333a6304734d5ec7e216a233eb8f69811c45e583f0e2c2	work/miniwob-jev/rows/miniwob-jev-v3-contaminated-smoke-date-time-exact-rerun2.s0.jsonl	work/miniwob-jev/rows/miniwob-jev-v3-dev-date-time-exact-rerun2.s0.jsonl
A	38398	866ff06b0a8ea02fdc0e193092db5b7a0927ddc4bf0b66150ff79713b23e8be7	work/miniwob-jev/rows/miniwob-jev-v3-contaminated-smoke-date-time-exact-rerun3.s0.jsonl	work/miniwob-jev/rows/miniwob-jev-v3-dev-date-time-exact-rerun3.s0.jsonl
A	37866	010010e28530f7ad1ef8d9d5f7f52e81fda30c2c07b45811ee35360a0cca572f	work/miniwob-jev/rows/miniwob-jev-v3-contaminated-smoke-date-time-isolated-correct.s0.jsonl	work/miniwob-jev/rows/miniwob-jev-v3-dev-date-time-isolated-correct.s0.jsonl
A	38054	75252a036ba12ba00c7106c642177a8c35267ad8859d13f81923d75c7c3d1119	work/miniwob-jev/rows/miniwob-jev-v3-contaminated-smoke-date-time-isolated-rerun.s0.jsonl	work/miniwob-jev/rows/miniwob-jev-v3-dev-date-time-isolated-rerun.s0.jsonl
A	37854	91829912a442719cad207cd88b309e5747c4e91018c256b40a68f236b6eccee1	work/miniwob-jev/rows/miniwob-jev-v3-contaminated-smoke-date-time-isolated-rerun2.s0.jsonl	work/miniwob-jev/rows/miniwob-jev-v3-dev-date-time-isolated-rerun2.s0.jsonl
A	18786	52c480fbacd6fe8b9ff60bc81d4739cc4bc3e01fa3c25c2bd2e860c3d4a2d66e	work/miniwob-jev/rows/miniwob-jev-v3-contaminated-smoke-page-text.s0.jsonl	work/miniwob-jev/rows/miniwob-jev-v3-dev-page-text.s0.jsonl
A	38716	308d27b22a26fc137c9cc9b8ddd54fa4d9f15e30112934ea470d1f40fb8bb4d3	work/miniwob-jev/rows/miniwob-jev-v3-contaminated-smoke-quoted-exact.s0.jsonl	work/miniwob-jev/rows/miniwob-jev-v3-dev-quoted-exact.s0.jsonl
A	62764	6364efa68824e1234ad6453a1e6b8ab7b3f4b0c8c53b7917d74445b1b97e8fab	work/miniwob-jev/rows/miniwob-jev-v3-contaminated-smoke-quoted-isolated-correct.s0.jsonl	work/miniwob-jev/rows/miniwob-jev-v3-dev-quoted-isolated-correct.s0.jsonl
A	62923	d926bab67fc9a55db0616f89c9a4e84da593abc0c0643667472fa23dd19ad04e	work/miniwob-jev/rows/miniwob-jev-v3-contaminated-smoke-quoted-isolated-rerun.s0.jsonl	work/miniwob-jev/rows/miniwob-jev-v3-dev-quoted-isolated-rerun.s0.jsonl
A	4753	37f705b610d2217144001938ae5559514143cb93b96420a6e829520e5e79f652	work/miniwob-jev/rows/miniwob-jev-v3-contaminated-smoke-quoted.s0.jsonl	work/miniwob-jev/rows/miniwob-jev-v3-dev-quoted.s0.jsonl
S	3237	cd6fa8e15b233bded68b9415816960c62d0e4a2273065109805306b3b1cf857a		work/nev-injection/classify-direct.mjs
S	6653	e58e91c35566b32c47425ec99da06a9dc551757e2e72809b1bf792f63d8860a5		work/nev-injection/classify-rows.jsonl
S	3957199	c2490a650fb9498faddeff26cddfab765584ab62ff05fac89d82937fa0f3e407		work/nev-injection/l3-frames-D1-hostile.jsonl
S	3492749	b7fab8237eb84680be520b4573a0c17bede9cc66825d349f3c7b90cb5a08d0d3		work/nev-injection/l3-frames-D1b-hostile.jsonl
B	1621258	6fe62282c6a693a4fa185d808f1eff42139b522f47f58a87ffcda48550fe40fe		work/nev-injection/l3-frames-D1c-hostile.jsonl
B	704309	199c699c69db873245c8a9fda521b44803bdf548a8ad5a9b4833f36b32ba152a		work/nev-injection/l3-frames-D2-benign.jsonl
B	3160671	63f2907c51dc0479589996c3e1f74fcae8aae6854b8214b09b95929f92ca80d3		work/nev-injection/l3-frames-D3-keyless.jsonl
S	1330447	feac44d19be363f8ea7597292b2dfc6a56c6cd8a62083861f1b18266b3bf84c0		work/nev-injection/l3-frames-D3b-keyless.jsonl
S	3090977	61499b4408db661a21b7baa88d423c7137637aa3edeb1b910ec00f4b94940092		work/nev-injection/l3-frames-D3c-keyless.jsonl
S	5728	1ac97793d02ce28f219edd433ec5bf39368eaa5563cebdeb266c599cab47228d		work/nev-routing/extract-tool-select.py
B	4591	9ed3effe09c197a6a8c7e718e29833f8d81141562cd200210488bb5e501b4651		work/nev-routing/lexical_baseline.py
S	3362	d99cc4335736bfab7ae8ab2dae2102f440fa805666f7bc0bdcc47f4be23a8564		work/nev-routing/pairs.jsonl
S	1485	7088237d4125d1653ee256fd3421a7d0f7bb79763c466674aa582e75b5e47a58		work/nev-routing/regime-receipt.json
B	2061082	fa254fa0c000fd40c8a6f62347ef646ff81703fb0365a9f80e7b24eef3693bd7		work/nev-routing/tool-select-hashed.jsonl
S	66566029	419287fbd846cd7b6de01730c16048ef1fd8ac6fbef68d542e3fe85b8db7be1b		work/nev-routing/tool-select-labelled.jsonl
S	673137	3d97b77ab335605572b5ed1c2d186e2b26819fd0b18c0bcf4660b21f0c4b30fe		work/nev-routing/tool-select-unlabelled.jsonl
S	819	50046fac5f7c793a4de5cc7a379272ca232bc215599f4eda0ff69ada8c77637a		work/omp-guard-rule/PROVENANCE.md
S	1034	66035ed6229804a23c94d2b8deca1a678650bf5aa6acdb2fcadbf16fcf711782		work/omp-guard-rule/fixtures/session-pinned.jsonl
S	1983	346442cf0f5002926f9e45bc90a81f2823ab0c288386f081249b44e2e1e2d04e		work/omp-guard-rule/golden-output.jsonl
S	1994	f215f6f6dc3ec5e8072e715731e9fcacc475700036284e7975df9abfbc372bf1		work/omp-guard-rule/golden.mjs
B	261205	dd24e7968df2300022423ea2f404b5ecb2d2cf21780f91ab6db6a7dc8d7c7930		work/openrouter-incumbents/rows-banking77-deepseek__deepseek-v4-flash.jsonl
B	253615	d5b6059510b08bbf5dda6e0c165ae92fb736e11e532a5b9f62a55152e99ba239		work/openrouter-incumbents/rows-banking77-openai__gpt-5-nano.jsonl
B	485437	8d5f3115c5ded75bda01b40099f390bac100a2decae2e3bbb141fb486fcaa8c5		work/openrouter-incumbents/rows-clinc150-deepseek__deepseek-v4-flash.jsonl
B	471285	ebd0b5c3cccfb9ef178c9172a6623d9b66931d42bca1c596e8e11c33b0a0c72c		work/openrouter-incumbents/rows-clinc150-openai__gpt-5-nano.jsonl
B	261180	3093e09329315a506e1a52aecfc19b324f4c1e714b34657c0cc2e2721dfb034c		work/openrouter-incumbents/rows-fever-deepseek__deepseek-v4-flash.jsonl
B	253612	cf5763225fc6375e56c3bcf79a3eee5b1a80bf23a122b76bc7d1722bec7c5dfb		work/openrouter-incumbents/rows-fever-openai__gpt-5-nano.jsonl
B	261176	cacb81fabaca05ba832f1f9e3de47a2ba34b86d7124a717bd3eca45b204ecd25		work/openrouter-incumbents/rows-scifact-deepseek__deepseek-v4-flash.jsonl
B	253574	c282a7c6282c670781a4e8b201d4de9582a2be730532c8b4a3315e123938272c		work/openrouter-incumbents/rows-scifact-openai__gpt-5-nano.jsonl
B	325402	e556f606286bebbb27f2567d18b893389d2bda5e3852dd4cc7165291cc558df3		work/openrouter-incumbents/rows-sst5-deepseek__deepseek-v4-flash.jsonl
B	315879	4b1ab8c2b7ccb050df1ecfc8b10aa85fcec5f99c65865a8a64751ae940f62bb2		work/openrouter-incumbents/rows-sst5-openai__gpt-5-nano.jsonl
B	967096	767243c174536e43848f7c7db2c277bc618c6cb53a616bde2e6604f9d4f65df8		work/openrouter-incumbents/rows-stsb-deepseek__deepseek-v4-flash.jsonl
B	938873	6e6c1cd6e7949ce074c5cac45e8dfcafa80565708d525d9b4575f8712fca47ec		work/openrouter-incumbents/rows-stsb-openai__gpt-5-nano.jsonl
B	16123	977462acbf7e9a731ff4d227f1bf97eff66fc1b1cc3d07537fbad2dd79850be0		work/poke-jev/stage-b/replays-abyssal-control/pokejevaby50 - battle-gen9ouclock-502.html
B	14860	d22a6a50d4d06cb118a8a1408cb309840907bc457f65f4bfacd9e91b8c4f2ada		work/poke-jev/stage-b/replays-abyssal-control/pokejevaby50 - battle-gen9ouclock-516.html
B	19112	639254048ae09077939cb017a544152fe5402ebe4bf0e26672894bb5f597019c		work/poke-jev/stage-b/replays-abyssal-control/pokejevaby50 - battle-gen9ouclock-522.html
B	13272	ba0549abec5ba2d3837491dfb1ac8336fb868ae055ff6ecd5281f9069b36b847		work/poke-jev/stage-b/replays-abyssal-control/pokejevaby50 - battle-gen9ouclock-533.html
B	16127	91f6dd1438839b6cf59b680cbabb4af54ad1dc18cd01ecd79aefbf12697e14a3		work/poke-jev/stage-b/replays-abyssal-control/pokejevaby50 - battle-gen9ouclock-541.html
B	12850	fee019ac742a9e067723f2f7cdf3add301babd7f9aed6cd1db59428fb46bdc3a		work/poke-jev/stage-b/replays-abyssal-control/pokejevaby50 - battle-gen9ouclock-549.html
B	15118	5471aca88a050cbf058ad6b319a3952773185054a836b54ad5cc751e3294c88a		work/poke-jev/stage-b/replays-abyssal-control/pokejevaby50 - battle-gen9ouclock-555.html
B	13619	4c88c39b2ea13a1240c1cb7afc6789475361d6a81c4253ac44db894af607752c		work/poke-jev/stage-b/replays-abyssal-control/pokejevaby50 - battle-gen9ouclock-564.html
B	16526	f59961d7c9e87dd185e3a798cd8836230095986e36d19b24463c035f064df528		work/poke-jev/stage-b/replays-abyssal-control/pokejevaby50 - battle-gen9ouclock-570.html
B	15789	7e39feaacae297a7fde2dc6f2625e0ff26abe82338c3a4ac97398bc0b699b25a		work/poke-jev/stage-b/replays-abyssal-control/pokejevaby50 - battle-gen9ouclock-580.html
B	14997	6b933ce7b8a18065dec489f911db19a06a7f20dde20d780de1f618ed99414348		work/poke-jev/stage-b/replays-abyssal-control/pokejevaby50 - battle-gen9ouclock-587.html
B	15431	201136176fefe72d1986c6b024a264414bb42f803171d28b28812b27e7d15868		work/poke-jev/stage-b/replays-abyssal-control/pokejevaby50 - battle-gen9ouclock-593.html
B	14980	401e112ec9086a34052b004aadde0583e47b9b59c42adae407f8f83770ac00db		work/poke-jev/stage-b/replays-abyssal-control/pokejevaby50 - battle-gen9ouclock-601.html
B	16952	5783858f69aee22f68ecbb324dff7bbb67d0d35f5763a9a08eb76b00b225c058		work/poke-jev/stage-b/replays-abyssal-control/pokejevaby50 - battle-gen9ouclock-608.html
B	15419	fb7f03ab42c8074b5f4372b59a75ba6ba7808ae24081370d71361c9b5d6cea6e		work/poke-jev/stage-b/replays-abyssal-control/pokejevaby50 - battle-gen9ouclock-618.html
B	14906	925e3600406d78b7588509878f61ed0f442eb15c8ea2163f6fb7b249d3403526		work/poke-jev/stage-b/replays-abyssal-control/pokejevaby50 - battle-gen9ouclock-628.html
B	14789	64628f6307db21e3a6d51ab608624f35ba8a86ad7b12efaaec199fbca898c848		work/poke-jev/stage-b/replays-abyssal-control/pokejevaby50 - battle-gen9ouclock-634.html
B	16132	f677270d452f85e9733b04acd89dd627699182a8d1748304e748d4fa83e92546		work/poke-jev/stage-b/replays-abyssal-control/pokejevaby50 - battle-gen9ouclock-642.html
B	13101	0b7814022da11fe4c52c3a64f9d36ae29e78b04fd029c2a2716e9185e1587939		work/poke-jev/stage-b/replays-abyssal-control/pokejevaby50 - battle-gen9ouclock-652.html
B	15417	9b6d119eea9c7c64714a6aad841cd040cdb9937a9e8b19fccc5da13152dbddc5		work/poke-jev/stage-b/replays-abyssal-control/pokejevaby50 - battle-gen9ouclock-660.html
B	18374	e5fa0c332d321256922935876a34a58bc6a5e48ec132a36e893b4ae8ade770ec		work/poke-jev/stage-b/replays-abyssal-control/pokejevaby50 - battle-gen9ouclock-666.html
B	16710	2b45337fd1d9fe691721ab088c1329596d2003bd5a0cb8c78ebf5cda18da71f0		work/poke-jev/stage-b/replays-abyssal-control/pokejevaby50 - battle-gen9ouclock-675.html
B	14822	49c90dbc37f448bf99fee95dc7cddbbd29949754e3f23bf11ec51cdd8f4f9f1f		work/poke-jev/stage-b/replays-abyssal-control/pokejevaby50 - battle-gen9ouclock-684.html
B	18533	ec9cd502b637de7833303a3ba2974326d29ee84e9a08b689541598a1adcccea7		work/poke-jev/stage-b/replays-abyssal-control/pokejevaby50 - battle-gen9ouclock-692.html
B	17079	5233e765c21cc50b2456918de832d37cbf4903101cfc210faea3706856aebe8e		work/poke-jev/stage-b/replays-abyssal-control/pokejevaby50 - battle-gen9ouclock-703.html
B	13864	150572a790a0b9898678a9bf5e2667741618d48f005c3b5f1a867c7b862716ae		work/poke-jev/stage-b/replays-abyssal-control/pokejevaby51 - battle-gen9ouclock-505.html
B	14750	1f283142d5483787d6e46518e95a610419cd0b8feadf4cb787871f9f2e5517d8		work/poke-jev/stage-b/replays-abyssal-control/pokejevaby51 - battle-gen9ouclock-512.html
B	14554	513ccf1971dfab0dc80a330ce8b5ff9241883185d50e4ba1d262c0a5a721a2a0		work/poke-jev/stage-b/replays-abyssal-control/pokejevaby51 - battle-gen9ouclock-520.html
B	14288	b01fab4ef4470cc308be091c86962b367f799a564a4049dfac1df2e6291ef66e		work/poke-jev/stage-b/replays-abyssal-control/pokejevaby51 - battle-gen9ouclock-529.html
B	14653	5ce79c423453442b37718fe49ba3d14a8ef6f6a14d4e619b369710c21753192f		work/poke-jev/stage-b/replays-abyssal-control/pokejevaby51 - battle-gen9ouclock-536.html
B	14762	67751be9cf89974bb1566823f76cbff88fbeead26b0ec0a891d25df1c602705d		work/poke-jev/stage-b/replays-abyssal-control/pokejevaby51 - battle-gen9ouclock-543.html
B	16131	e2a29ac98f2e26bcadd1eb00b0a802c884da998c7cec0dd0d9bb8bf92282fc2c		work/poke-jev/stage-b/replays-abyssal-control/pokejevaby51 - battle-gen9ouclock-551.html
B	13408	adb18d81b887cedab117b2f73d90a49fa4fbcde260cee5627c35b2618548a2df		work/poke-jev/stage-b/replays-abyssal-control/pokejevaby51 - battle-gen9ouclock-560.html
B	15879	f52123a11eebd5cef1a4a57586d3c7a08b25cbed92ce6992cd1a43b760d78135		work/poke-jev/stage-b/replays-abyssal-control/pokejevaby51 - battle-gen9ouclock-567.html
B	14409	04923ba4e7604969d0bbfa942d31ba7b2c241d819f2c26f1178ebc9daa9abc9c		work/poke-jev/stage-b/replays-abyssal-control/pokejevaby51 - battle-gen9ouclock-575.html
B	15733	bf48bc805c5052dd35d718c766f7f1710a50b09927e19dccc07883459c8be33a		work/poke-jev/stage-b/replays-abyssal-control/pokejevaby51 - battle-gen9ouclock-583.html
B	13820	494d89caed8b40297e63cb4f86abb247fd185c24af33695959ee3a19170cf822		work/poke-jev/stage-b/replays-abyssal-control/pokejevaby51 - battle-gen9ouclock-591.html
B	15598	7904c653d38ef67aaf087a64b9456a9264087012b91cf7ae45d1404c9d777693		work/poke-jev/stage-b/replays-abyssal-control/pokejevaby51 - battle-gen9ouclock-598.html
B	16070	44b7626cf83d3329e10d96864c4295ac0bf8fad82ee9e1467a251f75d49665e2		work/poke-jev/stage-b/replays-abyssal-control/pokejevaby51 - battle-gen9ouclock-604.html
B	15172	7cea8f746f0be09607b7852ecb7a5c7d7e3f53fed2ea9fdda30947b3b858e1d1		work/poke-jev/stage-b/replays-abyssal-control/pokejevaby51 - battle-gen9ouclock-611.html
B	19154	aef5bac3d4d75e52f73036d4abe7f9f2c4cd55dd5b21fc6db4f3ae1e20a0c081		work/poke-jev/stage-b/replays-abyssal-control/pokejevaby51 - battle-gen9ouclock-620.html
B	14731	9cdc360f94d86980caa314296d40d1ee4779aed8a7f0c50441585ec794bfbcb7		work/poke-jev/stage-b/replays-abyssal-control/pokejevaby51 - battle-gen9ouclock-630.html
B	15664	b26dda660341e7f7255dfeb41ec92654abaa1dbf399d61d2e545dac1d35ea438		work/poke-jev/stage-b/replays-abyssal-control/pokejevaby51 - battle-gen9ouclock-637.html
B	14774	2c47b0daaff49b865638ccf65ded4411abfac1a4e031692f35f59bf01872de9e		work/poke-jev/stage-b/replays-abyssal-control/pokejevaby51 - battle-gen9ouclock-645.html
B	17807	3a1048209d2d911454ce4ef9b3b15f05e6edb144af1e09a8dc3950b4dce67625		work/poke-jev/stage-b/replays-abyssal-control/pokejevaby51 - battle-gen9ouclock-653.html
B	35123	3114e6b0b994ee72e7ee0e927db197021059050ebca9b44210d3d946cf80f268		work/poke-jev/stage-b/replays-abyssal-control/pokejevaby51 - battle-gen9ouclock-662.html
B	16817	da4bacc97cb374da619e6f1f4bb91e36abac86730592e9dbafcf53ac6efe260e		work/poke-jev/stage-b/replays-abyssal-control/pokejevaby51 - battle-gen9ouclock-678.html
B	13352	878f2d2c1511d2e9f2df9e1abd3d03912b6ad800c9f2446fd2f8eeb07d6fa187		work/poke-jev/stage-b/replays-abyssal-control/pokejevaby51 - battle-gen9ouclock-690.html
B	29865	24864df96013be6af38c7c4ee84e135e0c4fb39e82e9562e0b41cd41a6216644		work/poke-jev/stage-b/replays-abyssal-control/pokejevaby51 - battle-gen9ouclock-696.html
B	13908	51b08e8c175fbe4ada0d043f89ed53f7b946e46b12559435386e51e250712973		work/poke-jev/stage-b/replays-abyssal-control/pokejevaby51 - battle-gen9ouclock-709.html
B	15008	7fb76168c93e27d6a2af1a35ffad4d4b18517c7dfdb906abb75c3db7bdbefee3		work/poke-jev/stage-b/replays-abyssal-control/pokejevaby52 - battle-gen9ouclock-503.html
B	13865	ffbdd4fa1aad3a69396430ed51a5b6e036d1b49e6412a7bf9189cb5da450f21d		work/poke-jev/stage-b/replays-abyssal-control/pokejevaby52 - battle-gen9ouclock-518.html
B	14464	18a7a26588039b2e7650b1da127b51811dc56eed5e2111b9026eea254d5ddfa7		work/poke-jev/stage-b/replays-abyssal-control/pokejevaby52 - battle-gen9ouclock-523.html
B	18233	38145646ea4754bab58f32774cf0c1ca6add9a6c26e8a82dea471428f71b44f6		work/poke-jev/stage-b/replays-abyssal-control/pokejevaby52 - battle-gen9ouclock-530.html
B	15947	7cc63581c7f60091921a51b4518a50e24b3a9e8eb1087c369338f302be746ccc		work/poke-jev/stage-b/replays-abyssal-control/pokejevaby52 - battle-gen9ouclock-540.html
B	16242	efb548e109c6c385b2793901f3dabbbca5138296d89d33d399bdbaaf00005f4c		work/poke-jev/stage-b/replays-abyssal-control/pokejevaby52 - battle-gen9ouclock-548.html
B	14838	7d03f7fa04cb663cb6cbeb817da16fd8ed2268b15472e0d056a5c3379484ee27		work/poke-jev/stage-b/replays-abyssal-control/pokejevaby52 - battle-gen9ouclock-556.html
B	16623	f39c23f4347ec9f97a6e18103cbf3c4947868426447f7353137ceb9e2955081e		work/poke-jev/stage-b/replays-abyssal-control/pokejevaby52 - battle-gen9ouclock-566.html
B	16221	f717e1c5fcec56d972c48221de15dec8e580300454f7936e1575f0778ffc886e		work/poke-jev/stage-b/replays-abyssal-control/pokejevaby52 - battle-gen9ouclock-574.html
B	15069	6b07a27574fd5003b17a743cc9b2bff6648a9df53050c2303a4c7b56bbba8c3c		work/poke-jev/stage-b/replays-abyssal-control/pokejevaby52 - battle-gen9ouclock-582.html
B	16572	3ef54bbaa418787e5cbe889cdda009007bec4b71ec91d1555bebd3585bf2afdd		work/poke-jev/stage-b/replays-abyssal-control/pokejevaby52 - battle-gen9ouclock-590.html
B	20105	a2df1b4c1cd9d3f1a09a72a72d82b968a8be1560683aa1d62fa1d982f7f09d79		work/poke-jev/stage-b/replays-abyssal-control/pokejevaby52 - battle-gen9ouclock-600.html
B	18072	caa6abf2c68d5a66a6f6981559709978feeeaaa47a153672293ff3d4c01b5652		work/poke-jev/stage-b/replays-abyssal-control/pokejevaby52 - battle-gen9ouclock-607.html
B	17568	1e8584e003f9fe08c9e8304ecafec29ac9894a97d54d67d381ee26e2ee6f958b		work/poke-jev/stage-b/replays-abyssal-control/pokejevaby52 - battle-gen9ouclock-617.html
B	13606	128d42f27e7b70df767e1cd67d1b523193be11fdbac1100d3c12d1eb0c8dc343		work/poke-jev/stage-b/replays-abyssal-control/pokejevaby52 - battle-gen9ouclock-624.html
B	15543	be23d7a6bb914f8f0f9d8c35660adf5746bbfc2ae575ad1f11a3f38cec239424		work/poke-jev/stage-b/replays-abyssal-control/pokejevaby52 - battle-gen9ouclock-633.html
B	14824	f6ae8048d2608d72178852c0429aaef770a3fa68bf4054ece266a113c8e0a949		work/poke-jev/stage-b/replays-abyssal-control/pokejevaby52 - battle-gen9ouclock-641.html
B	14754	1ab5035733e14bd15c4b7ec77cc05fd8c76da0035ded9a4db4f93c783a82fdf3		work/poke-jev/stage-b/replays-abyssal-control/pokejevaby52 - battle-gen9ouclock-649.html
B	16136	dd4feeadff130c56b3c17ca5ee2acdb3f9a57a0fa82f4ee0e3168d1041fbbd58		work/poke-jev/stage-b/replays-abyssal-control/pokejevaby52 - battle-gen9ouclock-656.html
B	15100	c8e53438d336186b1d891f480269b76637e9e85b6a8dc291daa9c72255d3a9e1		work/poke-jev/stage-b/replays-abyssal-control/pokejevaby52 - battle-gen9ouclock-665.html
B	16645	4cb30f6684c1a82b089266d00dca41fee4f68982727e47c7d082347c633a4b7f		work/poke-jev/stage-b/replays-abyssal-control/pokejevaby52 - battle-gen9ouclock-672.html
B	16743	76d0d5e47c6930f16a26989403c42ec6ec185b412f59b46576b2e88082ffe940		work/poke-jev/stage-b/replays-abyssal-control/pokejevaby52 - battle-gen9ouclock-682.html
B	17171	5ffdd8fbd56faff440268cfbb4e6be130c3677d0144b7ba586cd76e1bd850b56		work/poke-jev/stage-b/replays-abyssal-control/pokejevaby52 - battle-gen9ouclock-691.html
B	17328	415009e6819dd390bca1238f417cfff6784e5532e7066a2f83de904ce10592b3		work/poke-jev/stage-b/replays-abyssal-control/pokejevaby52 - battle-gen9ouclock-701.html
B	14767	852ffa5f63247b30e66ef2ff0cf88dd2a6e188094e91d91a71905458de796afd		work/poke-jev/stage-b/replays-abyssal-control/pokejevaby52 - battle-gen9ouclock-711.html
B	14496	0ee4c2dd7f7598897642707af5ad5e2d98f8a98d34af6a1a356e8e63143f7ae2		work/poke-jev/stage-b/replays-abyssal-control/pokejevaby53 - battle-gen9ouclock-506.html
B	14646	5a4f685d97a9ee1adce274685c26130fc81a02c3590600df3fdef8c0ca6dd4b1		work/poke-jev/stage-b/replays-abyssal-control/pokejevaby53 - battle-gen9ouclock-513.html
B	12284	9b720742e786d96b32b737ed4b2aa736d8d17343ba56917cbc997b0c5230a841		work/poke-jev/stage-b/replays-abyssal-control/pokejevaby53 - battle-gen9ouclock-521.html
B	18370	e770ebfc2865661fd6bfbd6e035ea9ab4fee69b23e58fe631a98c3701c1a9e9f		work/poke-jev/stage-b/replays-abyssal-control/pokejevaby53 - battle-gen9ouclock-528.html
B	15756	1a51f239d94b95f4da947e97fc2eb4689331aecee259bbb756e9da8729f40101		work/poke-jev/stage-b/replays-abyssal-control/pokejevaby53 - battle-gen9ouclock-537.html
B	15161	a8e4dd9d78aba9f0c2ad2d47767ce9e0a9a541b7fa51083217183b13b9304895		work/poke-jev/stage-b/replays-abyssal-control/pokejevaby53 - battle-gen9ouclock-546.html
B	14945	ed79ec7fc585a1b526de78c1aee79eab18e829b4021945a5f148bf225e3497d8		work/poke-jev/stage-b/replays-abyssal-control/pokejevaby53 - battle-gen9ouclock-553.html
B	15977	589e360033e7691510e9e567e21936b2d536b08157d569eb402988bb25f34781		work/poke-jev/stage-b/replays-abyssal-control/pokejevaby53 - battle-gen9ouclock-563.html
B	12853	aef11ac4d0cd5a0c3e7d90c7a96764c8d7cfbd5214119397be177d0f54d97f39		work/poke-jev/stage-b/replays-abyssal-control/pokejevaby53 - battle-gen9ouclock-572.html
B	15552	213c01835dbd13070a134741959d2804a61bf2004c41d949ec97c40793514c69		work/poke-jev/stage-b/replays-abyssal-control/pokejevaby53 - battle-gen9ouclock-578.html
B	15738	8510065ed598e223f3583d2a30ae309d4ed2dc04ad71cee5182edf0d2d68b4ce		work/poke-jev/stage-b/replays-abyssal-control/pokejevaby53 - battle-gen9ouclock-586.html
B	36244	4a00801ce1eb91b50edae2e4d35f08b49a7115baca85b1c547b9b944891422dc		work/poke-jev/stage-b/replays-abyssal-control/pokejevaby53 - battle-gen9ouclock-592.html
B	13078	1a000719c570ac15cd12471d1d528e8b07e7d18e338e34cd35ecb3f216419482		work/poke-jev/stage-b/replays-abyssal-control/pokejevaby53 - battle-gen9ouclock-609.html
B	20404	0180681c26a304d798ff5fb2e031091e9a03454c856f1093801b14818f61c90f		work/poke-jev/stage-b/replays-abyssal-control/pokejevaby53 - battle-gen9ouclock-615.html
B	19740	eea104e33f5053c3be528700353ea891bee12a2a6160497efde297cb42c2c698		work/poke-jev/stage-b/replays-abyssal-control/pokejevaby53 - battle-gen9ouclock-625.html
B	15875	fd0ea1e9b362887cf426498718bd3ecda9594e2b16f380a70165549c29329cc6		work/poke-jev/stage-b/replays-abyssal-control/pokejevaby53 - battle-gen9ouclock-638.html
B	16368	6f16534c7f41e02b31caa23fa4b2ad0cbffd489e56d566d8e09d8e1a6a0c78dd		work/poke-jev/stage-b/replays-abyssal-control/pokejevaby53 - battle-gen9ouclock-646.html
B	15444	f55cca01c11391c6a334001b66af19b7987ea899d94c91dc7a7ff6963305b2d9		work/poke-jev/stage-b/replays-abyssal-control/pokejevaby53 - battle-gen9ouclock-655.html
B	14152	64727a3ca68c17792cda65dc0503d423fded5ad0729cf10c01a81b4140091561		work/poke-jev/stage-b/replays-abyssal-control/pokejevaby53 - battle-gen9ouclock-663.html
B	14201	ba4b3fc1e606c4c8508214f8176644f5cd63454b9bc152776e535609b18264b9		work/poke-jev/stage-b/replays-abyssal-control/pokejevaby53 - battle-gen9ouclock-671.html
B	13065	3cf3b206042067064097007f1277ca38b22e4831b7d52303d52716bd3fa05a5f		work/poke-jev/stage-b/replays-abyssal-control/pokejevaby53 - battle-gen9ouclock-679.html
B	14937	18041363019c76a66e705bb813612063bc1a5bea7715c8467a413a159bcf63b2		work/poke-jev/stage-b/replays-abyssal-control/pokejevaby53 - battle-gen9ouclock-687.html
B	15386	88675ba226bda7ed309c9c478ad617b9fcc1ce2e5eb10afa351e543dc3c75942		work/poke-jev/stage-b/replays-abyssal-control/pokejevaby53 - battle-gen9ouclock-695.html
B	16685	a98560122acebc80eae03bd0910b9246677dd929860178379af78c5a539fa78a		work/poke-jev/stage-b/replays-abyssal-control/pokejevaby53 - battle-gen9ouclock-704.html
B	14876	5af788cc17dbc7cbafe4bd13a5ad4c07c275d3939f5eb5435410c6e045d798e4		work/poke-jev/stage-b/replays-abyssal-control/pokejevaby53 - battle-gen9ouclock-713.html
B	14850	4807674f0aff198567b568b9fcdcebead6fdc10ff03f25c11f314917737aedb4		work/poke-jev/stage-b/replays-abyssal-control/pokejevaby54 - battle-gen9ouclock-501.html
B	15716	1240af580d94dfc208abeeea64ff5e0e9acd9e96f5c86d136448cff5ae049aa7		work/poke-jev/stage-b/replays-abyssal-control/pokejevaby54 - battle-gen9ouclock-514.html
B	15297	756c681bc637485ee13e5602e7d18f69519f4575cc8ab7c714dc8a8e11a6f285		work/poke-jev/stage-b/replays-abyssal-control/pokejevaby54 - battle-gen9ouclock-524.html
B	15062	e37a623a13527dca08e507f1a85527c7552baa48dbabbb62deaaf5bf1a66e9ea		work/poke-jev/stage-b/replays-abyssal-control/pokejevaby54 - battle-gen9ouclock-531.html
B	44289	7da0b9dde97da8b6a4fbad465a312df9aac1ed302ebd97b10987be2735835d69		work/poke-jev/stage-b/replays-abyssal-control/pokejevaby54 - battle-gen9ouclock-538.html
B	21709	d9c967f756d99e1bb61cf197589076b884547447530d907bebad0704846592f4		work/poke-jev/stage-b/replays-abyssal-control/pokejevaby54 - battle-gen9ouclock-559.html
B	12555	814fcb42d49fb7384af1bfe1e47403888ee7f874ac7ebccf8e69a00c8d70895c		work/poke-jev/stage-b/replays-abyssal-control/pokejevaby54 - battle-gen9ouclock-571.html
B	25475	ed409463925f5ab982a41d6ba5b36e3d4b69a826731724010fe8d6ddc9c05640		work/poke-jev/stage-b/replays-abyssal-control/pokejevaby54 - battle-gen9ouclock-576.html
B	12909	793f0393f11aa222bcb6667044a5f9176a2f8d3ba26211c1cf6a8f7a9f26b66d		work/poke-jev/stage-b/replays-abyssal-control/pokejevaby54 - battle-gen9ouclock-588.html
B	25818	9d9243f01b22aed1c5f98940161565f655e4f82bcc08a8340e7eefbc2872b836		work/poke-jev/stage-b/replays-abyssal-control/pokejevaby54 - battle-gen9ouclock-596.html
B	14554	5196651c1e482c77e7825f6813f31d18b1e3bec329cb43b4c323b06795c5ffb0		work/poke-jev/stage-b/replays-abyssal-control/pokejevaby54 - battle-gen9ouclock-605.html
B	12428	c1bcf57ef3e1eae575e51ad8fe9da9471797cbd9012830e279d26b0dc91de782		work/poke-jev/stage-b/replays-abyssal-control/pokejevaby54 - battle-gen9ouclock-613.html
B	14554	9605a4e28efc62b6280b99d3e41cba18da17aad90a1617149882599a96a57f99		work/poke-jev/stage-b/replays-abyssal-control/pokejevaby54 - battle-gen9ouclock-621.html
B	15962	aec3ec14cb602000edc838815cd19439627264c973654d5cd0d49030e42733c3		work/poke-jev/stage-b/replays-abyssal-control/pokejevaby54 - battle-gen9ouclock-626.html
B	16434	cb7dc526f56cf621761d4c4a0da3a3ad7d9ec306d744c231d8b560d444fa2826		work/poke-jev/stage-b/replays-abyssal-control/pokejevaby54 - battle-gen9ouclock-635.html
B	16494	44744c78477ca7a0a994b9fd64c6d6bb86abea2c9317c81705b9f4d52abae684		work/poke-jev/stage-b/replays-abyssal-control/pokejevaby54 - battle-gen9ouclock-644.html
B	14281	499c9b016d5bfff89409c7cd8fd04f7e3302747e0bb90e6ce0362ae92d4ceb14		work/poke-jev/stage-b/replays-abyssal-control/pokejevaby54 - battle-gen9ouclock-654.html
B	17377	cf25d50ec28c7c932844f382745cf40599401fafc17127efde8e6f61cc6a13fe		work/poke-jev/stage-b/replays-abyssal-control/pokejevaby54 - battle-gen9ouclock-661.html
B	14511	65f679d3b46d56f7bd40ead449a81cc74042385b3a51f4d8882267cd1a7c97fe		work/poke-jev/stage-b/replays-abyssal-control/pokejevaby54 - battle-gen9ouclock-667.html
B	13996	cc4f6e5e4c59269660c9a2174da5cc8e9d9b80db3a7809408a3455b49ba8ff81		work/poke-jev/stage-b/replays-abyssal-control/pokejevaby54 - battle-gen9ouclock-676.html
B	15587	fcaff8d36e9fe4deb436df2375bdd612a55e6834604859aac0ae47f7c32bb380		work/poke-jev/stage-b/replays-abyssal-control/pokejevaby54 - battle-gen9ouclock-683.html
B	13897	01e0b51aa8244e95a0480b1f0d1cbe8fcb515be63314f6785cd1fa83660fc747		work/poke-jev/stage-b/replays-abyssal-control/pokejevaby54 - battle-gen9ouclock-694.html
B	16062	1c10b905ee1017a4823aa1c4031e1cb280ea6b1e28d0fc0bfe2f9774ee7b2165		work/poke-jev/stage-b/replays-abyssal-control/pokejevaby54 - battle-gen9ouclock-699.html
B	13753	cdb7352461bbd7b95969475735501679e657bf09e288bb260ea29f8036772f2c		work/poke-jev/stage-b/replays-abyssal-control/pokejevaby54 - battle-gen9ouclock-707.html
B	15673	2b2c1b0ea6c31fec0316e53c63d2650be610ed5eeb03392b8b08f2a76c37fb5c		work/poke-jev/stage-b/replays-abyssal-control/pokejevaby54 - battle-gen9ouclock-715.html
B	17056	bd78cb5f50e432ea41b61a6527b9b60acf0a7e9b8b5dce4de048596ab3986056		work/poke-jev/stage-b/replays-abyssal-control/pokejevaby55 - battle-gen9ouclock-504.html
B	13754	9466317ff94047cb1c799e93ea1e19e250c2aacbb3d352ae2b6a1a0f5519ecb4		work/poke-jev/stage-b/replays-abyssal-control/pokejevaby55 - battle-gen9ouclock-517.html
B	14514	c499a55b0022d0d041e1ea2a4a6a9ce278ee518a162859037303f8cda6767546		work/poke-jev/stage-b/replays-abyssal-control/pokejevaby55 - battle-gen9ouclock-525.html
B	14078	ea2a3c9cd6b57770aeb379a2b19d55766d13d5870c579642d506fb1bffcc1e40		work/poke-jev/stage-b/replays-abyssal-control/pokejevaby55 - battle-gen9ouclock-532.html
B	20535	1d3b8c7a651ce15fb761a458988f164671382ca9be19b4e254c20f3bd95d9153		work/poke-jev/stage-b/replays-abyssal-control/pokejevaby55 - battle-gen9ouclock-539.html
B	16029	a83389296f11f05fe4175f8f609356be5077dc0a28cded41df78dda7b6340b04		work/poke-jev/stage-b/replays-abyssal-control/pokejevaby55 - battle-gen9ouclock-550.html
B	16033	3a2c1e1f009ca7c0105aaf1e6f715885d146cbaf71fe6fde2232a704fc28419c		work/poke-jev/stage-b/replays-abyssal-control/pokejevaby55 - battle-gen9ouclock-557.html
B	17048	dbdd26a6bde6d8ca9d8d4b94ee5e11a5a0536a6934edc9e04803196a8201561c		work/poke-jev/stage-b/replays-abyssal-control/pokejevaby55 - battle-gen9ouclock-568.html
B	16361	4875c2f62f88fb675d316eb23228902865ad47e017ca7fd61789aed19eff8d37		work/poke-jev/stage-b/replays-abyssal-control/pokejevaby55 - battle-gen9ouclock-579.html
B	20054	76c7187f5c04600bbc6b2a5ed8468db0bc322a205d5a4b43bd87ec0f4b26f0c1		work/poke-jev/stage-b/replays-abyssal-control/pokejevaby55 - battle-gen9ouclock-584.html
B	16936	e6d9fc48c3b2648f51cec8cf3e6b65b9940722ea0e3ed2c776c484e28cb59b8e		work/poke-jev/stage-b/replays-abyssal-control/pokejevaby55 - battle-gen9ouclock-595.html
B	17828	c59f950f73f50f226b23cdba51dc68a72d334b7327b6edefa2968eef7a17dddc		work/poke-jev/stage-b/replays-abyssal-control/pokejevaby55 - battle-gen9ouclock-602.html
B	12707	c348ce79c357f6b2767a2915a48560d183b9e838754b95376ea833d65a9b8e05		work/poke-jev/stage-b/replays-abyssal-control/pokejevaby55 - battle-gen9ouclock-612.html
B	16318	bf282ac0b3e81e50fb2e6d75093bd86c66698b502360b9bfcfc988b001bafad6		work/poke-jev/stage-b/replays-abyssal-control/pokejevaby55 - battle-gen9ouclock-619.html
B	15122	8cb504c1be6ce01efde1eb4e651f2497b6d37a4773d65076469d68bcb90536df		work/poke-jev/stage-b/replays-abyssal-control/pokejevaby55 - battle-gen9ouclock-629.html
B	15204	47181c760c3c88a1a3ede8c178e9879c2774b6d31e1d75073812b108237eab91		work/poke-jev/stage-b/replays-abyssal-control/pokejevaby55 - battle-gen9ouclock-636.html
B	14201	8badd400448e09712b6308b7606ccd423a4f14ed208774f253d715b94e79cb3f		work/poke-jev/stage-b/replays-abyssal-control/pokejevaby55 - battle-gen9ouclock-643.html
B	12252	064f12146ae7393f7dead332595d7d00c78b1a3bb43b1fc5fdf02e25735ef461		work/poke-jev/stage-b/replays-abyssal-control/pokejevaby55 - battle-gen9ouclock-650.html
B	15553	b42b87b02587d0e93ae73225f6f19581dc73eaa863d243e64e8ab75e4880a7b1		work/poke-jev/stage-b/replays-abyssal-control/pokejevaby55 - battle-gen9ouclock-657.html
B	15191	eaa2c8c278c7d09035d38a618158378c936b8abb10c9ae498669f496a5e5e2eb		work/poke-jev/stage-b/replays-abyssal-control/pokejevaby55 - battle-gen9ouclock-664.html
B	14206	ee2a37e76acaacc64dbefdedc1b79ecf4572086a762d7d5cb2fe07a74a8014aa		work/poke-jev/stage-b/replays-abyssal-control/pokejevaby55 - battle-gen9ouclock-669.html
B	13443	5a09deb48e93f28ec4e4ff8c2cfaee26e05bc67b3d3b48f511592d4852afc57b		work/poke-jev/stage-b/replays-abyssal-control/pokejevaby55 - battle-gen9ouclock-677.html
B	14160	ca06eba467f09e245ea27cbc04b56eeb85c646550a3c887be3de472467e4d7ec		work/poke-jev/stage-b/replays-abyssal-control/pokejevaby55 - battle-gen9ouclock-686.html
B	16742	4fe56cc49f1c99719eadb3806bac90c2eb5c2bd79a78ebead28cdf198b404e29		work/poke-jev/stage-b/replays-abyssal-control/pokejevaby55 - battle-gen9ouclock-693.html
B	17677	501d5964698b56e607f3fdf796348861f0a26da6fbaaaead07cd9ef309ffd7df		work/poke-jev/stage-b/replays-abyssal-control/pokejevaby55 - battle-gen9ouclock-702.html
B	18075	6d3a35528fe78b9bebeebdf2c555eaf373b9198d0d3083ff92f681c8c7a595d7		work/poke-jev/stage-b/replays-abyssal-control/pokejevaby56 - battle-gen9ouclock-500.html
B	16292	7ee3121023ec865faf9e9cd9d409de9b47a23ed74a16bcf5c81d25d133977448		work/poke-jev/stage-b/replays-abyssal-control/pokejevaby56 - battle-gen9ouclock-515.html
B	17248	d7a228f0f256c8501cf34470bc1e2d80d8ec26b10568736ce66bfa98555bdded		work/poke-jev/stage-b/replays-abyssal-control/pokejevaby56 - battle-gen9ouclock-526.html
B	17476	8c3f1cccc10870d66fe10195ed679692fe7e977bc21145c28001c3528c6f37b2		work/poke-jev/stage-b/replays-abyssal-control/pokejevaby56 - battle-gen9ouclock-534.html
B	19060	ee207d9c009244b52cf4a23eeb3e6735350594117eccaf27cf83f1b0996a0b69		work/poke-jev/stage-b/replays-abyssal-control/pokejevaby56 - battle-gen9ouclock-542.html
B	14769	aa7b114bb3d6ee6b9ca15b9af18a3e8006adb39a51ec0e93c34b62a44d409075		work/poke-jev/stage-b/replays-abyssal-control/pokejevaby56 - battle-gen9ouclock-552.html
B	17253	e4d24e67dc2324004c3feebbf88e51c423f3a5b0581d6cc495908ef9f0c47799		work/poke-jev/stage-b/replays-abyssal-control/pokejevaby56 - battle-gen9ouclock-562.html
B	21028	0700ad278e2a49da16dc9bf7c35dfc73244358747711f2803b330268a99c3330		work/poke-jev/stage-b/replays-abyssal-control/pokejevaby56 - battle-gen9ouclock-573.html
B	15417	4d56c875223758e74c90dd18e4aada09bdd58a7aab58d32a1a4db97d7b5e82b8		work/poke-jev/stage-b/replays-abyssal-control/pokejevaby56 - battle-gen9ouclock-581.html
B	15835	413e44c65190dd0f622f65c341be6bfcbda3464be97478bfbc3a21a37c1f9fc3		work/poke-jev/stage-b/replays-abyssal-control/pokejevaby56 - battle-gen9ouclock-589.html
B	21167	8350a4cc7c45cffa8a5b7611fb9f96af588686a965d90de5aefb367557c70bf5		work/poke-jev/stage-b/replays-abyssal-control/pokejevaby56 - battle-gen9ouclock-599.html
B	13656	8ab52a2cdad8347615237004624a67705aa9f8175a49afe4262076c45438b649		work/poke-jev/stage-b/replays-abyssal-control/pokejevaby56 - battle-gen9ouclock-606.html
B	15493	f8a553369e68551d5b3c690843c3e55c7c17247ea40423bd77cb50aa00a4a18c		work/poke-jev/stage-b/replays-abyssal-control/pokejevaby56 - battle-gen9ouclock-614.html
B	16813	7766bc1a50354d5b2f34bd7db324c479601bc4a56260b068e5569679e39cfff9		work/poke-jev/stage-b/replays-abyssal-control/pokejevaby56 - battle-gen9ouclock-623.html
B	17906	23320f94d2ed11ea1096e26e7d90796f411beead2d7e1e3dc407c66cf351d8f0		work/poke-jev/stage-b/replays-abyssal-control/pokejevaby56 - battle-gen9ouclock-631.html
B	16375	011a72a092026431e97dc162386434b8d0734acc6bd355c90acdb0dc8817cb31		work/poke-jev/stage-b/replays-abyssal-control/pokejevaby56 - battle-gen9ouclock-640.html
B	14515	7d327fe6b8b70288f58aa7df259f1588ad588864759b122f05278eb667d71882		work/poke-jev/stage-b/replays-abyssal-control/pokejevaby56 - battle-gen9ouclock-651.html
B	26339	84a97b2f0181cf30c4314880d8931775c03453da406a24a2ebeb409564669578		work/poke-jev/stage-b/replays-abyssal-control/pokejevaby56 - battle-gen9ouclock-659.html
B	15972	c78f4da36f6f380255b87579e484516f971483f97c7b079cf95fead90223c0b7		work/poke-jev/stage-b/replays-abyssal-control/pokejevaby56 - battle-gen9ouclock-670.html
B	14445	013e83a67da37599272bb961f860ba0603aa89ad8f5e8a7f6ca3f47be7d11baa		work/poke-jev/stage-b/replays-abyssal-control/pokejevaby56 - battle-gen9ouclock-681.html
B	15151	66593c327b0cf96b9b0d421f155325c2f95835a15a21ac36a77bc8e30dad2364		work/poke-jev/stage-b/replays-abyssal-control/pokejevaby56 - battle-gen9ouclock-688.html
B	14815	3510554b458e11137aae305639794fe02785758580d96f027934efbf34715b30		work/poke-jev/stage-b/replays-abyssal-control/pokejevaby56 - battle-gen9ouclock-697.html
B	13802	3315b4a7b1f33d2bf108b942e76be7dc9bd4c5bf8e27bff3f022ba9959261bbd		work/poke-jev/stage-b/replays-abyssal-control/pokejevaby56 - battle-gen9ouclock-705.html
B	21528	43e5edfffb205c4361bf57d70675811a7d41038a6c72ecbd8b7d870cc4d02031		work/poke-jev/stage-b/replays-abyssal-control/pokejevaby56 - battle-gen9ouclock-710.html
B	15032	c7222a5dfa056e480d7972a658fbf29f52ded7a4a0c1d152b0d1d9e146d1f778		work/poke-jev/stage-b/replays-abyssal-control/pokejevaby56 - battle-gen9ouclock-716.html
B	17749	85c50078b6bcd32225c68c989fcec9448ebdf649920b3bfff078f6da60072460		work/poke-jev/stage-b/replays-abyssal-control/pokejevaby57 - battle-gen9ouclock-509.html
B	15666	8bd065f695bd75423f0227bab6e35f5846da0b80cc227cca70dbf0af2ec5ab75		work/poke-jev/stage-b/replays-abyssal-control/pokejevaby57 - battle-gen9ouclock-519.html
B	16583	9cd3c782608af7226241b48b064c5e5ce16921d2ebff35d7125d39ce862ac2f3		work/poke-jev/stage-b/replays-abyssal-control/pokejevaby57 - battle-gen9ouclock-527.html
B	21053	c24b2fbaf127b6ddcd90f0303ef8684d36a86cf8da3057894b6b6c8c0c13c28d		work/poke-jev/stage-b/replays-abyssal-control/pokejevaby57 - battle-gen9ouclock-535.html
B	17578	5b90ddc5e2086f546599063d4a3520919ddd3cb30487aa98bfadf53b72b94d82		work/poke-jev/stage-b/replays-abyssal-control/pokejevaby57 - battle-gen9ouclock-545.html
B	12790	4b1c369985e8ca1a75827c47b8ad10cce698c2ab467e0ff7d11081a92d29a43b		work/poke-jev/stage-b/replays-abyssal-control/pokejevaby57 - battle-gen9ouclock-554.html
B	15071	2c81720b1bfba8d0fdafb9332726db52e2672d271eba8a5c3dd87d45d787a5a1		work/poke-jev/stage-b/replays-abyssal-control/pokejevaby57 - battle-gen9ouclock-561.html
B	14610	524861dd664b719b739a8fd7f2149a8926badeea0eca3b93ff4b37400e27cb34		work/poke-jev/stage-b/replays-abyssal-control/pokejevaby57 - battle-gen9ouclock-569.html
B	15833	d8c4e7df5071bbeb5c0798b5151f0ecd94d72abd9a3ebe3fcdfd261f5c08fcdd		work/poke-jev/stage-b/replays-abyssal-control/pokejevaby57 - battle-gen9ouclock-577.html
B	18292	177137febced6287b8b3a29360740e49d384cf15890600faf707fe1a32065dc1		work/poke-jev/stage-b/replays-abyssal-control/pokejevaby57 - battle-gen9ouclock-585.html
B	18685	fa1ca603d62d109aabc733455f74582a9578b6ba623f76fa3c814b05d29b83da		work/poke-jev/stage-b/replays-abyssal-control/pokejevaby57 - battle-gen9ouclock-594.html
B	17986	4fc0ac28861f8a202e4ab38f6532445c7b3cb33dec24838ade74dee2996e7c95		work/poke-jev/stage-b/replays-abyssal-control/pokejevaby57 - battle-gen9ouclock-603.html
B	14441	7bf8c6dfc82d91d3de94eac963b5a37c9ee2963b9ff212d9ef19655b6f30cc09		work/poke-jev/stage-b/replays-abyssal-control/pokejevaby57 - battle-gen9ouclock-610.html
B	14615	639d4d4cf02342bd319e3abad516a8c31afc1737c4a7f6d8df48a2e94f11da1f		work/poke-jev/stage-b/replays-abyssal-control/pokejevaby57 - battle-gen9ouclock-622.html
B	24255	ad10eaefcf3d3725cf2a66f401469bde8971d7669cba26c4ae3adeeddcf74616		work/poke-jev/stage-b/replays-abyssal-control/pokejevaby57 - battle-gen9ouclock-627.html
B	17028	8a61721436823f58f7dbce9a6786828b2047c07f052604a719d2a275a7899124		work/poke-jev/stage-b/replays-abyssal-control/pokejevaby57 - battle-gen9ouclock-639.html
B	17503	8484ca6419abdee834250818f92be5d0d4a31302a2c01d004884ff56ff2301c9		work/poke-jev/stage-b/replays-abyssal-control/pokejevaby57 - battle-gen9ouclock-647.html
B	33842	d174a0f94605894af4d32f700827bc318bfffedca3f156adbd02a02040ae2e8c		work/poke-jev/stage-b/replays-abyssal-control/pokejevaby57 - battle-gen9ouclock-658.html
B	14535	c4f66963bc48529fb4d0e46d7085b6258fad52358fc0311868ce60045bc69a39		work/poke-jev/stage-b/replays-abyssal-control/pokejevaby57 - battle-gen9ouclock-673.html
B	14327	525a6f41a93913b4f2a3a6ac8613eb1a0f0941a5752a3947b45f6f2f6e583418		work/poke-jev/stage-b/replays-abyssal-control/pokejevaby57 - battle-gen9ouclock-680.html
B	16135	61ca01169cb5d8910b9b4a6d5238ecc9cb50ef10db91537acb8a7e4033d2f5e7		work/poke-jev/stage-b/replays-abyssal-control/pokejevaby57 - battle-gen9ouclock-689.html
B	13661	fd4cd94e59e49fadc64c73001e7350b65a20d878aa7c5b4cd676ff0d8f9b79dc		work/poke-jev/stage-b/replays-abyssal-control/pokejevaby57 - battle-gen9ouclock-698.html
B	14778	79c3ba91e0db623028b63ab3d7ea72c8868025ede026e1c7950ded7c4379dd60		work/poke-jev/stage-b/replays-abyssal-control/pokejevaby57 - battle-gen9ouclock-706.html
B	19634	703260071b77e335c186d25b0463f6f650af20f3dccec67adc3d761e35e1f979		work/poke-jev/stage-b/replays-abyssal-control/pokejevaby57 - battle-gen9ouclock-712.html
B	16156	9655e833f8155a65862d35a6d6d332a9fda3ca6d9f3d2cc26da800d20c59dc0c		work/poke-jev/stage-b/replays-abyssal-control/pokejevaby57 - battle-gen9ouclock-717.html
B	17801	0f3c7170549e9c9b00a8b5a630cccb80870850224188e9d82b1cf2bc706a4cf1		work/poke-jev/stage-b/replays-abyssal/pokejevaby0 - battle-gen9ouclock-720.html
B	15372	19696b0b81e3ddf3fb704ae155249974a7801d462253a99a879fa6d33cb4e893		work/poke-jev/stage-b/replays-abyssal/pokejevaby0 - battle-gen9ouclock-732.html
B	17962	3f1829e2ae83aa72a3c5cd911d8440edf3d67f5b13702c607b98ad9a3c19645a		work/poke-jev/stage-b/replays-abyssal/pokejevaby0 - battle-gen9ouclock-741.html
B	14085	3307ccd86df2e4398385ce5db1e7cc61d8beea939310961cb2ccfcc72b054098		work/poke-jev/stage-b/replays-abyssal/pokejevaby0 - battle-gen9ouclock-748.html
B	13880	5bf0bc3203257844270385a3ffcb919e13b47c7e0dcf2ae57866e0bd5f6c6265		work/poke-jev/stage-b/replays-abyssal/pokejevaby0 - battle-gen9ouclock-755.html
B	15519	d1c0f4fcc9ffda4c6f6ed80393956440ddd67fed73a590beabff013a55fd24ba		work/poke-jev/stage-b/replays-abyssal/pokejevaby0 - battle-gen9ouclock-760.html
B	13795	3c2b3a51118022c2552585d09e945fc03169651730d93fd6cb64432057bb698a		work/poke-jev/stage-b/replays-abyssal/pokejevaby0 - battle-gen9ouclock-769.html
B	14632	dbd843169c2b714d2745359d11d3eedb8384ef4be6a2e60ac2f10d1ca2cef901		work/poke-jev/stage-b/replays-abyssal/pokejevaby0 - battle-gen9ouclock-774.html
B	16550	614da9b8a746e35942203b3ac9a82318e305ddf245ac7ecd467991624632cea8		work/poke-jev/stage-b/replays-abyssal/pokejevaby0 - battle-gen9ouclock-781.html
B	17857	3bcca195a77bf66ae11b45647313a54eb8c9fee4018178418074649d6f1856de		work/poke-jev/stage-b/replays-abyssal/pokejevaby0 - battle-gen9ouclock-788.html
B	15341	1f4b16234097e1c1e352e3d114bc4ccce8c6de53fbbdca5ce93ed8e99febde19		work/poke-jev/stage-b/replays-abyssal/pokejevaby0 - battle-gen9ouclock-795.html
B	18564	65df5b0d9f9f94dd540cf9cb7d3680c4bf6c35c0c839c18c275efaaacf9f0c4f		work/poke-jev/stage-b/replays-abyssal/pokejevaby0 - battle-gen9ouclock-804.html
B	18617	cbc9adf9a1dfac33370027004eb52c05c842f2be56394cbe0961d5af60b47076		work/poke-jev/stage-b/replays-abyssal/pokejevaby0 - battle-gen9ouclock-811.html
B	18960	649400096f4b2a75ebe727b07abf00e12bcb62e4001d7e7c3c1d5c0194a2baf2		work/poke-jev/stage-b/replays-abyssal/pokejevaby0 - battle-gen9ouclock-819.html
B	14788	aff11918b4cedc8c2c6b51617bc401f63585dd56e8bfa86668fd5a42a2b1616e		work/poke-jev/stage-b/replays-abyssal/pokejevaby0 - battle-gen9ouclock-827.html
B	20680	06dd1f68f8fea2fc0ed688174bcc007041909c4faa01ee9270019d6888d54463		work/poke-jev/stage-b/replays-abyssal/pokejevaby0 - battle-gen9ouclock-833.html
B	16294	52f39b5659041bdf7ae11d3cf47e888ddc5688afdf3dfd9e0e44d6428a29fa9b		work/poke-jev/stage-b/replays-abyssal/pokejevaby0 - battle-gen9ouclock-841.html
B	17664	26b5d48042591ab017e6ce9ead47ee3c19ff48735f50d7507e88596e633f675d		work/poke-jev/stage-b/replays-abyssal/pokejevaby0 - battle-gen9ouclock-850.html
B	16012	6ecbd5eeeedbc8ffad66d0414efd71c8f869429dff6007e9ef6858e23cedfbd9		work/poke-jev/stage-b/replays-abyssal/pokejevaby0 - battle-gen9ouclock-861.html
B	14709	e61f799d4776c210d185c1d75cc97c0b2bb90ee7a3c5e321bcccf031cda449f5		work/poke-jev/stage-b/replays-abyssal/pokejevaby0 - battle-gen9ouclock-866.html
B	15994	c8f0a4500f46fdfd8ca627ef0fd872b91beb24af962bb07b3ba1020f6f4cd550		work/poke-jev/stage-b/replays-abyssal/pokejevaby0 - battle-gen9ouclock-871.html
B	17864	35de2d79e252065b4644f260b68df41823f064a53cd8593142791945460ae6e7		work/poke-jev/stage-b/replays-abyssal/pokejevaby0 - battle-gen9ouclock-876.html
B	14777	da11fcec52a318b5af04cc17d657f151873b0642afa68b7d843a58836b133dc0		work/poke-jev/stage-b/replays-abyssal/pokejevaby0 - battle-gen9ouclock-879.html
B	16685	a48cf422299bc0cb4497c880b2d0df459714688c36f0567d978af954755ef088		work/poke-jev/stage-b/replays-abyssal/pokejevaby0 - battle-gen9ouclock-884.html
B	23346	7a032eaddf56187aba1efe1c83cf328220f613562523db5bb828076dfd1fd774		work/poke-jev/stage-b/replays-abyssal/pokejevaby0 - battle-gen9ouclock-893.html
B	14994	8da8e1125f0e9d66e423dfe7d0f12df663d3f58c19bb7c2340e8eebd87fafd6a		work/poke-jev/stage-b/replays-abyssal/pokejevaby1 - battle-gen9ouclock-722.html
B	15339	7bfcc273beb84efd3a3c1561295eab9b05d7f685eda933815ad36e7f3978d096		work/poke-jev/stage-b/replays-abyssal/pokejevaby1 - battle-gen9ouclock-729.html
B	15312	c1239b26eab16326fec11e780c985dd62fdf8b861d6ed077318ca96e46706e86		work/poke-jev/stage-b/replays-abyssal/pokejevaby1 - battle-gen9ouclock-737.html
B	14968	fe3e9d6fc356f5de7784ad574bff403963709770ca7fb3ad3805d2b513a5f553		work/poke-jev/stage-b/replays-abyssal/pokejevaby1 - battle-gen9ouclock-745.html
B	14591	9ac26c5e3b4c53dcece87f7a1a4c8655d00cbca4edb7cb47fb63dcd3ca8f414b		work/poke-jev/stage-b/replays-abyssal/pokejevaby1 - battle-gen9ouclock-752.html
B	15878	af5e342f1eaf6f3e0864dfb61768ec778e338c8ad5d240ca780a23ad77d3a739		work/poke-jev/stage-b/replays-abyssal/pokejevaby1 - battle-gen9ouclock-759.html
B	16661	fcb2be3dc4c476964ed73207b57cd9ea277d6476aa73b5e7d21480a7ceaefda3		work/poke-jev/stage-b/replays-abyssal/pokejevaby1 - battle-gen9ouclock-767.html
B	16893	16b53e18f63873446f4bf98bb658c3e49f7a3cb83119d59f8732406835c745f0		work/poke-jev/stage-b/replays-abyssal/pokejevaby1 - battle-gen9ouclock-776.html
B	15225	46e998084768f2d71a8550b0776136a9b0fb3a6c02766b793d9fa76eb26168fb		work/poke-jev/stage-b/replays-abyssal/pokejevaby1 - battle-gen9ouclock-782.html
B	15567	8d0fc0ec13a147289f1a201d05bedcb8869761463d2ad843b51e1a263ee2128d		work/poke-jev/stage-b/replays-abyssal/pokejevaby1 - battle-gen9ouclock-790.html
B	13083	d5f62fcd38de97b26aab23821e4fb094f701c2c4997dbbcf67ad78e4e64a385b		work/poke-jev/stage-b/replays-abyssal/pokejevaby1 - battle-gen9ouclock-798.html
B	16419	484e752da9ffd4f161e7b4b5b2d8bc72dd846e86bd28e2060a43bfa92ccaceec		work/poke-jev/stage-b/replays-abyssal/pokejevaby1 - battle-gen9ouclock-801.html
B	15990	52af0e0e6364acd38c24c3f2e5ada07db2a6a5a052c45e56f0dacc5ad2732dc1		work/poke-jev/stage-b/replays-abyssal/pokejevaby1 - battle-gen9ouclock-810.html
B	19585	df7593412ba8ceb819da92eb27f22516dce91a7c92a9e9d47f8a12c8742f2a80		work/poke-jev/stage-b/replays-abyssal/pokejevaby1 - battle-gen9ouclock-816.html
B	14827	50d6813f3da31390a81b4fa7b69ec4280b756ea969918230f5a7d208ebae5814		work/poke-jev/stage-b/replays-abyssal/pokejevaby1 - battle-gen9ouclock-825.html
B	17014	44b6100d194eaa3664faa5223bb904e51a9d7d69b90572b38d80b55a6aa3d363		work/poke-jev/stage-b/replays-abyssal/pokejevaby1 - battle-gen9ouclock-831.html
B	17761	1495eb69a1c352d58712ca6268da6368901443219d2a4aa9492078278db40915		work/poke-jev/stage-b/replays-abyssal/pokejevaby1 - battle-gen9ouclock-838.html
B	15034	a3d34f6845e484acbdd91e69c100f73881c6414fc7dc2cf68316ebb8db0aca4b		work/poke-jev/stage-b/replays-abyssal/pokejevaby1 - battle-gen9ouclock-846.html
B	15551	f6a6276b04ef75b86ec9cbf007a0ed98da445a539579de17232551b10aeadd01		work/poke-jev/stage-b/replays-abyssal/pokejevaby1 - battle-gen9ouclock-853.html
B	17449	4049c3adf808f7ec8bcdaf576df4093743d9cd01676bb6b73d0966705d9b3ea8		work/poke-jev/stage-b/replays-abyssal/pokejevaby1 - battle-gen9ouclock-860.html
B	17938	11a31af7fd9f6d7bd26a5429db094f12d5ec5a9e2f344faed3b5972bfe97967e		work/poke-jev/stage-b/replays-abyssal/pokejevaby1 - battle-gen9ouclock-868.html
B	21130	756431f9246100b98679575cde7241d62105ed37b334f7c8101080340c29b5eb		work/poke-jev/stage-b/replays-abyssal/pokejevaby1 - battle-gen9ouclock-875.html
B	13486	4475c3938ccedfadd48c25345e5cf190f255babaf54a198ea40ff67107188037		work/poke-jev/stage-b/replays-abyssal/pokejevaby1 - battle-gen9ouclock-888.html
B	20910	0bd491fdd881396dd8434dec317cb1ebc045edab13e69995630aed58e80460d6		work/poke-jev/stage-b/replays-abyssal/pokejevaby1 - battle-gen9ouclock-891.html
B	15819	0e7152701cd7de2e2f420d8ebc13a8ecea00d43573a3d9088eb125a8be812e1a		work/poke-jev/stage-b/replays-abyssal/pokejevaby1 - battle-gen9ouclock-902.html
B	16337	3afc7f89a948a35eaf324db53b12a0209bf1d48b8e2e82f74e8c2ec537c7dc89		work/poke-jev/stage-b/replays-abyssal/pokejevaby2 - battle-gen9ouclock-721.html
B	14482	1caba9241ca265aa5284aad23b2aa20b7df5ce3c404a2ab2403b1498d533ab32		work/poke-jev/stage-b/replays-abyssal/pokejevaby2 - battle-gen9ouclock-733.html
B	15378	da610be97dea0e01b4bcbf416c6741fc81de09d1388ef67762d74bf502260692		work/poke-jev/stage-b/replays-abyssal/pokejevaby2 - battle-gen9ouclock-738.html
B	18143	923c5f1d377244c2f96077a09d1445822617a9e7567a3840a8a34fd437b68cc9		work/poke-jev/stage-b/replays-abyssal/pokejevaby2 - battle-gen9ouclock-744.html
B	14605	5d0bed863c4d377a35f709b0246e1516781211b09d3dbf05eb974118ffa7be0b		work/poke-jev/stage-b/replays-abyssal/pokejevaby2 - battle-gen9ouclock-754.html
B	14381	b5eb0da399e5922462915ec68ec9625b0f46be63f134349293363d44f24d437f		work/poke-jev/stage-b/replays-abyssal/pokejevaby2 - battle-gen9ouclock-761.html
B	12884	cd9c43744c43eedcb5de03d6d926f93377ba382a33f8fc8e99485ef9c05a548a		work/poke-jev/stage-b/replays-abyssal/pokejevaby2 - battle-gen9ouclock-768.html
B	15305	ee76b881afba3af37049e1f55647e3ecac8c4fb75eb5ecef13f1f3bbd2aa826c		work/poke-jev/stage-b/replays-abyssal/pokejevaby2 - battle-gen9ouclock-772.html
B	14391	39c1ef096cb7c83115b2744f865d5c9c717934c6ba3a8b6056ae961ff832cc54		work/poke-jev/stage-b/replays-abyssal/pokejevaby2 - battle-gen9ouclock-780.html
B	13034	be3a6fa29a0d8b3e68f43a73e848dbd6afafefb91a98b2db935ec68a6b944298		work/poke-jev/stage-b/replays-abyssal/pokejevaby2 - battle-gen9ouclock-786.html
B	13687	f114277d5745a4424c73118ca0fcedf77cee88b09d860db3c21cea4186f7b3e8		work/poke-jev/stage-b/replays-abyssal/pokejevaby2 - battle-gen9ouclock-792.html
B	21167	95f950c37ba4178c46ef547b2a62fccd1bda41af9c99a20478f07a7230096cca		work/poke-jev/stage-b/replays-abyssal/pokejevaby2 - battle-gen9ouclock-797.html
B	18251	6df469cd0ae723fcc3d5ba7bf13c262107e06c8072e1048253b286adf4dd859f		work/poke-jev/stage-b/replays-abyssal/pokejevaby2 - battle-gen9ouclock-806.html
B	18007	62c4d062603d2f235b9437cca9afb96894db2414b79471f4e149e036a633b3c0		work/poke-jev/stage-b/replays-abyssal/pokejevaby2 - battle-gen9ouclock-815.html
B	28177	94d36249660325daa48f9e446040045ab378ce0452e8825ef560721cd759f774		work/poke-jev/stage-b/replays-abyssal/pokejevaby2 - battle-gen9ouclock-822.html
B	16726	a80091cdfb71073617424e1cc14eecea0e1bc8969ae2ec4d2305cc0c5653acce		work/poke-jev/stage-b/replays-abyssal/pokejevaby2 - battle-gen9ouclock-836.html
B	13733	1fd09c88efcd35b7d7a06af6d651680748ec6f056b5ff60c4b62c8e6fa1da858		work/poke-jev/stage-b/replays-abyssal/pokejevaby2 - battle-gen9ouclock-843.html
B	16905	3613ab133246f4aeecb04aaa2c920549579f1da8358870218e2c0deb0e914ea4		work/poke-jev/stage-b/replays-abyssal/pokejevaby2 - battle-gen9ouclock-849.html
B	14383	d830e1c7e0b3c5a99a5b307428eea3b9f7040aa3cf5aed98d6563101aa33a71d		work/poke-jev/stage-b/replays-abyssal/pokejevaby2 - battle-gen9ouclock-857.html
B	16021	b299b088d64e0c05b66850816b66ce8489176226ded14bf30820685edaa69383		work/poke-jev/stage-b/replays-abyssal/pokejevaby2 - battle-gen9ouclock-863.html
B	18485	a442dba84cbdb09c09c9290880871e17699976f99f79d8d923bbd4efb7557fa1		work/poke-jev/stage-b/replays-abyssal/pokejevaby2 - battle-gen9ouclock-870.html
B	16556	f849294c6ce9327469b4c87669c747733bb5e5cf003c74076c91bd3010e5e63c		work/poke-jev/stage-b/replays-abyssal/pokejevaby2 - battle-gen9ouclock-878.html
B	21060	da0497fc0ef68e1b0b7a7363052848bad4ec0641575b8e449eecb9cad6de438c		work/poke-jev/stage-b/replays-abyssal/pokejevaby2 - battle-gen9ouclock-885.html
B	14720	85c90a672efdf4ca5572fda649ecf64c58dff26c0132951d62393ee61aa61ad4		work/poke-jev/stage-b/replays-abyssal/pokejevaby2 - battle-gen9ouclock-898.html
B	18256	275fd6f809d21e56cdf06e4811643ad0b93372c71215393f9f16a873f27f394e		work/poke-jev/stage-b/replays-abyssal/pokejevaby2 - battle-gen9ouclock-903.html
B	15394	8e81a998f3d55092a7bbd058c02da7913e6ea34b9528c3f53d175b1581b62f91		work/poke-jev/stage-b/replays-abyssal/pokejevaby3 - battle-gen9ouclock-724.html
B	17284	63df7576a475bb38be7df1670607ce1eb36d501fe2017f64a58c1ee3a31e2c43		work/poke-jev/stage-b/replays-abyssal/pokejevaby3 - battle-gen9ouclock-730.html
B	13660	1e533805fb83579482d6390bba53a8fb8cc0e70f63e1b38535c04b81246c61e5		work/poke-jev/stage-b/replays-abyssal/pokejevaby3 - battle-gen9ouclock-739.html
B	16225	c1d90ae3d83bdd4ded01d8b835b2067c325d0cdfdfb163548d7a47c9629499e4		work/poke-jev/stage-b/replays-abyssal/pokejevaby3 - battle-gen9ouclock-746.html
B	14381	fd1b13cdcce77f248d8f71326250858c6ae330a838b5a834ed846050461ed768		work/poke-jev/stage-b/replays-abyssal/pokejevaby3 - battle-gen9ouclock-753.html
B	15901	c0fab1b91b91631b6493f048dc6ecdcfbc6dcab091e3705204bb850afe075488		work/poke-jev/stage-b/replays-abyssal/pokejevaby3 - battle-gen9ouclock-758.html
B	16034	a8a16674bc0d9fa3effc135bb28d39520d6196da8d3e296497b2d4cf68417ff4		work/poke-jev/stage-b/replays-abyssal/pokejevaby3 - battle-gen9ouclock-766.html
B	21226	285866e7a31649325d73b52a463ce789dc3a5948728c8ba881347299139c9075		work/poke-jev/stage-b/replays-abyssal/pokejevaby3 - battle-gen9ouclock-775.html
B	16397	bbe3572c701ef3122d1a4d63f1a7ced6baf5d2e1c6fa0f77999385ad926d2d44		work/poke-jev/stage-b/replays-abyssal/pokejevaby3 - battle-gen9ouclock-785.html
B	16763	5fc48d68676c19e4109be9f18d6031d71ce0df1b0446077d65a238cd50e39976		work/poke-jev/stage-b/replays-abyssal/pokejevaby3 - battle-gen9ouclock-793.html
B	17225	814ee0bbf6a4f46b182c0b58e1e8d58ba34be34a94b4f1be2bb42ca909a6d33f		work/poke-jev/stage-b/replays-abyssal/pokejevaby3 - battle-gen9ouclock-800.html
B	19441	406570f8218fb0fb07477a709bb94e419963a52cc033988fcc94a489cd4a606b		work/poke-jev/stage-b/replays-abyssal/pokejevaby3 - battle-gen9ouclock-807.html
B	19180	237225d1593a72065b112ed3cfe82a4a2148b97147063010ad0783bdc5354a06		work/poke-jev/stage-b/replays-abyssal/pokejevaby3 - battle-gen9ouclock-817.html
B	15770	41214eeb6b7b932ff78be22bd5d7f6736772516fc6cd7467734a556582af8f49		work/poke-jev/stage-b/replays-abyssal/pokejevaby3 - battle-gen9ouclock-823.html
B	17003	99d0a1ceac071f9f9bc14240cc48a78ce8427ddf484c89e94c4485435d1545f9		work/poke-jev/stage-b/replays-abyssal/pokejevaby3 - battle-gen9ouclock-829.html
B	14233	33be5f9883b14a47e4236f9e0a53e5da4773ec0bf29ad37ea54b91dbb5865305		work/poke-jev/stage-b/replays-abyssal/pokejevaby3 - battle-gen9ouclock-832.html
B	14343	c5c565b40b0c7f6df1445df91b636ed1db282db8aba71d32ca8ca7458b651034		work/poke-jev/stage-b/replays-abyssal/pokejevaby3 - battle-gen9ouclock-839.html
B	16582	8a357e797dd81cd9171c2a36c9cae6b95d10ae8bdc594951d7209e24dfd49b62		work/poke-jev/stage-b/replays-abyssal/pokejevaby3 - battle-gen9ouclock-844.html
B	13766	20242c4af787650476f9f888f6c9ffdbc193f2089968a8ea2cdeba5419d11f20		work/poke-jev/stage-b/replays-abyssal/pokejevaby3 - battle-gen9ouclock-852.html
B	16780	a0a545a515727ef11559a30c51a7208a4d21a736c849a4c79c2e77471637f609		work/poke-jev/stage-b/replays-abyssal/pokejevaby3 - battle-gen9ouclock-859.html
B	19167	0a5a8ace66356d63361140bc7d3b349b8aeed230965d5429ffc3c95b59463990		work/poke-jev/stage-b/replays-abyssal/pokejevaby3 - battle-gen9ouclock-867.html
B	18776	123b3b408dd98c558ef0eca677f6d1674182857049e205ce1e159f88c7b97a6a		work/poke-jev/stage-b/replays-abyssal/pokejevaby3 - battle-gen9ouclock-873.html
B	24146	3827f393066a4316dd4730c10b8fb5bffa9865cc46adbedd50954b21a7a210d5		work/poke-jev/stage-b/replays-abyssal/pokejevaby3 - battle-gen9ouclock-882.html
B	24078	5b1026ad8065e8f40deec38604d41478547ad30fda361c063c6d9652a376b8d2		work/poke-jev/stage-b/replays-abyssal/pokejevaby3 - battle-gen9ouclock-894.html
B	16233	1967e0b6b450904c77e0f282c05a5735f860df3b1e11ea71481ba9c7c3bb05f2		work/poke-jev/stage-b/replays-abyssal/pokejevaby3 - battle-gen9ouclock-905.html
B	17092	abc526cdb85579ecd46d87c2b417cb648237b4e2cab94b2399d55112382558b1		work/poke-jev/stage-b/replays-abyssal/pokejevaby4 - battle-gen9ouclock-727.html
B	15571	20fa013fc2a07436be017c7c65f60c7eb3c29d1176088fc9fe1a4ed944d4f531		work/poke-jev/stage-b/replays-abyssal/pokejevaby4 - battle-gen9ouclock-734.html
B	12349	b5806c973132699c37fb1b1a5673d281a470c4a267b29f4f502b6c2646decb54		work/poke-jev/stage-b/replays-abyssal/pokejevaby4 - battle-gen9ouclock-742.html
B	16263	5f9fe3a13bd2cf9221901e04f02e75e667f9584c3989bf86c02588b1f541bcfc		work/poke-jev/stage-b/replays-abyssal/pokejevaby4 - battle-gen9ouclock-743.html
B	26830	db7b081acaf3229a5801cc2778d3be6ee4be34fdd9b31a66651dad0f27d4a07c		work/poke-jev/stage-b/replays-abyssal/pokejevaby4 - battle-gen9ouclock-750.html
B	12207	98ba4c38472167ba8f0770b1394876cac5680e7232ad2615b945b78e02f0f7af		work/poke-jev/stage-b/replays-abyssal/pokejevaby4 - battle-gen9ouclock-763.html
B	15797	4eeb3154be7a852312c4cd22671b261ccce5ed2bfa5f6a8e00594b1b9f41e145		work/poke-jev/stage-b/replays-abyssal/pokejevaby4 - battle-gen9ouclock-770.html
B	21203	f863354538c88f5aa8ab3d07b5d8a54ed57a31f7b0902429f555265c1b12d595		work/poke-jev/stage-b/replays-abyssal/pokejevaby4 - battle-gen9ouclock-778.html
B	16463	d2f3e333cd0283ae11c0dc0c6b3aac443a561b44cc2616cd707ed8055a32ce35		work/poke-jev/stage-b/replays-abyssal/pokejevaby4 - battle-gen9ouclock-789.html
B	19903	9185b6ef963dff841d209a8e62ed48e15153a3f19f79d138c0bf452b8aab1e5e		work/poke-jev/stage-b/replays-abyssal/pokejevaby4 - battle-gen9ouclock-796.html
B	18993	ce95925dbc784fe8d09c8dccbe5f9b38e91da8c6fb05ff349bba164e9bbe1870		work/poke-jev/stage-b/replays-abyssal/pokejevaby4 - battle-gen9ouclock-805.html
B	17269	294788248ec150b3215aabe3fd6e337ebbe6c7af4e03dc289c21791ae35613f8		work/poke-jev/stage-b/replays-abyssal/pokejevaby4 - battle-gen9ouclock-814.html
B	17750	b42475c6a7b5384afe2dc86738090bb47f34c774d141ddfcebc6f3f1fe2756cf		work/poke-jev/stage-b/replays-abyssal/pokejevaby4 - battle-gen9ouclock-821.html
B	17019	31932ee0468e8ee77cd3b9d3c21a2d25a0c0232ac8bf9084b30826ba089f6e3c		work/poke-jev/stage-b/replays-abyssal/pokejevaby4 - battle-gen9ouclock-830.html
B	17485	82cdb9b7b1cb23beceb6a60733c03a21ee3b61a42c744035b57f5fbdf645cc01		work/poke-jev/stage-b/replays-abyssal/pokejevaby4 - battle-gen9ouclock-837.html
B	14698	40cc59b0cf9379bb09c23f5c8e6da1784d15b237527854fca6628c2611b3b3c6		work/poke-jev/stage-b/replays-abyssal/pokejevaby4 - battle-gen9ouclock-845.html
B	14048	d5be6478b5f115855402ee27f0c00a8c358b63edb34ff856c9b47fc142aa60a5		work/poke-jev/stage-b/replays-abyssal/pokejevaby4 - battle-gen9ouclock-851.html
B	18452	4a797c389e734541384adc4b217c624f2a2b3b7fe169e1bdcf5cc923494a5bb4		work/poke-jev/stage-b/replays-abyssal/pokejevaby4 - battle-gen9ouclock-856.html
B	21326	95915d2c4ad9109398470e0da4b8446d03eb0ef379af2c37bbe80e6783ecd31c		work/poke-jev/stage-b/replays-abyssal/pokejevaby4 - battle-gen9ouclock-865.html
B	15693	36a81613e62c5a843cb75f8c4b1cbfe8963331ffbd3bae99d2401f44b2a9a14c		work/poke-jev/stage-b/replays-abyssal/pokejevaby4 - battle-gen9ouclock-874.html
B	13784	68573d569af1be6305ceabff79ef1275d25e57d595b6429fead618e385fd9769		work/poke-jev/stage-b/replays-abyssal/pokejevaby4 - battle-gen9ouclock-881.html
B	14317	4ec65e3ac3ac554c7283850a4d73a8471d87a319a6f9ec4658d45285bda9f42f		work/poke-jev/stage-b/replays-abyssal/pokejevaby4 - battle-gen9ouclock-887.html
B	14754	e5270aa7fa498581ff29b66668545faddacf70468fa72876cd3839653c00eb37		work/poke-jev/stage-b/replays-abyssal/pokejevaby4 - battle-gen9ouclock-892.html
B	20094	09f335ddf71d176244dcfe039a77b2c364080284747cea86f8e3a3896f1f9572		work/poke-jev/stage-b/replays-abyssal/pokejevaby4 - battle-gen9ouclock-899.html
B	16388	1ff407bc7b08784106239583e64c6539a87ac840613d3190b8df1ce696b456e1		work/poke-jev/stage-b/replays-abyssal/pokejevaby4 - battle-gen9ouclock-906.html
B	14984	35418e30d255b8b9ae838e0cc8f2d8c66a5b9164f028019f5c77f42847ef301e		work/poke-jev/stage-b/replays-abyssal/pokejevaby5 - battle-gen9ouclock-723.html
B	14581	45d88afaa96f83ddc50bfcf2b52451f3d911c7403368b617fa2f10d87ca27d9c		work/poke-jev/stage-b/replays-abyssal/pokejevaby5 - battle-gen9ouclock-731.html
B	18749	698aec4b5564e39c3e12357d3a6cc6fc4f75f03c49c650ace346da46813f84d2		work/poke-jev/stage-b/replays-abyssal/pokejevaby5 - battle-gen9ouclock-736.html
B	18031	561fc1e98ff425016e54993a574b1c7b45fdeec3c337627aa0e52163bb0b3de8		work/poke-jev/stage-b/replays-abyssal/pokejevaby5 - battle-gen9ouclock-747.html
B	20576	66c49f0b3d60ab335b539a127ed6193458aca197d56e021c830bca9ec8f98a8b		work/poke-jev/stage-b/replays-abyssal/pokejevaby5 - battle-gen9ouclock-756.html
B	17354	601146f4764fb71df3ffb4ace377f8dff95e34f9a3c5d3c192b3cb424932ef43		work/poke-jev/stage-b/replays-abyssal/pokejevaby5 - battle-gen9ouclock-765.html
B	15102	016ca8b92d6511ca4d471c202fd56f058833eceae3bf02c3236138a5181579a4		work/poke-jev/stage-b/replays-abyssal/pokejevaby5 - battle-gen9ouclock-777.html
B	32917	9cc497b07020050d4d4c3d8effe1c3b34a1013be8d32c2614ca96e30a188b4a3		work/poke-jev/stage-b/replays-abyssal/pokejevaby5 - battle-gen9ouclock-783.html
B	14119	019f8247b5328ad5a94007887e3b31ca4ad66db83264667696ed91605aea40e4		work/poke-jev/stage-b/replays-abyssal/pokejevaby5 - battle-gen9ouclock-802.html
B	25522	5dd16cef835865c6457574c3968d0c90d6c24d0244883c1097ad835a14f7442f		work/poke-jev/stage-b/replays-abyssal/pokejevaby5 - battle-gen9ouclock-808.html
B	15774	a9b23795c11ca5636296b6c47be948375ea4ee79292b1eabe8ec6c98aefa3765		work/poke-jev/stage-b/replays-abyssal/pokejevaby5 - battle-gen9ouclock-818.html
B	41333	0daf9cdb88eba31e863104c480301bdfac486ba08f22848d0f2aa839054081a5		work/poke-jev/stage-b/replays-abyssal/pokejevaby5 - battle-gen9ouclock-826.html
B	18237	0bc55ea2c98e9cd286668071d831e0bbbae86e9756c1cbcf45b68a7a60dd068b		work/poke-jev/stage-b/replays-abyssal/pokejevaby5 - battle-gen9ouclock-848.html
B	16138	847b86ab6e6e74714b3742b12207e4554cebf4baec82c9c303a3b05928ad7431		work/poke-jev/stage-b/replays-abyssal/pokejevaby5 - battle-gen9ouclock-858.html
B	16333	32d3c6fe060b2d83146e3fdf14a5d6d89c2ca8da3e0bb541c9964daba6f63285		work/poke-jev/stage-b/replays-abyssal/pokejevaby5 - battle-gen9ouclock-864.html
B	16290	f3de4e210720e85623ccbf3047530d7ebd2da9c8cadd161f6e25980ac6508ee9		work/poke-jev/stage-b/replays-abyssal/pokejevaby5 - battle-gen9ouclock-872.html
B	14763	44c47d56f4aeaa4b12eb3fe632d5b5b022de06bc61ee1e5990666c3265f86f22		work/poke-jev/stage-b/replays-abyssal/pokejevaby5 - battle-gen9ouclock-877.html
B	14610	f0b0a97687c96d0a7578d7cde47f6476e64a0c97b0bcab07e9f9e326b5d4aa47		work/poke-jev/stage-b/replays-abyssal/pokejevaby5 - battle-gen9ouclock-883.html
B	17687	ca1695382a730630949b77cc6b73be67f135fb5694565c3a741b0fa02e7b0284		work/poke-jev/stage-b/replays-abyssal/pokejevaby5 - battle-gen9ouclock-890.html
B	15935	9e6d1a6111e7a3fa010f6bb3f76422c3646f1d8a80003ca702307cf8fb85606f		work/poke-jev/stage-b/replays-abyssal/pokejevaby5 - battle-gen9ouclock-896.html
B	16698	68fe2385a4db7ea2a902ecde30aef5a8d0dde6fc069c57a0397ab14064400377		work/poke-jev/stage-b/replays-abyssal/pokejevaby5 - battle-gen9ouclock-901.html
B	13108	c0fac8787a84be966c6950d17721d0418cf5db2aaef541fc84d77d03b6a6357b		work/poke-jev/stage-b/replays-abyssal/pokejevaby5 - battle-gen9ouclock-907.html
B	16937	b8f6d072f4426681c998b0078b77aa0ed306a278e23c58e2287d25f968c4650d		work/poke-jev/stage-b/replays-abyssal/pokejevaby5 - battle-gen9ouclock-910.html
B	16253	ebffa157c2a3e29524eb6c535620de008449e4a73652695d9541d0d65b5c6076		work/poke-jev/stage-b/replays-abyssal/pokejevaby5 - battle-gen9ouclock-911.html
B	18535	e4a343070e76c163fd9b4d48844a23b8e8dd7ca4119395ad94778eedbc72ecfd		work/poke-jev/stage-b/replays-abyssal/pokejevaby5 - battle-gen9ouclock-915.html
B	25538	dbd8639ca8cc246cd810457a3a80ffb3f0edb77320e93ee9f59b6e4019f672f1		work/poke-jev/stage-b/replays-abyssal/pokejevaby6 - battle-gen9ouclock-726.html
B	21551	e7d63c8c99363393b3f3f3a07a4e4723cee59c7dac4df00b0a6112c614f13f28		work/poke-jev/stage-b/replays-abyssal/pokejevaby6 - battle-gen9ouclock-740.html
B	20753	0e726bb7443b829c93e5fd49118a27def64901b1ff42755fee02dee58bcce7e0		work/poke-jev/stage-b/replays-abyssal/pokejevaby6 - battle-gen9ouclock-751.html
B	16050	3041f9533239e84d35c5260c94b65b8a6f20b84cdba7c655362aa1f9e84abc71		work/poke-jev/stage-b/replays-abyssal/pokejevaby6 - battle-gen9ouclock-762.html
B	23450	f4694ebad6cdcb585617f792de56d7650ea450d5558b798f73a06e7c9c688421		work/poke-jev/stage-b/replays-abyssal/pokejevaby6 - battle-gen9ouclock-771.html
B	14233	b712a5c177d81a92f6e47d81fb216001acdaac8d1ff2d36add9cddd9a41f9ef2		work/poke-jev/stage-b/replays-abyssal/pokejevaby6 - battle-gen9ouclock-784.html
B	15463	303b28960d553033cec143e584beaa4607561912dfe95a892895bb7a3fc67e43		work/poke-jev/stage-b/replays-abyssal/pokejevaby6 - battle-gen9ouclock-791.html
B	19678	b82ae1e68e6af3d408e09aa74bcd6561c84c8f1ef4ac0ae4e950faa9bfeb0558		work/poke-jev/stage-b/replays-abyssal/pokejevaby6 - battle-gen9ouclock-799.html
B	16009	231cfecd7c5ea55fb7d2fbcb983b74b43486c90b0f66a73c4cb59d180560e4b2		work/poke-jev/stage-b/replays-abyssal/pokejevaby6 - battle-gen9ouclock-809.html
B	20322	ecf28e624379309d8b8de8439a192b9a18ae602ac451e42429a1ef5fe0fd16b8		work/poke-jev/stage-b/replays-abyssal/pokejevaby6 - battle-gen9ouclock-813.html
B	24769	5ec0c644f8fdce3e72b79559f723999fb96afcb597e541103fcd8d78ef141ae2		work/poke-jev/stage-b/replays-abyssal/pokejevaby6 - battle-gen9ouclock-824.html
B	15411	543106720b8e8833ba702ef030e6316ab155cc193c5473702f593373c552cd60		work/poke-jev/stage-b/replays-abyssal/pokejevaby6 - battle-gen9ouclock-835.html
B	15726	4817b051b9f09050dc3cc25bf861e732be270a1e1d7c309df9cede527e1058b8		work/poke-jev/stage-b/replays-abyssal/pokejevaby6 - battle-gen9ouclock-840.html
B	13777	dd99263f10ab12bf53a1b85fc6e83c1708e41b08655ac8ef7b7b1002cfc81379		work/poke-jev/stage-b/replays-abyssal/pokejevaby6 - battle-gen9ouclock-847.html
B	59643	4042f0eb32d3604215e189d1d6d729d37415f3624679947c0565215730da652b		work/poke-jev/stage-b/replays-abyssal/pokejevaby6 - battle-gen9ouclock-855.html
B	16900	5913b9283000796dba86c5fc62574a0717816276aa6a84643da78beb2426b1c6		work/poke-jev/stage-b/replays-abyssal/pokejevaby6 - battle-gen9ouclock-886.html
B	13295	c9e6bfd53e0b00ecc40f82aff831590b70510fbbbe78c9094fcdf90b59a77367		work/poke-jev/stage-b/replays-abyssal/pokejevaby6 - battle-gen9ouclock-895.html
B	23557	5b1326d402c2d8b17aad7baa7a72799547a527db902395445e7c22d82571815a		work/poke-jev/stage-b/replays-abyssal/pokejevaby6 - battle-gen9ouclock-900.html
B	21415	9df4224a8f89e09431b86ae7f91c15a3423c760b4a88a00a1e0a3aac3b864db4		work/poke-jev/stage-b/replays-abyssal/pokejevaby6 - battle-gen9ouclock-909.html
B	15056	5787bf3c0f6606ea4c8ea7f04e246b2049a4e772d30fea46be5ed16fd471d73a		work/poke-jev/stage-b/replays-abyssal/pokejevaby6 - battle-gen9ouclock-912.html
B	14955	c79e3a4d3758a62b653f3b3380417dc3c67ba38abea2a1abbc66bc60410145d9		work/poke-jev/stage-b/replays-abyssal/pokejevaby6 - battle-gen9ouclock-914.html
B	15889	4b1e4f38787f7b5e6288479cf0458a8e558b63bd53fec2373ae78e218bcd075e		work/poke-jev/stage-b/replays-abyssal/pokejevaby6 - battle-gen9ouclock-916.html
B	16738	3a43263e27af7d863167a4030afb3bfc0f32a20365100fc8db991a2866db08c9		work/poke-jev/stage-b/replays-abyssal/pokejevaby6 - battle-gen9ouclock-917.html
B	20074	b6f2d9c2a1853217a77251f4992f8e8dfd401eb8cae61df4f9f55daf9eca89eb		work/poke-jev/stage-b/replays-abyssal/pokejevaby6 - battle-gen9ouclock-918.html
B	17552	2489663da056b4825a139059bacc6bec89d7eaf1488b87f18196e34c1181f6a8		work/poke-jev/stage-b/replays-abyssal/pokejevaby6 - battle-gen9ouclock-919.html
B	12806	7d6937a942b5565e25aae655cac5ad8767ac7d1f4a4f7938036d74572ba8bc56		work/poke-jev/stage-b/replays-abyssal/pokejevaby7 - battle-gen9ouclock-725.html
B	15459	4b94f3eeabeabe7aba5a1f4924845bcded1f1c79661e048da38ebc30f69540eb		work/poke-jev/stage-b/replays-abyssal/pokejevaby7 - battle-gen9ouclock-728.html
B	22562	0c4a5e7b7fa0e834572c8396eeb0a097aff5d09473d3209945293e682f2b14e5		work/poke-jev/stage-b/replays-abyssal/pokejevaby7 - battle-gen9ouclock-735.html
B	15690	11bb8974bea0405dd2ac1e45d1a3e1709be025b070e54e6b9f4a9881881662ae		work/poke-jev/stage-b/replays-abyssal/pokejevaby7 - battle-gen9ouclock-749.html
B	16966	0f42a5e8b67390f28eb5e293bba230023059e77934e8d55952bff480c10fcb2b		work/poke-jev/stage-b/replays-abyssal/pokejevaby7 - battle-gen9ouclock-757.html
B	15484	2e75ffd3d08d4c402af5f8dc17f9dc866c820b87eb50db6a2a90d6294d804dd0		work/poke-jev/stage-b/replays-abyssal/pokejevaby7 - battle-gen9ouclock-764.html
B	14047	ed6a308b8238b37fffba18f85a20714cc8e5ed3b402c235b41fc13ddbf23ee41		work/poke-jev/stage-b/replays-abyssal/pokejevaby7 - battle-gen9ouclock-773.html
B	15757	38fd100b0a80faa65168854ac915bea1e10840d718b69e96948c7bf9466d3693		work/poke-jev/stage-b/replays-abyssal/pokejevaby7 - battle-gen9ouclock-779.html
B	14811	240507baf2b682af178a207680578c3aefa9e372feac3ed5795bbf6b96721d08		work/poke-jev/stage-b/replays-abyssal/pokejevaby7 - battle-gen9ouclock-787.html
B	17656	9dba0d795570997254421d1d5e79a0fed1ac7134d97fade883cc02792bb4fa37		work/poke-jev/stage-b/replays-abyssal/pokejevaby7 - battle-gen9ouclock-794.html
B	19463	6e7fa1ba7d29e22908e367a45f1450decaa17c6b55a3234056562f764c1ef8de		work/poke-jev/stage-b/replays-abyssal/pokejevaby7 - battle-gen9ouclock-803.html
B	19552	f39c9ff1adc638ad5f8e8d0e274df9091a0108c4383df5c592bdc8f982e6faaf		work/poke-jev/stage-b/replays-abyssal/pokejevaby7 - battle-gen9ouclock-812.html
B	18345	5ab90c1c5d962b77aede7dc2c17e293f5d40416b758726cfbe606fc0bea91153		work/poke-jev/stage-b/replays-abyssal/pokejevaby7 - battle-gen9ouclock-820.html
B	15856	3581d0cfb682001527e9eb5145d4301d7a5d710c987c720858f41a7924891f2a		work/poke-jev/stage-b/replays-abyssal/pokejevaby7 - battle-gen9ouclock-828.html
B	18968	656cbd88e0779af9677759c2f05ed0e098f90e5d03f3ce53f506ec417d323508		work/poke-jev/stage-b/replays-abyssal/pokejevaby7 - battle-gen9ouclock-834.html
B	17477	91885c17bf05da2591f7e0f0e9c054a59b53a14e9b57e636665d26421850ce6b		work/poke-jev/stage-b/replays-abyssal/pokejevaby7 - battle-gen9ouclock-842.html
B	16896	e9909dfdf07f420dff8f206406573cecaa491ae8561f519f67ccbdbab3d82c60		work/poke-jev/stage-b/replays-abyssal/pokejevaby7 - battle-gen9ouclock-854.html
B	19151	4119e2e6d24d964be51e02e4d4267b7f3fd4695b43f5ebe197efface05cd1fc8		work/poke-jev/stage-b/replays-abyssal/pokejevaby7 - battle-gen9ouclock-862.html
B	26071	8ec77b0100105104a52056f59cbf32e4f6c442089746c480bc1a38d683042a84		work/poke-jev/stage-b/replays-abyssal/pokejevaby7 - battle-gen9ouclock-869.html
B	19301	9d81f1fa447e74dc87ba52cb50f932e8efb9626ea7aab8f03c32cfc0fe61d1fe		work/poke-jev/stage-b/replays-abyssal/pokejevaby7 - battle-gen9ouclock-880.html
B	16687	7ab76ad7f4fe651b75acc6240df2623954f8891fc0bf081cc8a3eaff0e9589a6		work/poke-jev/stage-b/replays-abyssal/pokejevaby7 - battle-gen9ouclock-889.html
B	14934	12e35184f7e3de986ceeb735719241688048d25f4c54457d7314ddee99ea97d8		work/poke-jev/stage-b/replays-abyssal/pokejevaby7 - battle-gen9ouclock-897.html
B	19049	fdb699e257bdfe60528091c9ad4b3dd83cdd0fae27c58e2b3bd2312e27b277da		work/poke-jev/stage-b/replays-abyssal/pokejevaby7 - battle-gen9ouclock-904.html
B	19892	da1c658e2b55730bb612fa3714711fd535432dc28481c29b5725069f2708aace		work/poke-jev/stage-b/replays-abyssal/pokejevaby7 - battle-gen9ouclock-908.html
B	16217	f4f807a41bffb1158a179438942fad3024d567294e3d1e3115d83eaf6cb38bd3		work/poke-jev/stage-b/replays-abyssal/pokejevaby7 - battle-gen9ouclock-913.html
B	15234	353797b57ced64c05d56497b51a19f2d638ac58a294851a82b76b8e65cf2d642		work/poke-jev/stage-b/replays-random/pokejevran0 - battle-gen9ouclock-508.html
B	15769	e3c2e6d77fbd5f035886b7b0304ca9775fe23fc63942804945cef8227bc6c3ec		work/poke-jev/stage-b/replays-random/pokejevran0 - battle-gen9ouclock-547.html
B	22797	619a1ac5598135271501614031585bcd933334e13420b580909495e178dfccdc		work/poke-jev/stage-b/replays-random/pokejevran0 - battle-gen9ouclock-597.html
B	13948	d184d907916268263fc8437acbdd260f37141b7e776cf282bde525c966a20a76		work/poke-jev/stage-b/replays-random/pokejevran0 - battle-gen9ouclock-668.html
B	17749	f1a7ae3df984a5142b007f8de9b4533de19882910e5f703579e1aef55fc8942f		work/poke-jev/stage-b/replays-random/pokejevran0 - battle-gen9ouclock-714.html
B	16817	2fd61fde79d994016a7581db0471a4b3949a0b711dd0642b981a05a34f06e4fb		work/poke-jev/stage-b/replays-random/pokejevran1 - battle-gen9ouclock-507.html
B	19190	68f1371ae57bd05811e7563dc45bf843b127f3da3cb13f341570ff81e8e7bd29		work/poke-jev/stage-b/replays-random/pokejevran1 - battle-gen9ouclock-558.html
B	15297	80f6241a48125287a875efce484ec715690e90ce2e38f60cb36cdc9cd9e255d0		work/poke-jev/stage-b/replays-random/pokejevran1 - battle-gen9ouclock-632.html
B	12810	c980aba6d28acb7e493c619863452820d598ce67cfff5ac890890f0bfd060299		work/poke-jev/stage-b/replays-random/pokejevran1 - battle-gen9ouclock-674.html
B	23381	a5777f34d7eab8f979305544041ccab79595aac0ac96b76c07260f4f1817d88b		work/poke-jev/stage-b/replays-random/pokejevran1 - battle-gen9ouclock-708.html
B	17118	e500557e4968b4a717f9431e69a5fc58a9f97ff00c8536d174287c57632cf279		work/poke-jev/stage-b/replays-random/pokejevran2 - battle-gen9ouclock-511.html
B	23117	52680fd223cdf060fb042a1284c754a352bf54b5385440c232f6fcfe1b1164cc		work/poke-jev/stage-b/replays-random/pokejevran2 - battle-gen9ouclock-565.html
B	16876	22f8417ac750c521d80331b506a1c60dc3219f375fbac92f4cd08eed33393907		work/poke-jev/stage-b/replays-random/pokejevran2 - battle-gen9ouclock-648.html
B	22471	bd3b644ea4c03ece89a12f9ce2da3fab2b27fc396a759a8160f39175c4d50c50		work/poke-jev/stage-b/replays-random/pokejevran2 - battle-gen9ouclock-700.html
B	14179	919b46668dc1d99fa46a915336fd83153a01c94f2d29061568c6fdd0478d01bc		work/poke-jev/stage-b/replays-random/pokejevran2 - battle-gen9ouclock-719.html
B	13182	a69c319debfcc434e2042e2f0210eefefb59c301a3981d23862bdb50d32e6358		work/poke-jev/stage-b/replays-random/pokejevran3 - battle-gen9ouclock-510.html
B	19423	49f2452abd8babcab81c1910b3ea255f315f8a831017d7aa8b247ac510a334f2		work/poke-jev/stage-b/replays-random/pokejevran3 - battle-gen9ouclock-544.html
B	18776	cb648770b4429f00dc588f5a2d40f01e72f1f23c528a13bbe932e93843329f6c		work/poke-jev/stage-b/replays-random/pokejevran3 - battle-gen9ouclock-616.html
B	16885	7f4f1f9b3cdef2d7f7bd7fad1a1759a842be0f6e382e49f88141f341eb4366a5		work/poke-jev/stage-b/replays-random/pokejevran3 - battle-gen9ouclock-685.html
B	21994	59821a43ff3f37207d5c7bcda35e23bd1a83752ea896e9f820bda6bde0337d84		work/poke-jev/stage-b/replays-random/pokejevran3 - battle-gen9ouclock-718.html
S	12369	7a622edfca702595be8ce8b77b19d821d1fd8ee0da80257100c8d791139d4236		work/score-2842340.py
S	3209	39427f1f84a081b5ac700cbf29d7bf18212640042ff8a0b2827cb0b6ba6410a6		work/skills-vein/callback-dogfood.txt
S	9687	32a6ee933e76c56186c63117f70c44441636c557e214a18fa298a404a3d8f9fe		work/tmp-rescue/canny-w70-t4.json
S	8929	267181e3616100085a8cd737784afa5850a57f78ec49fb228e88b350b3cebdf8		work/tmp-rescue/cm-w72-corpus.json
S	1090	6eba80ff6109499622c913a7fd333ec9c51e77ebd3614ac1ad6fbcb662c096f3		work/tmp-rescue/cm-w72-t8set.json
